2026-03-25 15:37:05,077:INFO: Loading Datasets...
2026-03-25 15:37:05,077:INFO: Video Dir: ./data/NUS_dataset/MyTest/original/videos
2026-03-25 15:37:05,077:INFO: Motion Dir: ./data/NUS_dataset/MyTest/original/motions/mesh
2026-03-25 15:37:05,077:INFO: Fetch Evaluate Dataloaders...
2026-03-25 15:37:05,077:INFO: Loading Pretrained Model From: ./pretrained/pretrained_model.pth.tar
2026-03-25 15:50:23,495:INFO: Loading Datasets...
2026-03-25 15:50:23,496:INFO: Video Dir: ./data/NUS_dataset/MyTest/original/videos
2026-03-25 15:50:23,496:INFO: Motion Dir: ./data/NUS_dataset/MyTest/original/motions/mesh
2026-03-25 15:50:23,496:INFO: Fetch Evaluate Dataloaders...
2026-03-25 15:50:23,507:WARNING: Dosya bulunamadı, atlanıyor: ./data/NUS_dataset/MyTest/original/motions/mesh/0.npy
2026-03-25 15:50:23,507:INFO: Total Length: 0
2026-03-25 15:50:23,507:INFO: Loading Pretrained Model From: ./pretrained/pretrained_model.pth.tar
2026-03-25 15:50:31,843:INFO: Starting Evaluation...
2026-03-25 15:50:31,843:INFO: Eval Video: 0
2026-03-25 15:51:59,223:INFO: Loading Datasets...
2026-03-25 15:51:59,224:INFO: Video Dir: ./data/NUS_dataset/MyTest/original/videos
2026-03-25 15:51:59,225:INFO: Motion Dir: ./data/NUS_dataset/MyTest/original/motions/mesh/test_video
2026-03-25 15:51:59,225:INFO: Fetch Evaluate Dataloaders...
2026-03-25 15:51:59,235:INFO: Loading Deep MeshFlows: ./data/NUS_dataset/MyTest/original/motions/mesh/test_video/0.npy
2026-03-25 15:58:44,092:INFO: Loading Datasets...
2026-03-25 15:58:44,092:INFO: Video Dir: ./data/NUS_dataset/MyTest/original/videos
2026-03-25 15:58:44,092:INFO: Motion Dir: ./data/NUS_dataset/MyTest/original/motions/mesh/test_video
2026-03-25 15:58:44,092:INFO: Fetch Evaluate Dataloaders...
2026-03-25 15:58:44,093:INFO: Loading Deep MeshFlows: ./data/NUS_dataset/MyTest/original/motions/mesh/test_video/0.npy
2026-03-25 15:58:44,096:INFO: Total Length: -28
2026-03-25 15:58:44,096:INFO: Loading Pretrained Model From: ./pretrained/pretrained_model.pth.tar
2026-03-25 15:58:52,494:INFO: Starting Evaluation...
2026-03-25 15:58:52,494:INFO: Eval Video: 0
2026-03-25 16:04:18,735:INFO: Loading Datasets...
2026-03-25 16:04:18,736:INFO: Video Dir: ./data/NUS_dataset/MyTest/original/videos
2026-03-25 16:04:18,736:INFO: Motion Dir: ./data/NUS_dataset/MyTest/original/motions/mesh/test_video
2026-03-25 16:04:18,736:INFO: Fetch Evaluate Dataloaders...
2026-03-25 16:04:18,747:INFO: Loading Deep MeshFlows: ./data/NUS_dataset/MyTest/original/motions/mesh/test_video/0.npy
2026-03-25 16:04:18,750:INFO: Total Length: -28
2026-03-25 16:04:18,751:INFO: Loading Deep MeshFlows: ./data/NUS_dataset/MyTest/original/motions/mesh/test_video/1.npy
2026-03-25 16:04:18,751:INFO: Total Length: -28
2026-03-25 16:04:18,751:INFO: Loading Deep MeshFlows: ./data/NUS_dataset/MyTest/original/motions/mesh/test_video/2.npy
2026-03-25 16:04:18,752:INFO: Total Length: -28
2026-03-25 16:04:18,752:INFO: Loading Deep MeshFlows: ./data/NUS_dataset/MyTest/original/motions/mesh/test_video/3.npy
2026-03-25 16:04:18,753:INFO: Total Length: -28
2026-03-25 16:04:18,753:INFO: Loading Deep MeshFlows: ./data/NUS_dataset/MyTest/original/motions/mesh/test_video/4.npy
2026-03-25 16:04:18,753:INFO: Total Length: -28
2026-03-25 16:04:18,753:INFO: Loading Deep MeshFlows: ./data/NUS_dataset/MyTest/original/motions/mesh/test_video/5.npy
2026-03-25 16:04:18,754:INFO: Total Length: -28
2026-03-25 16:04:18,754:INFO: Loading Deep MeshFlows: ./data/NUS_dataset/MyTest/original/motions/mesh/test_video/6.npy
2026-03-25 16:04:18,755:INFO: Total Length: -28
2026-03-25 16:04:18,755:INFO: Loading Deep MeshFlows: ./data/NUS_dataset/MyTest/original/motions/mesh/test_video/7.npy
2026-03-25 16:04:18,756:INFO: Total Length: -28
2026-03-25 16:04:18,756:INFO: Loading Deep MeshFlows: ./data/NUS_dataset/MyTest/original/motions/mesh/test_video/8.npy
2026-03-25 16:04:18,756:INFO: Total Length: -28
2026-03-25 16:04:18,757:INFO: Loading Deep MeshFlows: ./data/NUS_dataset/MyTest/original/motions/mesh/test_video/9.npy
2026-03-25 16:04:18,757:INFO: Total Length: -28
2026-03-25 16:04:18,757:INFO: Loading Deep MeshFlows: ./data/NUS_dataset/MyTest/original/motions/mesh/test_video/10.npy
2026-03-25 16:04:18,758:INFO: Total Length: -28
2026-03-25 16:04:18,758:INFO: Loading Deep MeshFlows: ./data/NUS_dataset/MyTest/original/motions/mesh/test_video/11.npy
2026-03-25 16:04:18,758:INFO: Total Length: -28
2026-03-25 16:04:18,758:INFO: Loading Deep MeshFlows: ./data/NUS_dataset/MyTest/original/motions/mesh/test_video/12.npy
2026-03-25 16:04:18,759:INFO: Total Length: -28
2026-03-25 16:04:18,759:INFO: Loading Deep MeshFlows: ./data/NUS_dataset/MyTest/original/motions/mesh/test_video/13.npy
2026-03-25 16:04:18,759:INFO: Total Length: -28
2026-03-25 16:04:18,760:INFO: Loading Deep MeshFlows: ./data/NUS_dataset/MyTest/original/motions/mesh/test_video/14.npy
2026-03-25 16:04:18,760:INFO: Total Length: -28
2026-03-25 16:04:18,760:INFO: Loading Deep MeshFlows: ./data/NUS_dataset/MyTest/original/motions/mesh/test_video/15.npy
2026-03-25 16:04:18,761:INFO: Total Length: -28
2026-03-25 16:04:18,761:INFO: Loading Deep MeshFlows: ./data/NUS_dataset/MyTest/original/motions/mesh/test_video/16.npy
2026-03-25 16:04:18,761:INFO: Total Length: -28
2026-03-25 16:04:18,761:INFO: Loading Deep MeshFlows: ./data/NUS_dataset/MyTest/original/motions/mesh/test_video/17.npy
2026-03-25 16:04:18,762:INFO: Total Length: -28
2026-03-25 16:04:18,762:INFO: Loading Deep MeshFlows: ./data/NUS_dataset/MyTest/original/motions/mesh/test_video/18.npy
2026-03-25 16:04:18,762:INFO: Total Length: -28
2026-03-25 16:04:18,763:INFO: Loading Deep MeshFlows: ./data/NUS_dataset/MyTest/original/motions/mesh/test_video/19.npy
2026-03-25 16:04:18,763:INFO: Total Length: -28
2026-03-25 16:04:18,763:INFO: Loading Deep MeshFlows: ./data/NUS_dataset/MyTest/original/motions/mesh/test_video/20.npy
2026-03-25 16:04:18,763:INFO: Total Length: -28
2026-03-25 16:04:18,764:INFO: Loading Deep MeshFlows: ./data/NUS_dataset/MyTest/original/motions/mesh/test_video/21.npy
2026-03-25 16:04:18,764:INFO: Total Length: -28
2026-03-25 16:04:18,764:INFO: Loading Deep MeshFlows: ./data/NUS_dataset/MyTest/original/motions/mesh/test_video/22.npy
2026-03-25 16:04:18,765:INFO: Total Length: -28
2026-03-25 16:04:18,765:INFO: Loading Deep MeshFlows: ./data/NUS_dataset/MyTest/original/motions/mesh/test_video/23.npy
2026-03-25 16:04:18,765:INFO: Total Length: -28
2026-03-25 16:04:18,765:INFO: Loading Deep MeshFlows: ./data/NUS_dataset/MyTest/original/motions/mesh/test_video/24.npy
2026-03-25 16:04:18,766:INFO: Total Length: -28
2026-03-25 16:04:18,766:INFO: Loading Deep MeshFlows: ./data/NUS_dataset/MyTest/original/motions/mesh/test_video/25.npy
2026-03-25 16:04:18,766:INFO: Total Length: -28
2026-03-25 16:04:18,766:INFO: Loading Deep MeshFlows: ./data/NUS_dataset/MyTest/original/motions/mesh/test_video/26.npy
2026-03-25 16:04:18,767:INFO: Total Length: -28
2026-03-25 16:04:18,767:INFO: Loading Deep MeshFlows: ./data/NUS_dataset/MyTest/original/motions/mesh/test_video/27.npy
2026-03-25 16:04:18,767:INFO: Total Length: -28
2026-03-25 16:04:18,768:INFO: Loading Deep MeshFlows: ./data/NUS_dataset/MyTest/original/motions/mesh/test_video/28.npy
2026-03-25 16:04:18,768:INFO: Total Length: -28
2026-03-25 16:04:18,768:INFO: Loading Deep MeshFlows: ./data/NUS_dataset/MyTest/original/motions/mesh/test_video/29.npy
2026-03-25 16:04:18,768:INFO: Total Length: -28
2026-03-25 16:04:18,769:INFO: Loading Deep MeshFlows: ./data/NUS_dataset/MyTest/original/motions/mesh/test_video/30.npy
2026-03-25 16:04:18,769:INFO: Total Length: -28
2026-03-25 16:04:18,769:INFO: Loading Deep MeshFlows: ./data/NUS_dataset/MyTest/original/motions/mesh/test_video/31.npy
2026-03-25 16:04:18,769:INFO: Total Length: -28
2026-03-25 16:04:18,770:INFO: Loading Deep MeshFlows: ./data/NUS_dataset/MyTest/original/motions/mesh/test_video/32.npy
2026-03-25 16:04:18,770:INFO: Total Length: -28
2026-03-25 16:04:18,770:INFO: Loading Deep MeshFlows: ./data/NUS_dataset/MyTest/original/motions/mesh/test_video/33.npy
2026-03-25 16:04:18,771:INFO: Total Length: -28
2026-03-25 16:04:18,771:INFO: Loading Deep MeshFlows: ./data/NUS_dataset/MyTest/original/motions/mesh/test_video/34.npy
2026-03-25 16:04:18,771:INFO: Total Length: -28
2026-03-25 16:04:18,771:INFO: Loading Deep MeshFlows: ./data/NUS_dataset/MyTest/original/motions/mesh/test_video/35.npy
2026-03-25 16:04:18,772:INFO: Total Length: -28
2026-03-25 16:04:18,772:INFO: Loading Deep MeshFlows: ./data/NUS_dataset/MyTest/original/motions/mesh/test_video/36.npy
2026-03-25 16:04:18,772:INFO: Total Length: -28
2026-03-25 16:04:18,773:INFO: Loading Deep MeshFlows: ./data/NUS_dataset/MyTest/original/motions/mesh/test_video/37.npy
2026-03-25 16:04:18,773:INFO: Total Length: -28
2026-03-25 16:04:18,773:INFO: Loading Deep MeshFlows: ./data/NUS_dataset/MyTest/original/motions/mesh/test_video/38.npy
2026-03-25 16:04:18,773:INFO: Total Length: -28
2026-03-25 16:04:18,774:INFO: Loading Deep MeshFlows: ./data/NUS_dataset/MyTest/original/motions/mesh/test_video/39.npy
2026-03-25 16:04:18,774:INFO: Total Length: -28
2026-03-25 16:04:18,774:INFO: Loading Deep MeshFlows: ./data/NUS_dataset/MyTest/original/motions/mesh/test_video/40.npy
2026-03-25 16:04:18,775:INFO: Total Length: -28
2026-03-25 16:04:18,775:INFO: Loading Deep MeshFlows: ./data/NUS_dataset/MyTest/original/motions/mesh/test_video/41.npy
2026-03-25 16:04:18,775:INFO: Total Length: -28
2026-03-25 16:04:18,775:INFO: Loading Deep MeshFlows: ./data/NUS_dataset/MyTest/original/motions/mesh/test_video/42.npy
2026-03-25 16:04:18,776:INFO: Total Length: -28
2026-03-25 16:04:18,776:INFO: Loading Deep MeshFlows: ./data/NUS_dataset/MyTest/original/motions/mesh/test_video/43.npy
2026-03-25 16:04:18,776:INFO: Total Length: -28
2026-03-25 16:04:18,777:INFO: Loading Deep MeshFlows: ./data/NUS_dataset/MyTest/original/motions/mesh/test_video/44.npy
2026-03-25 16:04:18,777:INFO: Total Length: -28
2026-03-25 16:04:18,777:INFO: Loading Deep MeshFlows: ./data/NUS_dataset/MyTest/original/motions/mesh/test_video/45.npy
2026-03-25 16:04:18,778:INFO: Total Length: -28
2026-03-25 16:04:18,778:INFO: Loading Deep MeshFlows: ./data/NUS_dataset/MyTest/original/motions/mesh/test_video/46.npy
2026-03-25 16:04:18,778:INFO: Total Length: -28
2026-03-25 16:04:18,778:INFO: Loading Deep MeshFlows: ./data/NUS_dataset/MyTest/original/motions/mesh/test_video/47.npy
2026-03-25 16:04:18,779:INFO: Total Length: -28
2026-03-25 16:04:18,779:INFO: Loading Deep MeshFlows: ./data/NUS_dataset/MyTest/original/motions/mesh/test_video/48.npy
2026-03-25 16:04:18,779:INFO: Total Length: -28
2026-03-25 16:04:18,779:INFO: Loading Deep MeshFlows: ./data/NUS_dataset/MyTest/original/motions/mesh/test_video/49.npy
2026-03-25 16:04:18,780:INFO: Total Length: -28
2026-03-25 16:04:18,780:INFO: Loading Deep MeshFlows: ./data/NUS_dataset/MyTest/original/motions/mesh/test_video/50.npy
2026-03-25 16:04:18,780:INFO: Total Length: -28
2026-03-25 16:04:18,780:INFO: Loading Deep MeshFlows: ./data/NUS_dataset/MyTest/original/motions/mesh/test_video/51.npy
2026-03-25 16:04:18,781:INFO: Total Length: -28
2026-03-25 16:04:18,781:INFO: Loading Deep MeshFlows: ./data/NUS_dataset/MyTest/original/motions/mesh/test_video/52.npy
2026-03-25 16:04:18,781:INFO: Total Length: -28
2026-03-25 16:04:18,782:INFO: Loading Deep MeshFlows: ./data/NUS_dataset/MyTest/original/motions/mesh/test_video/53.npy
2026-03-25 16:04:18,782:INFO: Total Length: -28
2026-03-25 16:04:18,782:INFO: Loading Deep MeshFlows: ./data/NUS_dataset/MyTest/original/motions/mesh/test_video/54.npy
2026-03-25 16:04:18,782:INFO: Total Length: -28
2026-03-25 16:04:18,783:INFO: Loading Deep MeshFlows: ./data/NUS_dataset/MyTest/original/motions/mesh/test_video/55.npy
2026-03-25 16:04:18,783:INFO: Total Length: -28
2026-03-25 16:04:18,783:INFO: Loading Deep MeshFlows: ./data/NUS_dataset/MyTest/original/motions/mesh/test_video/56.npy
2026-03-25 16:04:18,784:INFO: Total Length: -28
2026-03-25 16:04:18,784:INFO: Loading Deep MeshFlows: ./data/NUS_dataset/MyTest/original/motions/mesh/test_video/57.npy
2026-03-25 16:04:18,784:INFO: Total Length: -28
2026-03-25 16:04:18,784:INFO: Loading Deep MeshFlows: ./data/NUS_dataset/MyTest/original/motions/mesh/test_video/58.npy
2026-03-25 16:04:18,785:INFO: Total Length: -28
2026-03-25 16:04:18,785:INFO: Loading Deep MeshFlows: ./data/NUS_dataset/MyTest/original/motions/mesh/test_video/59.npy
2026-03-25 16:04:18,785:INFO: Total Length: -28
2026-03-25 16:04:18,785:INFO: Loading Deep MeshFlows: ./data/NUS_dataset/MyTest/original/motions/mesh/test_video/60.npy
2026-03-25 16:04:18,786:INFO: Total Length: -28
2026-03-25 16:04:18,786:INFO: Loading Deep MeshFlows: ./data/NUS_dataset/MyTest/original/motions/mesh/test_video/61.npy
2026-03-25 16:04:18,786:INFO: Total Length: -28
2026-03-25 16:04:18,786:INFO: Loading Deep MeshFlows: ./data/NUS_dataset/MyTest/original/motions/mesh/test_video/62.npy
2026-03-25 16:04:18,787:INFO: Total Length: -28
2026-03-25 16:04:18,787:INFO: Loading Deep MeshFlows: ./data/NUS_dataset/MyTest/original/motions/mesh/test_video/63.npy
2026-03-25 16:04:18,787:INFO: Total Length: -28
2026-03-25 16:04:18,788:INFO: Loading Deep MeshFlows: ./data/NUS_dataset/MyTest/original/motions/mesh/test_video/64.npy
2026-03-25 16:04:18,788:INFO: Total Length: -28
2026-03-25 16:04:18,788:INFO: Loading Deep MeshFlows: ./data/NUS_dataset/MyTest/original/motions/mesh/test_video/65.npy
2026-03-25 16:04:18,789:INFO: Total Length: -28
2026-03-25 16:04:18,789:INFO: Loading Deep MeshFlows: ./data/NUS_dataset/MyTest/original/motions/mesh/test_video/66.npy
2026-03-25 16:04:18,789:INFO: Total Length: -28
2026-03-25 16:04:18,790:INFO: Loading Deep MeshFlows: ./data/NUS_dataset/MyTest/original/motions/mesh/test_video/67.npy
2026-03-25 16:04:18,790:INFO: Total Length: -28
2026-03-25 16:04:18,790:INFO: Loading Deep MeshFlows: ./data/NUS_dataset/MyTest/original/motions/mesh/test_video/68.npy
2026-03-25 16:04:18,791:INFO: Total Length: -28
2026-03-25 16:04:18,791:INFO: Loading Deep MeshFlows: ./data/NUS_dataset/MyTest/original/motions/mesh/test_video/69.npy
2026-03-25 16:04:18,791:INFO: Total Length: -28
2026-03-25 16:04:18,791:INFO: Loading Deep MeshFlows: ./data/NUS_dataset/MyTest/original/motions/mesh/test_video/70.npy
2026-03-25 16:04:18,792:INFO: Total Length: -28
2026-03-25 16:04:18,792:INFO: Loading Deep MeshFlows: ./data/NUS_dataset/MyTest/original/motions/mesh/test_video/71.npy
2026-03-25 16:04:18,792:INFO: Total Length: -28
2026-03-25 16:04:18,792:INFO: Loading Deep MeshFlows: ./data/NUS_dataset/MyTest/original/motions/mesh/test_video/72.npy
2026-03-25 16:04:18,793:INFO: Total Length: -28
2026-03-25 16:04:18,793:INFO: Loading Deep MeshFlows: ./data/NUS_dataset/MyTest/original/motions/mesh/test_video/73.npy
2026-03-25 16:04:18,793:INFO: Total Length: -28
2026-03-25 16:04:18,793:INFO: Loading Deep MeshFlows: ./data/NUS_dataset/MyTest/original/motions/mesh/test_video/74.npy
2026-03-25 16:04:18,794:INFO: Total Length: -28
2026-03-25 16:04:18,794:INFO: Loading Deep MeshFlows: ./data/NUS_dataset/MyTest/original/motions/mesh/test_video/75.npy
2026-03-25 16:04:18,794:INFO: Total Length: -28
2026-03-25 16:04:18,794:INFO: Loading Deep MeshFlows: ./data/NUS_dataset/MyTest/original/motions/mesh/test_video/76.npy
2026-03-25 16:04:18,795:INFO: Total Length: -28
2026-03-25 16:04:18,795:INFO: Loading Deep MeshFlows: ./data/NUS_dataset/MyTest/original/motions/mesh/test_video/77.npy
2026-03-25 16:04:18,795:INFO: Total Length: -28
2026-03-25 16:04:18,796:INFO: Loading Deep MeshFlows: ./data/NUS_dataset/MyTest/original/motions/mesh/test_video/78.npy
2026-03-25 16:04:18,796:INFO: Total Length: -28
2026-03-25 16:04:18,796:INFO: Loading Deep MeshFlows: ./data/NUS_dataset/MyTest/original/motions/mesh/test_video/79.npy
2026-03-25 16:04:18,797:INFO: Total Length: -28
2026-03-25 16:04:18,797:INFO: Loading Deep MeshFlows: ./data/NUS_dataset/MyTest/original/motions/mesh/test_video/80.npy
2026-03-25 16:04:18,797:INFO: Total Length: -28
2026-03-25 16:04:18,797:INFO: Loading Deep MeshFlows: ./data/NUS_dataset/MyTest/original/motions/mesh/test_video/81.npy
2026-03-25 16:04:18,798:INFO: Total Length: -28
2026-03-25 16:04:18,798:INFO: Loading Deep MeshFlows: ./data/NUS_dataset/MyTest/original/motions/mesh/test_video/82.npy
2026-03-25 16:04:18,798:INFO: Total Length: -28
2026-03-25 16:04:18,798:INFO: Loading Deep MeshFlows: ./data/NUS_dataset/MyTest/original/motions/mesh/test_video/83.npy
2026-03-25 16:04:18,799:INFO: Total Length: -28
2026-03-25 16:04:18,799:INFO: Loading Deep MeshFlows: ./data/NUS_dataset/MyTest/original/motions/mesh/test_video/84.npy
2026-03-25 16:04:18,799:INFO: Total Length: -28
2026-03-25 16:04:18,799:INFO: Loading Deep MeshFlows: ./data/NUS_dataset/MyTest/original/motions/mesh/test_video/85.npy
2026-03-25 16:04:18,800:INFO: Total Length: -28
2026-03-25 16:04:18,800:INFO: Loading Deep MeshFlows: ./data/NUS_dataset/MyTest/original/motions/mesh/test_video/86.npy
2026-03-25 16:04:18,800:INFO: Total Length: -28
2026-03-25 16:04:18,801:INFO: Loading Deep MeshFlows: ./data/NUS_dataset/MyTest/original/motions/mesh/test_video/87.npy
2026-03-25 16:04:18,801:INFO: Total Length: -28
2026-03-25 16:04:18,802:INFO: Loading Deep MeshFlows: ./data/NUS_dataset/MyTest/original/motions/mesh/test_video/88.npy
2026-03-25 16:04:18,802:INFO: Total Length: -28
2026-03-25 16:04:18,802:INFO: Loading Deep MeshFlows: ./data/NUS_dataset/MyTest/original/motions/mesh/test_video/89.npy
2026-03-25 16:04:18,803:INFO: Total Length: -28
2026-03-25 16:04:18,803:INFO: Loading Deep MeshFlows: ./data/NUS_dataset/MyTest/original/motions/mesh/test_video/90.npy
2026-03-25 16:04:18,803:INFO: Total Length: -28
2026-03-25 16:04:18,804:INFO: Loading Deep MeshFlows: ./data/NUS_dataset/MyTest/original/motions/mesh/test_video/91.npy
2026-03-25 16:04:18,804:INFO: Total Length: -28
2026-03-25 16:04:18,804:INFO: Loading Deep MeshFlows: ./data/NUS_dataset/MyTest/original/motions/mesh/test_video/92.npy
2026-03-25 16:04:18,805:INFO: Total Length: -28
2026-03-25 16:04:18,805:INFO: Loading Deep MeshFlows: ./data/NUS_dataset/MyTest/original/motions/mesh/test_video/93.npy
2026-03-25 16:04:18,805:INFO: Total Length: -28
2026-03-25 16:04:18,805:INFO: Loading Deep MeshFlows: ./data/NUS_dataset/MyTest/original/motions/mesh/test_video/94.npy
2026-03-25 16:04:18,806:INFO: Total Length: -28
2026-03-25 16:04:18,806:INFO: Loading Deep MeshFlows: ./data/NUS_dataset/MyTest/original/motions/mesh/test_video/95.npy
2026-03-25 16:04:18,807:INFO: Total Length: -28
2026-03-25 16:04:18,807:INFO: Loading Deep MeshFlows: ./data/NUS_dataset/MyTest/original/motions/mesh/test_video/96.npy
2026-03-25 16:04:18,807:INFO: Total Length: -28
2026-03-25 16:04:18,808:INFO: Loading Deep MeshFlows: ./data/NUS_dataset/MyTest/original/motions/mesh/test_video/97.npy
2026-03-25 16:04:18,808:INFO: Total Length: -28
2026-03-25 16:04:18,808:INFO: Loading Deep MeshFlows: ./data/NUS_dataset/MyTest/original/motions/mesh/test_video/98.npy
2026-03-25 16:04:18,808:INFO: Total Length: -28
2026-03-25 16:04:18,809:INFO: Loading Deep MeshFlows: ./data/NUS_dataset/MyTest/original/motions/mesh/test_video/99.npy
2026-03-25 16:04:18,809:INFO: Total Length: -28
2026-03-25 16:04:18,809:INFO: Loading Deep MeshFlows: ./data/NUS_dataset/MyTest/original/motions/mesh/test_video/100.npy
2026-03-25 16:04:18,810:INFO: Total Length: -28
2026-03-25 16:04:18,810:INFO: Loading Deep MeshFlows: ./data/NUS_dataset/MyTest/original/motions/mesh/test_video/101.npy
2026-03-25 16:04:18,811:INFO: Total Length: -28
2026-03-25 16:04:18,811:INFO: Loading Deep MeshFlows: ./data/NUS_dataset/MyTest/original/motions/mesh/test_video/102.npy
2026-03-25 16:04:18,811:INFO: Total Length: -28
2026-03-25 16:04:18,811:INFO: Loading Deep MeshFlows: ./data/NUS_dataset/MyTest/original/motions/mesh/test_video/103.npy
2026-03-25 16:04:18,812:INFO: Total Length: -28
2026-03-25 16:04:18,812:INFO: Loading Deep MeshFlows: ./data/NUS_dataset/MyTest/original/motions/mesh/test_video/104.npy
2026-03-25 16:04:18,813:INFO: Total Length: -28
2026-03-25 16:04:18,813:INFO: Loading Deep MeshFlows: ./data/NUS_dataset/MyTest/original/motions/mesh/test_video/105.npy
2026-03-25 16:04:18,813:INFO: Total Length: -28
2026-03-25 16:04:18,813:INFO: Loading Deep MeshFlows: ./data/NUS_dataset/MyTest/original/motions/mesh/test_video/106.npy
2026-03-25 16:04:18,814:INFO: Total Length: -28
2026-03-25 16:04:18,814:INFO: Loading Deep MeshFlows: ./data/NUS_dataset/MyTest/original/motions/mesh/test_video/107.npy
2026-03-25 16:04:18,814:INFO: Total Length: -28
2026-03-25 16:04:18,815:INFO: Loading Deep MeshFlows: ./data/NUS_dataset/MyTest/original/motions/mesh/test_video/108.npy
2026-03-25 16:04:18,815:INFO: Total Length: -28
2026-03-25 16:04:18,815:INFO: Loading Deep MeshFlows: ./data/NUS_dataset/MyTest/original/motions/mesh/test_video/109.npy
2026-03-25 16:04:18,816:INFO: Total Length: -28
2026-03-25 16:04:18,816:INFO: Loading Deep MeshFlows: ./data/NUS_dataset/MyTest/original/motions/mesh/test_video/110.npy
2026-03-25 16:04:18,816:INFO: Total Length: -28
2026-03-25 16:04:18,817:INFO: Loading Deep MeshFlows: ./data/NUS_dataset/MyTest/original/motions/mesh/test_video/111.npy
2026-03-25 16:04:18,817:INFO: Total Length: -28
2026-03-25 16:04:18,817:INFO: Loading Deep MeshFlows: ./data/NUS_dataset/MyTest/original/motions/mesh/test_video/112.npy
2026-03-25 16:04:18,818:INFO: Total Length: -28
2026-03-25 16:04:18,818:INFO: Loading Deep MeshFlows: ./data/NUS_dataset/MyTest/original/motions/mesh/test_video/113.npy
2026-03-25 16:04:18,818:INFO: Total Length: -28
2026-03-25 16:04:18,818:INFO: Loading Deep MeshFlows: ./data/NUS_dataset/MyTest/original/motions/mesh/test_video/114.npy
2026-03-25 16:04:18,819:INFO: Total Length: -28
2026-03-25 16:04:18,819:INFO: Loading Deep MeshFlows: ./data/NUS_dataset/MyTest/original/motions/mesh/test_video/115.npy
2026-03-25 16:04:18,819:INFO: Total Length: -28
2026-03-25 16:04:18,819:INFO: Loading Deep MeshFlows: ./data/NUS_dataset/MyTest/original/motions/mesh/test_video/116.npy
2026-03-25 16:04:18,820:INFO: Total Length: -28
2026-03-25 16:04:18,820:INFO: Loading Deep MeshFlows: ./data/NUS_dataset/MyTest/original/motions/mesh/test_video/117.npy
2026-03-25 16:04:18,821:INFO: Total Length: -28
2026-03-25 16:04:18,821:INFO: Loading Deep MeshFlows: ./data/NUS_dataset/MyTest/original/motions/mesh/test_video/118.npy
2026-03-25 16:04:18,821:INFO: Total Length: -28
2026-03-25 16:04:18,822:INFO: Loading Deep MeshFlows: ./data/NUS_dataset/MyTest/original/motions/mesh/test_video/119.npy
2026-03-25 16:04:18,822:INFO: Total Length: -28
2026-03-25 16:04:18,822:INFO: Loading Deep MeshFlows: ./data/NUS_dataset/MyTest/original/motions/mesh/test_video/120.npy
2026-03-25 16:04:18,823:INFO: Total Length: -28
2026-03-25 16:04:18,823:INFO: Loading Deep MeshFlows: ./data/NUS_dataset/MyTest/original/motions/mesh/test_video/121.npy
2026-03-25 16:04:18,823:INFO: Total Length: -28
2026-03-25 16:04:18,823:INFO: Loading Deep MeshFlows: ./data/NUS_dataset/MyTest/original/motions/mesh/test_video/122.npy
2026-03-25 16:04:18,824:INFO: Total Length: -28
2026-03-25 16:04:18,824:INFO: Loading Deep MeshFlows: ./data/NUS_dataset/MyTest/original/motions/mesh/test_video/123.npy
2026-03-25 16:04:18,824:INFO: Total Length: -28
2026-03-25 16:04:18,825:INFO: Loading Deep MeshFlows: ./data/NUS_dataset/MyTest/original/motions/mesh/test_video/124.npy
2026-03-25 16:04:18,825:INFO: Total Length: -28
2026-03-25 16:04:18,825:INFO: Loading Deep MeshFlows: ./data/NUS_dataset/MyTest/original/motions/mesh/test_video/125.npy
2026-03-25 16:04:18,826:INFO: Total Length: -28
2026-03-25 16:04:18,826:INFO: Loading Deep MeshFlows: ./data/NUS_dataset/MyTest/original/motions/mesh/test_video/126.npy
2026-03-25 16:04:18,826:INFO: Total Length: -28
2026-03-25 16:04:18,826:INFO: Loading Deep MeshFlows: ./data/NUS_dataset/MyTest/original/motions/mesh/test_video/127.npy
2026-03-25 16:04:18,827:INFO: Total Length: -28
2026-03-25 16:04:18,827:INFO: Loading Deep MeshFlows: ./data/NUS_dataset/MyTest/original/motions/mesh/test_video/128.npy
2026-03-25 16:04:18,828:INFO: Total Length: -28
2026-03-25 16:04:18,828:INFO: Loading Deep MeshFlows: ./data/NUS_dataset/MyTest/original/motions/mesh/test_video/129.npy
2026-03-25 16:04:18,828:INFO: Total Length: -28
2026-03-25 16:04:18,828:INFO: Loading Deep MeshFlows: ./data/NUS_dataset/MyTest/original/motions/mesh/test_video/130.npy
2026-03-25 16:04:18,829:INFO: Total Length: -28
2026-03-25 16:04:18,829:INFO: Loading Deep MeshFlows: ./data/NUS_dataset/MyTest/original/motions/mesh/test_video/131.npy
2026-03-25 16:04:18,829:INFO: Total Length: -28
2026-03-25 16:04:18,830:INFO: Loading Deep MeshFlows: ./data/NUS_dataset/MyTest/original/motions/mesh/test_video/132.npy
2026-03-25 16:04:18,830:INFO: Total Length: -28
2026-03-25 16:04:18,830:INFO: Loading Deep MeshFlows: ./data/NUS_dataset/MyTest/original/motions/mesh/test_video/133.npy
2026-03-25 16:04:18,831:INFO: Total Length: -28
2026-03-25 16:04:18,831:INFO: Loading Deep MeshFlows: ./data/NUS_dataset/MyTest/original/motions/mesh/test_video/134.npy
2026-03-25 16:04:18,831:INFO: Total Length: -28
2026-03-25 16:04:18,832:INFO: Loading Deep MeshFlows: ./data/NUS_dataset/MyTest/original/motions/mesh/test_video/135.npy
2026-03-25 16:04:18,832:INFO: Total Length: -28
2026-03-25 16:04:18,832:INFO: Loading Deep MeshFlows: ./data/NUS_dataset/MyTest/original/motions/mesh/test_video/136.npy
2026-03-25 16:04:18,833:INFO: Total Length: -28
2026-03-25 16:04:18,833:INFO: Loading Deep MeshFlows: ./data/NUS_dataset/MyTest/original/motions/mesh/test_video/137.npy
2026-03-25 16:04:18,833:INFO: Total Length: -28
2026-03-25 16:04:18,833:INFO: Loading Deep MeshFlows: ./data/NUS_dataset/MyTest/original/motions/mesh/test_video/138.npy
2026-03-25 16:04:18,834:INFO: Total Length: -28
2026-03-25 16:04:18,834:INFO: Loading Deep MeshFlows: ./data/NUS_dataset/MyTest/original/motions/mesh/test_video/139.npy
2026-03-25 16:04:18,834:INFO: Total Length: -28
2026-03-25 16:04:18,834:INFO: Loading Deep MeshFlows: ./data/NUS_dataset/MyTest/original/motions/mesh/test_video/140.npy
2026-03-25 16:04:18,835:INFO: Total Length: -28
2026-03-25 16:04:18,835:INFO: Loading Deep MeshFlows: ./data/NUS_dataset/MyTest/original/motions/mesh/test_video/141.npy
2026-03-25 16:04:18,835:INFO: Total Length: -28
2026-03-25 16:04:18,836:INFO: Loading Deep MeshFlows: ./data/NUS_dataset/MyTest/original/motions/mesh/test_video/142.npy
2026-03-25 16:04:18,836:INFO: Total Length: -28
2026-03-25 16:04:18,836:INFO: Loading Deep MeshFlows: ./data/NUS_dataset/MyTest/original/motions/mesh/test_video/143.npy
2026-03-25 16:04:18,836:INFO: Total Length: -28
2026-03-25 16:04:18,837:INFO: Loading Deep MeshFlows: ./data/NUS_dataset/MyTest/original/motions/mesh/test_video/144.npy
2026-03-25 16:04:18,837:INFO: Total Length: -28
2026-03-25 16:04:18,837:INFO: Loading Deep MeshFlows: ./data/NUS_dataset/MyTest/original/motions/mesh/test_video/145.npy
2026-03-25 16:04:18,838:INFO: Total Length: -28
2026-03-25 16:04:18,838:INFO: Loading Deep MeshFlows: ./data/NUS_dataset/MyTest/original/motions/mesh/test_video/146.npy
2026-03-25 16:04:18,838:INFO: Total Length: -28
2026-03-25 16:04:18,839:INFO: Loading Deep MeshFlows: ./data/NUS_dataset/MyTest/original/motions/mesh/test_video/147.npy
2026-03-25 16:04:18,839:INFO: Total Length: -28
2026-03-25 16:04:18,839:INFO: Loading Deep MeshFlows: ./data/NUS_dataset/MyTest/original/motions/mesh/test_video/148.npy
2026-03-25 16:04:18,840:INFO: Total Length: -28
2026-03-25 16:04:18,840:INFO: Loading Deep MeshFlows: ./data/NUS_dataset/MyTest/original/motions/mesh/test_video/149.npy
2026-03-25 16:04:18,840:INFO: Total Length: -28
2026-03-25 16:04:18,840:INFO: Loading Deep MeshFlows: ./data/NUS_dataset/MyTest/original/motions/mesh/test_video/150.npy
2026-03-25 16:04:18,841:INFO: Total Length: -28
2026-03-25 16:04:18,841:INFO: Loading Deep MeshFlows: ./data/NUS_dataset/MyTest/original/motions/mesh/test_video/151.npy
2026-03-25 16:04:18,841:INFO: Total Length: -28
2026-03-25 16:04:18,842:INFO: Loading Deep MeshFlows: ./data/NUS_dataset/MyTest/original/motions/mesh/test_video/152.npy
2026-03-25 16:04:18,842:INFO: Total Length: -28
2026-03-25 16:04:18,842:INFO: Loading Deep MeshFlows: ./data/NUS_dataset/MyTest/original/motions/mesh/test_video/153.npy
2026-03-25 16:04:18,843:INFO: Total Length: -28
2026-03-25 16:04:18,843:INFO: Loading Deep MeshFlows: ./data/NUS_dataset/MyTest/original/motions/mesh/test_video/154.npy
2026-03-25 16:04:18,843:INFO: Total Length: -28
2026-03-25 16:04:18,843:INFO: Loading Deep MeshFlows: ./data/NUS_dataset/MyTest/original/motions/mesh/test_video/155.npy
2026-03-25 16:04:18,844:INFO: Total Length: -28
2026-03-25 16:04:18,844:INFO: Loading Deep MeshFlows: ./data/NUS_dataset/MyTest/original/motions/mesh/test_video/156.npy
2026-03-25 16:04:18,844:INFO: Total Length: -28
2026-03-25 16:04:18,844:INFO: Loading Deep MeshFlows: ./data/NUS_dataset/MyTest/original/motions/mesh/test_video/157.npy
2026-03-25 16:04:18,845:INFO: Total Length: -28
2026-03-25 16:04:18,845:INFO: Loading Deep MeshFlows: ./data/NUS_dataset/MyTest/original/motions/mesh/test_video/158.npy
2026-03-25 16:04:18,845:INFO: Total Length: -28
2026-03-25 16:04:18,845:INFO: Loading Deep MeshFlows: ./data/NUS_dataset/MyTest/original/motions/mesh/test_video/159.npy
2026-03-25 16:04:18,846:INFO: Total Length: -28
2026-03-25 16:04:18,846:INFO: Loading Deep MeshFlows: ./data/NUS_dataset/MyTest/original/motions/mesh/test_video/160.npy
2026-03-25 16:04:18,846:INFO: Total Length: -28
2026-03-25 16:04:18,847:INFO: Loading Deep MeshFlows: ./data/NUS_dataset/MyTest/original/motions/mesh/test_video/161.npy
2026-03-25 16:04:18,847:INFO: Total Length: -28
2026-03-25 16:04:18,847:INFO: Loading Deep MeshFlows: ./data/NUS_dataset/MyTest/original/motions/mesh/test_video/162.npy
2026-03-25 16:04:18,848:INFO: Total Length: -28
2026-03-25 16:04:18,848:INFO: Loading Deep MeshFlows: ./data/NUS_dataset/MyTest/original/motions/mesh/test_video/163.npy
2026-03-25 16:04:18,848:INFO: Total Length: -28
2026-03-25 16:04:18,848:INFO: Loading Deep MeshFlows: ./data/NUS_dataset/MyTest/original/motions/mesh/test_video/164.npy
2026-03-25 16:04:18,849:INFO: Total Length: -28
2026-03-25 16:04:18,849:INFO: Loading Deep MeshFlows: ./data/NUS_dataset/MyTest/original/motions/mesh/test_video/165.npy
2026-03-25 16:04:18,849:INFO: Total Length: -28
2026-03-25 16:04:18,850:INFO: Loading Deep MeshFlows: ./data/NUS_dataset/MyTest/original/motions/mesh/test_video/166.npy
2026-03-25 16:04:18,850:INFO: Total Length: -28
2026-03-25 16:04:18,850:INFO: Loading Deep MeshFlows: ./data/NUS_dataset/MyTest/original/motions/mesh/test_video/167.npy
2026-03-25 16:04:18,850:INFO: Total Length: -28
2026-03-25 16:04:18,851:INFO: Loading Deep MeshFlows: ./data/NUS_dataset/MyTest/original/motions/mesh/test_video/168.npy
2026-03-25 16:04:18,851:INFO: Total Length: -28
2026-03-25 16:04:18,851:INFO: Loading Deep MeshFlows: ./data/NUS_dataset/MyTest/original/motions/mesh/test_video/169.npy
2026-03-25 16:04:18,851:INFO: Total Length: -28
2026-03-25 16:04:18,852:INFO: Loading Deep MeshFlows: ./data/NUS_dataset/MyTest/original/motions/mesh/test_video/170.npy
2026-03-25 16:04:18,852:INFO: Total Length: -28
2026-03-25 16:04:18,852:INFO: Loading Deep MeshFlows: ./data/NUS_dataset/MyTest/original/motions/mesh/test_video/171.npy
2026-03-25 16:04:18,853:INFO: Total Length: -28
2026-03-25 16:04:18,853:INFO: Loading Deep MeshFlows: ./data/NUS_dataset/MyTest/original/motions/mesh/test_video/172.npy
2026-03-25 16:04:18,853:INFO: Total Length: -28
2026-03-25 16:04:18,853:INFO: Loading Deep MeshFlows: ./data/NUS_dataset/MyTest/original/motions/mesh/test_video/173.npy
2026-03-25 16:04:18,854:INFO: Total Length: -28
2026-03-25 16:04:18,854:INFO: Loading Deep MeshFlows: ./data/NUS_dataset/MyTest/original/motions/mesh/test_video/174.npy
2026-03-25 16:04:18,854:INFO: Total Length: -28
2026-03-25 16:04:18,854:INFO: Loading Deep MeshFlows: ./data/NUS_dataset/MyTest/original/motions/mesh/test_video/175.npy
2026-03-25 16:04:18,855:INFO: Total Length: -28
2026-03-25 16:04:18,855:INFO: Loading Deep MeshFlows: ./data/NUS_dataset/MyTest/original/motions/mesh/test_video/176.npy
2026-03-25 16:04:18,855:INFO: Total Length: -28
2026-03-25 16:04:18,855:INFO: Loading Deep MeshFlows: ./data/NUS_dataset/MyTest/original/motions/mesh/test_video/177.npy
2026-03-25 16:04:18,856:INFO: Total Length: -28
2026-03-25 16:04:18,856:INFO: Loading Deep MeshFlows: ./data/NUS_dataset/MyTest/original/motions/mesh/test_video/178.npy
2026-03-25 16:04:18,856:INFO: Total Length: -28
2026-03-25 16:04:18,856:INFO: Loading Deep MeshFlows: ./data/NUS_dataset/MyTest/original/motions/mesh/test_video/179.npy
2026-03-25 16:04:18,857:INFO: Total Length: -28
2026-03-25 16:04:18,857:INFO: Loading Deep MeshFlows: ./data/NUS_dataset/MyTest/original/motions/mesh/test_video/180.npy
2026-03-25 16:04:18,858:INFO: Total Length: -28
2026-03-25 16:04:18,858:INFO: Loading Deep MeshFlows: ./data/NUS_dataset/MyTest/original/motions/mesh/test_video/181.npy
2026-03-25 16:04:18,858:INFO: Total Length: -28
2026-03-25 16:04:18,858:INFO: Loading Deep MeshFlows: ./data/NUS_dataset/MyTest/original/motions/mesh/test_video/182.npy
2026-03-25 16:04:18,859:INFO: Total Length: -28
2026-03-25 16:04:18,859:INFO: Loading Deep MeshFlows: ./data/NUS_dataset/MyTest/original/motions/mesh/test_video/183.npy
2026-03-25 16:04:18,859:INFO: Total Length: -28
2026-03-25 16:04:18,859:INFO: Loading Deep MeshFlows: ./data/NUS_dataset/MyTest/original/motions/mesh/test_video/184.npy
2026-03-25 16:04:18,860:INFO: Total Length: -28
2026-03-25 16:04:18,860:INFO: Loading Deep MeshFlows: ./data/NUS_dataset/MyTest/original/motions/mesh/test_video/185.npy
2026-03-25 16:04:18,860:INFO: Total Length: -28
2026-03-25 16:04:18,860:INFO: Loading Deep MeshFlows: ./data/NUS_dataset/MyTest/original/motions/mesh/test_video/186.npy
2026-03-25 16:04:18,861:INFO: Total Length: -28
2026-03-25 16:04:18,861:INFO: Loading Deep MeshFlows: ./data/NUS_dataset/MyTest/original/motions/mesh/test_video/187.npy
2026-03-25 16:04:18,861:INFO: Total Length: -28
2026-03-25 16:04:18,861:INFO: Loading Deep MeshFlows: ./data/NUS_dataset/MyTest/original/motions/mesh/test_video/188.npy
2026-03-25 16:04:18,862:INFO: Total Length: -28
2026-03-25 16:04:18,862:INFO: Loading Deep MeshFlows: ./data/NUS_dataset/MyTest/original/motions/mesh/test_video/189.npy
2026-03-25 16:04:18,862:INFO: Total Length: -28
2026-03-25 16:04:18,863:INFO: Loading Deep MeshFlows: ./data/NUS_dataset/MyTest/original/motions/mesh/test_video/190.npy
2026-03-25 16:04:18,863:INFO: Total Length: -28
2026-03-25 16:04:18,863:INFO: Loading Deep MeshFlows: ./data/NUS_dataset/MyTest/original/motions/mesh/test_video/191.npy
2026-03-25 16:04:18,864:INFO: Total Length: -28
2026-03-25 16:04:18,864:INFO: Loading Deep MeshFlows: ./data/NUS_dataset/MyTest/original/motions/mesh/test_video/192.npy
2026-03-25 16:04:18,864:INFO: Total Length: -28
2026-03-25 16:04:18,864:INFO: Loading Deep MeshFlows: ./data/NUS_dataset/MyTest/original/motions/mesh/test_video/193.npy
2026-03-25 16:04:18,865:INFO: Total Length: -28
2026-03-25 16:04:18,865:INFO: Loading Deep MeshFlows: ./data/NUS_dataset/MyTest/original/motions/mesh/test_video/194.npy
2026-03-25 16:04:18,865:INFO: Total Length: -28
2026-03-25 16:04:18,865:INFO: Loading Deep MeshFlows: ./data/NUS_dataset/MyTest/original/motions/mesh/test_video/195.npy
2026-03-25 16:04:18,866:INFO: Total Length: -28
2026-03-25 16:04:18,866:INFO: Loading Deep MeshFlows: ./data/NUS_dataset/MyTest/original/motions/mesh/test_video/196.npy
2026-03-25 16:04:18,866:INFO: Total Length: -28
2026-03-25 16:04:18,866:INFO: Loading Deep MeshFlows: ./data/NUS_dataset/MyTest/original/motions/mesh/test_video/197.npy
2026-03-25 16:04:18,867:INFO: Total Length: -28
2026-03-25 16:04:18,867:INFO: Loading Deep MeshFlows: ./data/NUS_dataset/MyTest/original/motions/mesh/test_video/198.npy
2026-03-25 16:04:18,867:INFO: Total Length: -28
2026-03-25 16:04:18,868:INFO: Loading Deep MeshFlows: ./data/NUS_dataset/MyTest/original/motions/mesh/test_video/199.npy
2026-03-25 16:04:18,868:INFO: Total Length: -28
2026-03-25 16:04:18,868:INFO: Loading Deep MeshFlows: ./data/NUS_dataset/MyTest/original/motions/mesh/test_video/200.npy
2026-03-25 16:04:18,868:INFO: Total Length: -28
2026-03-25 16:04:18,869:INFO: Loading Deep MeshFlows: ./data/NUS_dataset/MyTest/original/motions/mesh/test_video/201.npy
2026-03-25 16:04:18,869:INFO: Total Length: -28
2026-03-25 16:04:18,869:INFO: Loading Deep MeshFlows: ./data/NUS_dataset/MyTest/original/motions/mesh/test_video/202.npy
2026-03-25 16:04:18,870:INFO: Total Length: -28
2026-03-25 16:04:18,870:INFO: Loading Deep MeshFlows: ./data/NUS_dataset/MyTest/original/motions/mesh/test_video/203.npy
2026-03-25 16:04:18,870:INFO: Total Length: -28
2026-03-25 16:04:18,870:INFO: Loading Deep MeshFlows: ./data/NUS_dataset/MyTest/original/motions/mesh/test_video/204.npy
2026-03-25 16:04:18,871:INFO: Total Length: -28
2026-03-25 16:04:18,871:INFO: Loading Deep MeshFlows: ./data/NUS_dataset/MyTest/original/motions/mesh/test_video/205.npy
2026-03-25 16:04:18,871:INFO: Total Length: -28
2026-03-25 16:04:18,871:INFO: Loading Deep MeshFlows: ./data/NUS_dataset/MyTest/original/motions/mesh/test_video/206.npy
2026-03-25 16:04:18,872:INFO: Total Length: -28
2026-03-25 16:04:18,872:INFO: Loading Deep MeshFlows: ./data/NUS_dataset/MyTest/original/motions/mesh/test_video/207.npy
2026-03-25 16:04:18,872:INFO: Total Length: -28
2026-03-25 16:04:18,872:INFO: Loading Deep MeshFlows: ./data/NUS_dataset/MyTest/original/motions/mesh/test_video/208.npy
2026-03-25 16:04:18,873:INFO: Total Length: -28
2026-03-25 16:04:18,873:INFO: Loading Deep MeshFlows: ./data/NUS_dataset/MyTest/original/motions/mesh/test_video/209.npy
2026-03-25 16:04:18,873:INFO: Total Length: -28
2026-03-25 16:04:18,874:INFO: Loading Deep MeshFlows: ./data/NUS_dataset/MyTest/original/motions/mesh/test_video/210.npy
2026-03-25 16:04:18,874:INFO: Total Length: -28
2026-03-25 16:04:18,874:INFO: Loading Deep MeshFlows: ./data/NUS_dataset/MyTest/original/motions/mesh/test_video/211.npy
2026-03-25 16:04:18,875:INFO: Total Length: -28
2026-03-25 16:04:18,875:INFO: Loading Deep MeshFlows: ./data/NUS_dataset/MyTest/original/motions/mesh/test_video/212.npy
2026-03-25 16:04:18,875:INFO: Total Length: -28
2026-03-25 16:04:18,875:INFO: Loading Deep MeshFlows: ./data/NUS_dataset/MyTest/original/motions/mesh/test_video/213.npy
2026-03-25 16:04:18,876:INFO: Total Length: -28
2026-03-25 16:04:18,876:INFO: Loading Deep MeshFlows: ./data/NUS_dataset/MyTest/original/motions/mesh/test_video/214.npy
2026-03-25 16:04:18,876:INFO: Total Length: -28
2026-03-25 16:04:18,876:INFO: Loading Deep MeshFlows: ./data/NUS_dataset/MyTest/original/motions/mesh/test_video/215.npy
2026-03-25 16:04:18,877:INFO: Total Length: -28
2026-03-25 16:04:18,877:INFO: Loading Deep MeshFlows: ./data/NUS_dataset/MyTest/original/motions/mesh/test_video/216.npy
2026-03-25 16:04:18,877:INFO: Total Length: -28
2026-03-25 16:04:18,877:INFO: Loading Deep MeshFlows: ./data/NUS_dataset/MyTest/original/motions/mesh/test_video/217.npy
2026-03-25 16:04:18,878:INFO: Total Length: -28
2026-03-25 16:04:18,878:INFO: Loading Deep MeshFlows: ./data/NUS_dataset/MyTest/original/motions/mesh/test_video/218.npy
2026-03-25 16:04:18,878:INFO: Total Length: -28
2026-03-25 16:04:18,879:INFO: Loading Deep MeshFlows: ./data/NUS_dataset/MyTest/original/motions/mesh/test_video/219.npy
2026-03-25 16:04:18,879:INFO: Total Length: -28
2026-03-25 16:04:18,879:INFO: Loading Deep MeshFlows: ./data/NUS_dataset/MyTest/original/motions/mesh/test_video/220.npy
2026-03-25 16:04:18,880:INFO: Total Length: -28
2026-03-25 16:04:18,880:INFO: Loading Deep MeshFlows: ./data/NUS_dataset/MyTest/original/motions/mesh/test_video/221.npy
2026-03-25 16:04:18,880:INFO: Total Length: -28
2026-03-25 16:04:18,880:INFO: Loading Deep MeshFlows: ./data/NUS_dataset/MyTest/original/motions/mesh/test_video/222.npy
2026-03-25 16:04:18,881:INFO: Total Length: -28
2026-03-25 16:04:18,881:INFO: Loading Deep MeshFlows: ./data/NUS_dataset/MyTest/original/motions/mesh/test_video/223.npy
2026-03-25 16:04:18,881:INFO: Total Length: -28
2026-03-25 16:04:18,881:INFO: Loading Deep MeshFlows: ./data/NUS_dataset/MyTest/original/motions/mesh/test_video/224.npy
2026-03-25 16:04:18,882:INFO: Total Length: -28
2026-03-25 16:04:18,882:INFO: Loading Deep MeshFlows: ./data/NUS_dataset/MyTest/original/motions/mesh/test_video/225.npy
2026-03-25 16:04:18,882:INFO: Total Length: -28
2026-03-25 16:04:18,883:INFO: Loading Deep MeshFlows: ./data/NUS_dataset/MyTest/original/motions/mesh/test_video/226.npy
2026-03-25 16:04:18,883:INFO: Total Length: -28
2026-03-25 16:04:18,883:INFO: Loading Deep MeshFlows: ./data/NUS_dataset/MyTest/original/motions/mesh/test_video/227.npy
2026-03-25 16:04:18,884:INFO: Total Length: -28
2026-03-25 16:04:18,884:INFO: Loading Deep MeshFlows: ./data/NUS_dataset/MyTest/original/motions/mesh/test_video/228.npy
2026-03-25 16:04:18,884:INFO: Total Length: -28
2026-03-25 16:04:18,884:INFO: Loading Deep MeshFlows: ./data/NUS_dataset/MyTest/original/motions/mesh/test_video/229.npy
2026-03-25 16:04:18,885:INFO: Total Length: -28
2026-03-25 16:04:18,885:INFO: Loading Deep MeshFlows: ./data/NUS_dataset/MyTest/original/motions/mesh/test_video/230.npy
2026-03-25 16:04:18,885:INFO: Total Length: -28
2026-03-25 16:04:18,885:INFO: Loading Deep MeshFlows: ./data/NUS_dataset/MyTest/original/motions/mesh/test_video/231.npy
2026-03-25 16:04:18,886:INFO: Total Length: -28
2026-03-25 16:04:18,886:INFO: Loading Deep MeshFlows: ./data/NUS_dataset/MyTest/original/motions/mesh/test_video/232.npy
2026-03-25 16:04:18,887:INFO: Total Length: -28
2026-03-25 16:04:18,887:INFO: Loading Deep MeshFlows: ./data/NUS_dataset/MyTest/original/motions/mesh/test_video/233.npy
2026-03-25 16:04:18,888:INFO: Total Length: -28
2026-03-25 16:04:18,888:INFO: Loading Deep MeshFlows: ./data/NUS_dataset/MyTest/original/motions/mesh/test_video/234.npy
2026-03-25 16:04:18,888:INFO: Total Length: -28
2026-03-25 16:04:18,888:INFO: Loading Deep MeshFlows: ./data/NUS_dataset/MyTest/original/motions/mesh/test_video/235.npy
2026-03-25 16:04:18,889:INFO: Total Length: -28
2026-03-25 16:04:18,889:INFO: Loading Deep MeshFlows: ./data/NUS_dataset/MyTest/original/motions/mesh/test_video/236.npy
2026-03-25 16:04:18,889:INFO: Total Length: -28
2026-03-25 16:04:18,889:INFO: Loading Deep MeshFlows: ./data/NUS_dataset/MyTest/original/motions/mesh/test_video/237.npy
2026-03-25 16:04:18,890:INFO: Total Length: -28
2026-03-25 16:04:18,890:INFO: Loading Deep MeshFlows: ./data/NUS_dataset/MyTest/original/motions/mesh/test_video/238.npy
2026-03-25 16:04:18,890:INFO: Total Length: -28
2026-03-25 16:04:18,890:INFO: Loading Deep MeshFlows: ./data/NUS_dataset/MyTest/original/motions/mesh/test_video/239.npy
2026-03-25 16:04:18,891:INFO: Total Length: -28
2026-03-25 16:04:18,891:INFO: Loading Deep MeshFlows: ./data/NUS_dataset/MyTest/original/motions/mesh/test_video/240.npy
2026-03-25 16:04:18,891:INFO: Total Length: -28
2026-03-25 16:04:18,892:INFO: Loading Deep MeshFlows: ./data/NUS_dataset/MyTest/original/motions/mesh/test_video/241.npy
2026-03-25 16:04:18,892:INFO: Total Length: -28
2026-03-25 16:04:18,892:INFO: Loading Deep MeshFlows: ./data/NUS_dataset/MyTest/original/motions/mesh/test_video/242.npy
2026-03-25 16:04:18,893:INFO: Total Length: -28
2026-03-25 16:04:18,893:INFO: Loading Deep MeshFlows: ./data/NUS_dataset/MyTest/original/motions/mesh/test_video/243.npy
2026-03-25 16:04:18,893:INFO: Total Length: -28
2026-03-25 16:04:18,893:INFO: Loading Deep MeshFlows: ./data/NUS_dataset/MyTest/original/motions/mesh/test_video/244.npy
2026-03-25 16:04:18,894:INFO: Total Length: -28
2026-03-25 16:04:18,894:INFO: Loading Deep MeshFlows: ./data/NUS_dataset/MyTest/original/motions/mesh/test_video/245.npy
2026-03-25 16:04:18,894:INFO: Total Length: -28
2026-03-25 16:04:18,894:INFO: Loading Deep MeshFlows: ./data/NUS_dataset/MyTest/original/motions/mesh/test_video/246.npy
2026-03-25 16:04:18,895:INFO: Total Length: -28
2026-03-25 16:04:18,895:INFO: Loading Deep MeshFlows: ./data/NUS_dataset/MyTest/original/motions/mesh/test_video/247.npy
2026-03-25 16:04:18,895:INFO: Total Length: -28
2026-03-25 16:04:18,896:INFO: Loading Deep MeshFlows: ./data/NUS_dataset/MyTest/original/motions/mesh/test_video/248.npy
2026-03-25 16:04:18,896:INFO: Total Length: -28
2026-03-25 16:04:18,896:INFO: Loading Deep MeshFlows: ./data/NUS_dataset/MyTest/original/motions/mesh/test_video/249.npy
2026-03-25 16:04:18,896:INFO: Total Length: -28
2026-03-25 16:04:18,897:INFO: Loading Deep MeshFlows: ./data/NUS_dataset/MyTest/original/motions/mesh/test_video/250.npy
2026-03-25 16:04:18,897:INFO: Total Length: -28
2026-03-25 16:04:18,897:INFO: Loading Deep MeshFlows: ./data/NUS_dataset/MyTest/original/motions/mesh/test_video/251.npy
2026-03-25 16:04:18,898:INFO: Total Length: -28
2026-03-25 16:04:18,898:INFO: Loading Deep MeshFlows: ./data/NUS_dataset/MyTest/original/motions/mesh/test_video/252.npy
2026-03-25 16:04:18,898:INFO: Total Length: -28
2026-03-25 16:04:18,898:INFO: Loading Deep MeshFlows: ./data/NUS_dataset/MyTest/original/motions/mesh/test_video/253.npy
2026-03-25 16:04:18,899:INFO: Total Length: -28
2026-03-25 16:04:18,899:INFO: Loading Deep MeshFlows: ./data/NUS_dataset/MyTest/original/motions/mesh/test_video/254.npy
2026-03-25 16:04:18,899:INFO: Total Length: -28
2026-03-25 16:04:18,899:INFO: Loading Deep MeshFlows: ./data/NUS_dataset/MyTest/original/motions/mesh/test_video/255.npy
2026-03-25 16:04:18,900:INFO: Total Length: -28
2026-03-25 16:04:18,900:INFO: Loading Deep MeshFlows: ./data/NUS_dataset/MyTest/original/motions/mesh/test_video/256.npy
2026-03-25 16:04:18,900:INFO: Total Length: -28
2026-03-25 16:04:18,900:INFO: Loading Deep MeshFlows: ./data/NUS_dataset/MyTest/original/motions/mesh/test_video/257.npy
2026-03-25 16:04:18,901:INFO: Total Length: -28
2026-03-25 16:04:18,901:INFO: Loading Deep MeshFlows: ./data/NUS_dataset/MyTest/original/motions/mesh/test_video/258.npy
2026-03-25 16:04:18,901:INFO: Total Length: -28
2026-03-25 16:04:18,901:INFO: Loading Deep MeshFlows: ./data/NUS_dataset/MyTest/original/motions/mesh/test_video/259.npy
2026-03-25 16:04:18,902:INFO: Total Length: -28
2026-03-25 16:04:18,902:INFO: Loading Deep MeshFlows: ./data/NUS_dataset/MyTest/original/motions/mesh/test_video/260.npy
2026-03-25 16:04:18,902:INFO: Total Length: -28
2026-03-25 16:04:18,903:INFO: Loading Deep MeshFlows: ./data/NUS_dataset/MyTest/original/motions/mesh/test_video/261.npy
2026-03-25 16:04:18,903:INFO: Total Length: -28
2026-03-25 16:04:18,903:INFO: Loading Deep MeshFlows: ./data/NUS_dataset/MyTest/original/motions/mesh/test_video/262.npy
2026-03-25 16:04:18,904:INFO: Total Length: -28
2026-03-25 16:04:18,904:INFO: Loading Deep MeshFlows: ./data/NUS_dataset/MyTest/original/motions/mesh/test_video/263.npy
2026-03-25 16:04:18,904:INFO: Total Length: -28
2026-03-25 16:04:18,904:INFO: Loading Deep MeshFlows: ./data/NUS_dataset/MyTest/original/motions/mesh/test_video/264.npy
2026-03-25 16:04:18,905:INFO: Total Length: -28
2026-03-25 16:04:18,905:INFO: Loading Deep MeshFlows: ./data/NUS_dataset/MyTest/original/motions/mesh/test_video/265.npy
2026-03-25 16:04:18,905:INFO: Total Length: -28
2026-03-25 16:04:18,905:INFO: Loading Deep MeshFlows: ./data/NUS_dataset/MyTest/original/motions/mesh/test_video/266.npy
2026-03-25 16:04:18,906:INFO: Total Length: -28
2026-03-25 16:04:18,906:INFO: Loading Deep MeshFlows: ./data/NUS_dataset/MyTest/original/motions/mesh/test_video/267.npy
2026-03-25 16:04:18,906:INFO: Total Length: -28
2026-03-25 16:04:18,907:INFO: Loading Deep MeshFlows: ./data/NUS_dataset/MyTest/original/motions/mesh/test_video/268.npy
2026-03-25 16:04:18,907:INFO: Total Length: -28
2026-03-25 16:04:18,907:INFO: Loading Deep MeshFlows: ./data/NUS_dataset/MyTest/original/motions/mesh/test_video/269.npy
2026-03-25 16:04:18,908:INFO: Total Length: -28
2026-03-25 16:04:18,908:INFO: Loading Deep MeshFlows: ./data/NUS_dataset/MyTest/original/motions/mesh/test_video/270.npy
2026-03-25 16:04:18,908:INFO: Total Length: -28
2026-03-25 16:04:18,908:INFO: Loading Deep MeshFlows: ./data/NUS_dataset/MyTest/original/motions/mesh/test_video/271.npy
2026-03-25 16:04:18,909:INFO: Total Length: -28
2026-03-25 16:04:18,909:INFO: Loading Deep MeshFlows: ./data/NUS_dataset/MyTest/original/motions/mesh/test_video/272.npy
2026-03-25 16:04:18,909:INFO: Total Length: -28
2026-03-25 16:04:18,909:INFO: Loading Deep MeshFlows: ./data/NUS_dataset/MyTest/original/motions/mesh/test_video/273.npy
2026-03-25 16:04:18,910:INFO: Total Length: -28
2026-03-25 16:04:18,910:INFO: Loading Deep MeshFlows: ./data/NUS_dataset/MyTest/original/motions/mesh/test_video/274.npy
2026-03-25 16:04:18,911:INFO: Total Length: -28
2026-03-25 16:04:18,911:INFO: Loading Deep MeshFlows: ./data/NUS_dataset/MyTest/original/motions/mesh/test_video/275.npy
2026-03-25 16:04:18,911:INFO: Total Length: -28
2026-03-25 16:04:18,911:INFO: Loading Deep MeshFlows: ./data/NUS_dataset/MyTest/original/motions/mesh/test_video/276.npy
2026-03-25 16:04:18,912:INFO: Total Length: -28
2026-03-25 16:04:18,912:INFO: Loading Deep MeshFlows: ./data/NUS_dataset/MyTest/original/motions/mesh/test_video/277.npy
2026-03-25 16:04:18,912:INFO: Total Length: -28
2026-03-25 16:04:18,912:INFO: Loading Deep MeshFlows: ./data/NUS_dataset/MyTest/original/motions/mesh/test_video/278.npy
2026-03-25 16:04:18,913:INFO: Total Length: -28
2026-03-25 16:04:18,913:INFO: Loading Deep MeshFlows: ./data/NUS_dataset/MyTest/original/motions/mesh/test_video/279.npy
2026-03-25 16:04:18,913:INFO: Total Length: -28
2026-03-25 16:04:18,914:INFO: Loading Deep MeshFlows: ./data/NUS_dataset/MyTest/original/motions/mesh/test_video/280.npy
2026-03-25 16:04:18,914:INFO: Total Length: -28
2026-03-25 16:04:18,914:INFO: Loading Deep MeshFlows: ./data/NUS_dataset/MyTest/original/motions/mesh/test_video/281.npy
2026-03-25 16:04:18,915:INFO: Total Length: -28
2026-03-25 16:04:18,915:INFO: Loading Deep MeshFlows: ./data/NUS_dataset/MyTest/original/motions/mesh/test_video/282.npy
2026-03-25 16:04:18,915:INFO: Total Length: -28
2026-03-25 16:04:18,915:INFO: Loading Deep MeshFlows: ./data/NUS_dataset/MyTest/original/motions/mesh/test_video/283.npy
2026-03-25 16:04:18,916:INFO: Total Length: -28
2026-03-25 16:04:18,916:INFO: Loading Deep MeshFlows: ./data/NUS_dataset/MyTest/original/motions/mesh/test_video/284.npy
2026-03-25 16:04:18,916:INFO: Total Length: -28
2026-03-25 16:04:18,916:INFO: Loading Deep MeshFlows: ./data/NUS_dataset/MyTest/original/motions/mesh/test_video/285.npy
2026-03-25 16:04:18,917:INFO: Total Length: -28
2026-03-25 16:04:18,917:INFO: Loading Deep MeshFlows: ./data/NUS_dataset/MyTest/original/motions/mesh/test_video/286.npy
2026-03-25 16:04:18,918:INFO: Total Length: -28
2026-03-25 16:04:18,918:INFO: Loading Deep MeshFlows: ./data/NUS_dataset/MyTest/original/motions/mesh/test_video/287.npy
2026-03-25 16:04:18,918:INFO: Total Length: -28
2026-03-25 16:04:18,918:INFO: Loading Deep MeshFlows: ./data/NUS_dataset/MyTest/original/motions/mesh/test_video/288.npy
2026-03-25 16:04:18,919:INFO: Total Length: -28
2026-03-25 16:04:18,919:INFO: Loading Deep MeshFlows: ./data/NUS_dataset/MyTest/original/motions/mesh/test_video/289.npy
2026-03-25 16:04:18,919:INFO: Total Length: -28
2026-03-25 16:04:18,919:INFO: Loading Deep MeshFlows: ./data/NUS_dataset/MyTest/original/motions/mesh/test_video/290.npy
2026-03-25 16:04:18,920:INFO: Total Length: -28
2026-03-25 16:04:18,920:INFO: Loading Deep MeshFlows: ./data/NUS_dataset/MyTest/original/motions/mesh/test_video/291.npy
2026-03-25 16:04:18,920:INFO: Total Length: -28
2026-03-25 16:04:18,921:INFO: Loading Deep MeshFlows: ./data/NUS_dataset/MyTest/original/motions/mesh/test_video/292.npy
2026-03-25 16:04:18,921:INFO: Total Length: -28
2026-03-25 16:04:18,921:INFO: Loading Deep MeshFlows: ./data/NUS_dataset/MyTest/original/motions/mesh/test_video/293.npy
2026-03-25 16:04:18,922:INFO: Total Length: -28
2026-03-25 16:04:18,922:INFO: Loading Deep MeshFlows: ./data/NUS_dataset/MyTest/original/motions/mesh/test_video/294.npy
2026-03-25 16:04:18,922:INFO: Total Length: -28
2026-03-25 16:04:18,922:INFO: Loading Deep MeshFlows: ./data/NUS_dataset/MyTest/original/motions/mesh/test_video/295.npy
2026-03-25 16:04:18,923:INFO: Total Length: -28
2026-03-25 16:04:18,923:INFO: Loading Deep MeshFlows: ./data/NUS_dataset/MyTest/original/motions/mesh/test_video/296.npy
2026-03-25 16:04:18,923:INFO: Total Length: -28
2026-03-25 16:04:18,923:INFO: Loading Deep MeshFlows: ./data/NUS_dataset/MyTest/original/motions/mesh/test_video/297.npy
2026-03-25 16:04:18,924:INFO: Total Length: -28
2026-03-25 16:04:18,924:INFO: Loading Deep MeshFlows: ./data/NUS_dataset/MyTest/original/motions/mesh/test_video/298.npy
2026-03-25 16:04:18,925:INFO: Total Length: -28
2026-03-25 16:04:18,925:INFO: Loading Deep MeshFlows: ./data/NUS_dataset/MyTest/original/motions/mesh/test_video/299.npy
2026-03-25 16:04:18,925:INFO: Total Length: -28
2026-03-25 16:04:18,925:INFO: Loading Deep MeshFlows: ./data/NUS_dataset/MyTest/original/motions/mesh/test_video/300.npy
2026-03-25 16:04:18,926:INFO: Total Length: -28
2026-03-25 16:04:18,926:INFO: Loading Deep MeshFlows: ./data/NUS_dataset/MyTest/original/motions/mesh/test_video/301.npy
2026-03-25 16:04:18,926:INFO: Total Length: -28
2026-03-25 16:04:18,927:INFO: Loading Deep MeshFlows: ./data/NUS_dataset/MyTest/original/motions/mesh/test_video/302.npy
2026-03-25 16:04:18,927:INFO: Total Length: -28
2026-03-25 16:04:18,927:INFO: Loading Deep MeshFlows: ./data/NUS_dataset/MyTest/original/motions/mesh/test_video/303.npy
2026-03-25 16:04:18,928:INFO: Total Length: -28
2026-03-25 16:04:18,928:INFO: Loading Deep MeshFlows: ./data/NUS_dataset/MyTest/original/motions/mesh/test_video/304.npy
2026-03-25 16:04:18,928:INFO: Total Length: -28
2026-03-25 16:04:18,928:INFO: Loading Deep MeshFlows: ./data/NUS_dataset/MyTest/original/motions/mesh/test_video/305.npy
2026-03-25 16:04:18,929:INFO: Total Length: -28
2026-03-25 16:04:18,929:INFO: Loading Deep MeshFlows: ./data/NUS_dataset/MyTest/original/motions/mesh/test_video/306.npy
2026-03-25 16:04:18,929:INFO: Total Length: -28
2026-03-25 16:04:18,929:INFO: Loading Deep MeshFlows: ./data/NUS_dataset/MyTest/original/motions/mesh/test_video/307.npy
2026-03-25 16:04:18,930:INFO: Total Length: -28
2026-03-25 16:04:18,930:INFO: Loading Deep MeshFlows: ./data/NUS_dataset/MyTest/original/motions/mesh/test_video/308.npy
2026-03-25 16:04:18,931:INFO: Total Length: -28
2026-03-25 16:04:18,931:INFO: Loading Deep MeshFlows: ./data/NUS_dataset/MyTest/original/motions/mesh/test_video/309.npy
2026-03-25 16:04:18,931:INFO: Total Length: -28
2026-03-25 16:04:18,931:INFO: Loading Deep MeshFlows: ./data/NUS_dataset/MyTest/original/motions/mesh/test_video/310.npy
2026-03-25 16:04:18,932:INFO: Total Length: -28
2026-03-25 16:04:18,932:INFO: Loading Deep MeshFlows: ./data/NUS_dataset/MyTest/original/motions/mesh/test_video/311.npy
2026-03-25 16:04:18,932:INFO: Total Length: -28
2026-03-25 16:04:18,932:INFO: Loading Deep MeshFlows: ./data/NUS_dataset/MyTest/original/motions/mesh/test_video/312.npy
2026-03-25 16:04:18,933:INFO: Total Length: -28
2026-03-25 16:04:18,933:INFO: Loading Deep MeshFlows: ./data/NUS_dataset/MyTest/original/motions/mesh/test_video/313.npy
2026-03-25 16:04:18,933:INFO: Total Length: -28
2026-03-25 16:04:18,934:INFO: Loading Deep MeshFlows: ./data/NUS_dataset/MyTest/original/motions/mesh/test_video/314.npy
2026-03-25 16:04:18,934:INFO: Total Length: -28
2026-03-25 16:04:18,934:INFO: Loading Deep MeshFlows: ./data/NUS_dataset/MyTest/original/motions/mesh/test_video/315.npy
2026-03-25 16:04:18,934:INFO: Total Length: -28
2026-03-25 16:04:18,935:INFO: Loading Deep MeshFlows: ./data/NUS_dataset/MyTest/original/motions/mesh/test_video/316.npy
2026-03-25 16:04:18,935:INFO: Total Length: -28
2026-03-25 16:04:18,935:INFO: Loading Deep MeshFlows: ./data/NUS_dataset/MyTest/original/motions/mesh/test_video/317.npy
2026-03-25 16:04:18,936:INFO: Total Length: -28
2026-03-25 16:04:18,936:INFO: Loading Deep MeshFlows: ./data/NUS_dataset/MyTest/original/motions/mesh/test_video/318.npy
2026-03-25 16:04:18,936:INFO: Total Length: -28
2026-03-25 16:04:18,936:INFO: Loading Deep MeshFlows: ./data/NUS_dataset/MyTest/original/motions/mesh/test_video/319.npy
2026-03-25 16:04:18,937:INFO: Total Length: -28
2026-03-25 16:04:18,937:INFO: Loading Deep MeshFlows: ./data/NUS_dataset/MyTest/original/motions/mesh/test_video/320.npy
2026-03-25 16:04:18,937:INFO: Total Length: -28
2026-03-25 16:04:18,937:INFO: Loading Deep MeshFlows: ./data/NUS_dataset/MyTest/original/motions/mesh/test_video/321.npy
2026-03-25 16:04:18,938:INFO: Total Length: -28
2026-03-25 16:04:18,938:INFO: Loading Deep MeshFlows: ./data/NUS_dataset/MyTest/original/motions/mesh/test_video/322.npy
2026-03-25 16:04:18,938:INFO: Total Length: -28
2026-03-25 16:04:18,939:INFO: Loading Deep MeshFlows: ./data/NUS_dataset/MyTest/original/motions/mesh/test_video/323.npy
2026-03-25 16:04:18,939:INFO: Total Length: -28
2026-03-25 16:04:18,939:INFO: Loading Deep MeshFlows: ./data/NUS_dataset/MyTest/original/motions/mesh/test_video/324.npy
2026-03-25 16:04:18,939:INFO: Total Length: -28
2026-03-25 16:04:18,940:INFO: Loading Deep MeshFlows: ./data/NUS_dataset/MyTest/original/motions/mesh/test_video/325.npy
2026-03-25 16:04:18,940:INFO: Total Length: -28
2026-03-25 16:04:18,940:INFO: Loading Deep MeshFlows: ./data/NUS_dataset/MyTest/original/motions/mesh/test_video/326.npy
2026-03-25 16:04:18,941:INFO: Total Length: -28
2026-03-25 16:04:18,941:INFO: Loading Deep MeshFlows: ./data/NUS_dataset/MyTest/original/motions/mesh/test_video/327.npy
2026-03-25 16:04:18,941:INFO: Total Length: -28
2026-03-25 16:04:18,941:INFO: Loading Deep MeshFlows: ./data/NUS_dataset/MyTest/original/motions/mesh/test_video/328.npy
2026-03-25 16:04:18,942:INFO: Total Length: -28
2026-03-25 16:04:18,942:INFO: Loading Deep MeshFlows: ./data/NUS_dataset/MyTest/original/motions/mesh/test_video/329.npy
2026-03-25 16:04:18,942:INFO: Total Length: -28
2026-03-25 16:04:18,942:INFO: Loading Deep MeshFlows: ./data/NUS_dataset/MyTest/original/motions/mesh/test_video/330.npy
2026-03-25 16:04:18,943:INFO: Total Length: -28
2026-03-25 16:04:18,943:INFO: Loading Deep MeshFlows: ./data/NUS_dataset/MyTest/original/motions/mesh/test_video/331.npy
2026-03-25 16:04:18,943:INFO: Total Length: -28
2026-03-25 16:04:18,943:INFO: Loading Deep MeshFlows: ./data/NUS_dataset/MyTest/original/motions/mesh/test_video/332.npy
2026-03-25 16:04:18,944:INFO: Total Length: -28
2026-03-25 16:04:18,944:INFO: Loading Deep MeshFlows: ./data/NUS_dataset/MyTest/original/motions/mesh/test_video/333.npy
2026-03-25 16:04:18,944:INFO: Total Length: -28
2026-03-25 16:04:18,944:INFO: Loading Deep MeshFlows: ./data/NUS_dataset/MyTest/original/motions/mesh/test_video/334.npy
2026-03-25 16:04:18,945:INFO: Total Length: -28
2026-03-25 16:04:18,945:INFO: Loading Deep MeshFlows: ./data/NUS_dataset/MyTest/original/motions/mesh/test_video/335.npy
2026-03-25 16:04:18,945:INFO: Total Length: -28
2026-03-25 16:04:18,946:INFO: Loading Deep MeshFlows: ./data/NUS_dataset/MyTest/original/motions/mesh/test_video/336.npy
2026-03-25 16:04:18,946:INFO: Total Length: -28
2026-03-25 16:04:18,946:INFO: Loading Deep MeshFlows: ./data/NUS_dataset/MyTest/original/motions/mesh/test_video/337.npy
2026-03-25 16:04:18,947:INFO: Total Length: -28
2026-03-25 16:04:18,947:INFO: Loading Deep MeshFlows: ./data/NUS_dataset/MyTest/original/motions/mesh/test_video/338.npy
2026-03-25 16:04:18,947:INFO: Total Length: -28
2026-03-25 16:04:18,947:INFO: Loading Deep MeshFlows: ./data/NUS_dataset/MyTest/original/motions/mesh/test_video/339.npy
2026-03-25 16:04:18,948:INFO: Total Length: -28
2026-03-25 16:04:18,948:INFO: Loading Deep MeshFlows: ./data/NUS_dataset/MyTest/original/motions/mesh/test_video/340.npy
2026-03-25 16:04:18,948:INFO: Total Length: -28
2026-03-25 16:04:18,948:INFO: Loading Deep MeshFlows: ./data/NUS_dataset/MyTest/original/motions/mesh/test_video/341.npy
2026-03-25 16:04:18,949:INFO: Total Length: -28
2026-03-25 16:04:18,949:INFO: Loading Deep MeshFlows: ./data/NUS_dataset/MyTest/original/motions/mesh/test_video/342.npy
2026-03-25 16:04:18,949:INFO: Total Length: -28
2026-03-25 16:04:18,949:INFO: Loading Deep MeshFlows: ./data/NUS_dataset/MyTest/original/motions/mesh/test_video/343.npy
2026-03-25 16:04:18,950:INFO: Total Length: -28
2026-03-25 16:04:18,950:INFO: Loading Deep MeshFlows: ./data/NUS_dataset/MyTest/original/motions/mesh/test_video/344.npy
2026-03-25 16:04:18,950:INFO: Total Length: -28
2026-03-25 16:04:18,951:INFO: Loading Deep MeshFlows: ./data/NUS_dataset/MyTest/original/motions/mesh/test_video/345.npy
2026-03-25 16:04:18,951:INFO: Total Length: -28
2026-03-25 16:04:18,951:INFO: Loading Deep MeshFlows: ./data/NUS_dataset/MyTest/original/motions/mesh/test_video/346.npy
2026-03-25 16:04:18,951:INFO: Total Length: -28
2026-03-25 16:04:18,952:INFO: Loading Deep MeshFlows: ./data/NUS_dataset/MyTest/original/motions/mesh/test_video/347.npy
2026-03-25 16:04:18,952:INFO: Total Length: -28
2026-03-25 16:04:18,952:INFO: Loading Deep MeshFlows: ./data/NUS_dataset/MyTest/original/motions/mesh/test_video/348.npy
2026-03-25 16:04:18,953:INFO: Total Length: -28
2026-03-25 16:04:18,953:INFO: Loading Deep MeshFlows: ./data/NUS_dataset/MyTest/original/motions/mesh/test_video/349.npy
2026-03-25 16:04:18,953:INFO: Total Length: -28
2026-03-25 16:04:18,953:INFO: Loading Deep MeshFlows: ./data/NUS_dataset/MyTest/original/motions/mesh/test_video/350.npy
2026-03-25 16:04:18,954:INFO: Total Length: -28
2026-03-25 16:04:18,954:INFO: Loading Deep MeshFlows: ./data/NUS_dataset/MyTest/original/motions/mesh/test_video/351.npy
2026-03-25 16:04:18,954:INFO: Total Length: -28
2026-03-25 16:04:18,954:INFO: Loading Deep MeshFlows: ./data/NUS_dataset/MyTest/original/motions/mesh/test_video/352.npy
2026-03-25 16:04:18,955:INFO: Total Length: -28
2026-03-25 16:04:18,955:INFO: Loading Deep MeshFlows: ./data/NUS_dataset/MyTest/original/motions/mesh/test_video/353.npy
2026-03-25 16:04:18,955:INFO: Total Length: -28
2026-03-25 16:04:18,956:INFO: Loading Deep MeshFlows: ./data/NUS_dataset/MyTest/original/motions/mesh/test_video/354.npy
2026-03-25 16:04:18,956:INFO: Total Length: -28
2026-03-25 16:04:18,956:INFO: Loading Deep MeshFlows: ./data/NUS_dataset/MyTest/original/motions/mesh/test_video/355.npy
2026-03-25 16:04:18,957:INFO: Total Length: -28
2026-03-25 16:04:18,957:INFO: Loading Deep MeshFlows: ./data/NUS_dataset/MyTest/original/motions/mesh/test_video/356.npy
2026-03-25 16:04:18,957:INFO: Total Length: -28
2026-03-25 16:04:18,958:INFO: Loading Deep MeshFlows: ./data/NUS_dataset/MyTest/original/motions/mesh/test_video/357.npy
2026-03-25 16:04:18,958:INFO: Total Length: -28
2026-03-25 16:04:18,958:INFO: Loading Deep MeshFlows: ./data/NUS_dataset/MyTest/original/motions/mesh/test_video/358.npy
2026-03-25 16:04:18,959:INFO: Total Length: -28
2026-03-25 16:04:18,959:INFO: Loading Deep MeshFlows: ./data/NUS_dataset/MyTest/original/motions/mesh/test_video/359.npy
2026-03-25 16:04:18,959:INFO: Total Length: -28
2026-03-25 16:04:18,959:INFO: Loading Deep MeshFlows: ./data/NUS_dataset/MyTest/original/motions/mesh/test_video/360.npy
2026-03-25 16:04:18,960:INFO: Total Length: -28
2026-03-25 16:04:18,960:INFO: Loading Deep MeshFlows: ./data/NUS_dataset/MyTest/original/motions/mesh/test_video/361.npy
2026-03-25 16:04:18,960:INFO: Total Length: -28
2026-03-25 16:04:18,960:INFO: Loading Deep MeshFlows: ./data/NUS_dataset/MyTest/original/motions/mesh/test_video/362.npy
2026-03-25 16:04:18,961:INFO: Total Length: -28
2026-03-25 16:04:18,961:INFO: Loading Deep MeshFlows: ./data/NUS_dataset/MyTest/original/motions/mesh/test_video/363.npy
2026-03-25 16:04:18,961:INFO: Total Length: -28
2026-03-25 16:04:18,962:INFO: Loading Deep MeshFlows: ./data/NUS_dataset/MyTest/original/motions/mesh/test_video/364.npy
2026-03-25 16:04:18,962:INFO: Total Length: -28
2026-03-25 16:04:18,962:INFO: Loading Deep MeshFlows: ./data/NUS_dataset/MyTest/original/motions/mesh/test_video/365.npy
2026-03-25 16:04:18,962:INFO: Total Length: -28
2026-03-25 16:04:18,963:INFO: Loading Deep MeshFlows: ./data/NUS_dataset/MyTest/original/motions/mesh/test_video/366.npy
2026-03-25 16:04:18,963:INFO: Total Length: -28
2026-03-25 16:04:18,963:INFO: Loading Deep MeshFlows: ./data/NUS_dataset/MyTest/original/motions/mesh/test_video/367.npy
2026-03-25 16:04:18,964:INFO: Total Length: -28
2026-03-25 16:04:18,964:INFO: Loading Deep MeshFlows: ./data/NUS_dataset/MyTest/original/motions/mesh/test_video/368.npy
2026-03-25 16:04:18,964:INFO: Total Length: -28
2026-03-25 16:04:18,964:INFO: Loading Deep MeshFlows: ./data/NUS_dataset/MyTest/original/motions/mesh/test_video/369.npy
2026-03-25 16:04:18,965:INFO: Total Length: -28
2026-03-25 16:04:18,965:INFO: Loading Deep MeshFlows: ./data/NUS_dataset/MyTest/original/motions/mesh/test_video/370.npy
2026-03-25 16:04:18,965:INFO: Total Length: -28
2026-03-25 16:04:18,965:INFO: Loading Deep MeshFlows: ./data/NUS_dataset/MyTest/original/motions/mesh/test_video/371.npy
2026-03-25 16:04:18,966:INFO: Total Length: -28
2026-03-25 16:04:18,966:INFO: Loading Deep MeshFlows: ./data/NUS_dataset/MyTest/original/motions/mesh/test_video/372.npy
2026-03-25 16:04:18,966:INFO: Total Length: -28
2026-03-25 16:04:18,966:INFO: Loading Deep MeshFlows: ./data/NUS_dataset/MyTest/original/motions/mesh/test_video/373.npy
2026-03-25 16:04:18,967:INFO: Total Length: -28
2026-03-25 16:04:18,967:INFO: Loading Deep MeshFlows: ./data/NUS_dataset/MyTest/original/motions/mesh/test_video/374.npy
2026-03-25 16:04:18,967:INFO: Total Length: -28
2026-03-25 16:04:18,967:INFO: Loading Deep MeshFlows: ./data/NUS_dataset/MyTest/original/motions/mesh/test_video/375.npy
2026-03-25 16:04:18,968:INFO: Total Length: -28
2026-03-25 16:04:18,968:INFO: Loading Deep MeshFlows: ./data/NUS_dataset/MyTest/original/motions/mesh/test_video/376.npy
2026-03-25 16:04:18,968:INFO: Total Length: -28
2026-03-25 16:04:18,969:INFO: Loading Deep MeshFlows: ./data/NUS_dataset/MyTest/original/motions/mesh/test_video/377.npy
2026-03-25 16:04:18,969:INFO: Total Length: -28
2026-03-25 16:04:18,969:INFO: Loading Deep MeshFlows: ./data/NUS_dataset/MyTest/original/motions/mesh/test_video/378.npy
2026-03-25 16:04:18,969:INFO: Total Length: -28
2026-03-25 16:04:18,970:INFO: Loading Deep MeshFlows: ./data/NUS_dataset/MyTest/original/motions/mesh/test_video/379.npy
2026-03-25 16:04:18,970:INFO: Total Length: -28
2026-03-25 16:04:18,970:INFO: Loading Deep MeshFlows: ./data/NUS_dataset/MyTest/original/motions/mesh/test_video/380.npy
2026-03-25 16:04:18,971:INFO: Total Length: -28
2026-03-25 16:04:18,971:INFO: Loading Deep MeshFlows: ./data/NUS_dataset/MyTest/original/motions/mesh/test_video/381.npy
2026-03-25 16:04:18,971:INFO: Total Length: -28
2026-03-25 16:04:18,972:INFO: Loading Deep MeshFlows: ./data/NUS_dataset/MyTest/original/motions/mesh/test_video/382.npy
2026-03-25 16:04:18,972:INFO: Total Length: -28
2026-03-25 16:04:18,972:INFO: Loading Deep MeshFlows: ./data/NUS_dataset/MyTest/original/motions/mesh/test_video/383.npy
2026-03-25 16:04:18,973:INFO: Total Length: -28
2026-03-25 16:04:18,973:INFO: Loading Deep MeshFlows: ./data/NUS_dataset/MyTest/original/motions/mesh/test_video/384.npy
2026-03-25 16:04:18,974:INFO: Total Length: -28
2026-03-25 16:04:18,974:INFO: Loading Deep MeshFlows: ./data/NUS_dataset/MyTest/original/motions/mesh/test_video/385.npy
2026-03-25 16:04:18,974:INFO: Total Length: -28
2026-03-25 16:04:18,974:INFO: Loading Deep MeshFlows: ./data/NUS_dataset/MyTest/original/motions/mesh/test_video/386.npy
2026-03-25 16:04:18,975:INFO: Total Length: -28
2026-03-25 16:04:18,975:INFO: Loading Deep MeshFlows: ./data/NUS_dataset/MyTest/original/motions/mesh/test_video/387.npy
2026-03-25 16:04:18,976:INFO: Total Length: -28
2026-03-25 16:04:18,976:INFO: Loading Deep MeshFlows: ./data/NUS_dataset/MyTest/original/motions/mesh/test_video/388.npy
2026-03-25 16:04:18,976:INFO: Total Length: -28
2026-03-25 16:04:18,977:INFO: Loading Deep MeshFlows: ./data/NUS_dataset/MyTest/original/motions/mesh/test_video/389.npy
2026-03-25 16:04:18,977:INFO: Total Length: -28
2026-03-25 16:04:18,977:INFO: Loading Deep MeshFlows: ./data/NUS_dataset/MyTest/original/motions/mesh/test_video/390.npy
2026-03-25 16:04:18,977:INFO: Total Length: -28
2026-03-25 16:04:18,978:INFO: Loading Deep MeshFlows: ./data/NUS_dataset/MyTest/original/motions/mesh/test_video/391.npy
2026-03-25 16:04:18,978:INFO: Total Length: -28
2026-03-25 16:04:18,978:INFO: Loading Deep MeshFlows: ./data/NUS_dataset/MyTest/original/motions/mesh/test_video/392.npy
2026-03-25 16:04:18,979:INFO: Total Length: -28
2026-03-25 16:04:18,979:INFO: Loading Deep MeshFlows: ./data/NUS_dataset/MyTest/original/motions/mesh/test_video/393.npy
2026-03-25 16:04:18,979:INFO: Total Length: -28
2026-03-25 16:04:18,979:INFO: Loading Deep MeshFlows: ./data/NUS_dataset/MyTest/original/motions/mesh/test_video/394.npy
2026-03-25 16:04:18,980:INFO: Total Length: -28
2026-03-25 16:04:18,980:INFO: Loading Deep MeshFlows: ./data/NUS_dataset/MyTest/original/motions/mesh/test_video/395.npy
2026-03-25 16:04:18,980:INFO: Total Length: -28
2026-03-25 16:04:18,981:INFO: Loading Deep MeshFlows: ./data/NUS_dataset/MyTest/original/motions/mesh/test_video/396.npy
2026-03-25 16:04:18,981:INFO: Total Length: -28
2026-03-25 16:04:18,981:INFO: Loading Deep MeshFlows: ./data/NUS_dataset/MyTest/original/motions/mesh/test_video/397.npy
2026-03-25 16:04:18,982:INFO: Total Length: -28
2026-03-25 16:04:18,982:INFO: Loading Deep MeshFlows: ./data/NUS_dataset/MyTest/original/motions/mesh/test_video/398.npy
2026-03-25 16:04:18,982:INFO: Total Length: -28
2026-03-25 16:04:18,982:INFO: Loading Deep MeshFlows: ./data/NUS_dataset/MyTest/original/motions/mesh/test_video/399.npy
2026-03-25 16:04:18,983:INFO: Total Length: -28
2026-03-25 16:04:18,983:INFO: Loading Deep MeshFlows: ./data/NUS_dataset/MyTest/original/motions/mesh/test_video/400.npy
2026-03-25 16:04:18,983:INFO: Total Length: -28
2026-03-25 16:04:18,983:INFO: Loading Deep MeshFlows: ./data/NUS_dataset/MyTest/original/motions/mesh/test_video/401.npy
2026-03-25 16:04:18,984:INFO: Total Length: -28
2026-03-25 16:04:18,984:INFO: Loading Deep MeshFlows: ./data/NUS_dataset/MyTest/original/motions/mesh/test_video/402.npy
2026-03-25 16:04:18,984:INFO: Total Length: -28
2026-03-25 16:04:18,985:INFO: Loading Deep MeshFlows: ./data/NUS_dataset/MyTest/original/motions/mesh/test_video/403.npy
2026-03-25 16:04:18,985:INFO: Total Length: -28
2026-03-25 16:04:18,985:INFO: Loading Deep MeshFlows: ./data/NUS_dataset/MyTest/original/motions/mesh/test_video/404.npy
2026-03-25 16:04:18,986:INFO: Total Length: -28
2026-03-25 16:04:18,986:INFO: Loading Deep MeshFlows: ./data/NUS_dataset/MyTest/original/motions/mesh/test_video/405.npy
2026-03-25 16:04:18,986:INFO: Total Length: -28
2026-03-25 16:04:18,986:INFO: Loading Deep MeshFlows: ./data/NUS_dataset/MyTest/original/motions/mesh/test_video/406.npy
2026-03-25 16:04:18,987:INFO: Total Length: -28
2026-03-25 16:04:18,987:INFO: Loading Deep MeshFlows: ./data/NUS_dataset/MyTest/original/motions/mesh/test_video/407.npy
2026-03-25 16:04:18,987:INFO: Total Length: -28
2026-03-25 16:04:18,988:INFO: Loading Deep MeshFlows: ./data/NUS_dataset/MyTest/original/motions/mesh/test_video/408.npy
2026-03-25 16:04:18,988:INFO: Total Length: -28
2026-03-25 16:04:18,988:INFO: Loading Deep MeshFlows: ./data/NUS_dataset/MyTest/original/motions/mesh/test_video/409.npy
2026-03-25 16:04:18,988:INFO: Total Length: -28
2026-03-25 16:04:18,989:INFO: Loading Deep MeshFlows: ./data/NUS_dataset/MyTest/original/motions/mesh/test_video/410.npy
2026-03-25 16:04:18,989:INFO: Total Length: -28
2026-03-25 16:04:18,989:INFO: Loading Deep MeshFlows: ./data/NUS_dataset/MyTest/original/motions/mesh/test_video/411.npy
2026-03-25 16:04:18,990:INFO: Total Length: -28
2026-03-25 16:04:18,990:INFO: Loading Deep MeshFlows: ./data/NUS_dataset/MyTest/original/motions/mesh/test_video/412.npy
2026-03-25 16:04:18,990:INFO: Total Length: -28
2026-03-25 16:04:18,990:INFO: Loading Deep MeshFlows: ./data/NUS_dataset/MyTest/original/motions/mesh/test_video/413.npy
2026-03-25 16:04:18,991:INFO: Total Length: -28
2026-03-25 16:04:18,991:INFO: Loading Deep MeshFlows: ./data/NUS_dataset/MyTest/original/motions/mesh/test_video/414.npy
2026-03-25 16:04:18,991:INFO: Total Length: -28
2026-03-25 16:04:18,992:INFO: Loading Deep MeshFlows: ./data/NUS_dataset/MyTest/original/motions/mesh/test_video/415.npy
2026-03-25 16:04:18,992:INFO: Total Length: -28
2026-03-25 16:04:18,993:INFO: Loading Deep MeshFlows: ./data/NUS_dataset/MyTest/original/motions/mesh/test_video/416.npy
2026-03-25 16:04:18,993:INFO: Total Length: -28
2026-03-25 16:04:18,993:INFO: Loading Deep MeshFlows: ./data/NUS_dataset/MyTest/original/motions/mesh/test_video/417.npy
2026-03-25 16:04:18,993:INFO: Total Length: -28
2026-03-25 16:04:18,994:INFO: Loading Deep MeshFlows: ./data/NUS_dataset/MyTest/original/motions/mesh/test_video/418.npy
2026-03-25 16:04:18,994:INFO: Total Length: -28
2026-03-25 16:04:18,994:INFO: Loading Deep MeshFlows: ./data/NUS_dataset/MyTest/original/motions/mesh/test_video/419.npy
2026-03-25 16:04:18,995:INFO: Total Length: -28
2026-03-25 16:04:18,995:INFO: Loading Deep MeshFlows: ./data/NUS_dataset/MyTest/original/motions/mesh/test_video/420.npy
2026-03-25 16:04:18,995:INFO: Total Length: -28
2026-03-25 16:04:18,995:INFO: Loading Deep MeshFlows: ./data/NUS_dataset/MyTest/original/motions/mesh/test_video/421.npy
2026-03-25 16:04:18,996:INFO: Total Length: -28
2026-03-25 16:04:18,996:INFO: Loading Deep MeshFlows: ./data/NUS_dataset/MyTest/original/motions/mesh/test_video/422.npy
2026-03-25 16:04:18,996:INFO: Total Length: -28
2026-03-25 16:04:18,996:INFO: Loading Deep MeshFlows: ./data/NUS_dataset/MyTest/original/motions/mesh/test_video/423.npy
2026-03-25 16:04:18,997:INFO: Total Length: -28
2026-03-25 16:04:18,997:INFO: Loading Deep MeshFlows: ./data/NUS_dataset/MyTest/original/motions/mesh/test_video/424.npy
2026-03-25 16:04:18,997:INFO: Total Length: -28
2026-03-25 16:04:18,997:INFO: Loading Deep MeshFlows: ./data/NUS_dataset/MyTest/original/motions/mesh/test_video/425.npy
2026-03-25 16:04:18,998:INFO: Total Length: -28
2026-03-25 16:04:18,998:INFO: Loading Deep MeshFlows: ./data/NUS_dataset/MyTest/original/motions/mesh/test_video/426.npy
2026-03-25 16:04:18,998:INFO: Total Length: -28
2026-03-25 16:04:18,999:INFO: Loading Deep MeshFlows: ./data/NUS_dataset/MyTest/original/motions/mesh/test_video/427.npy
2026-03-25 16:04:18,999:INFO: Total Length: -28
2026-03-25 16:04:18,999:INFO: Loading Deep MeshFlows: ./data/NUS_dataset/MyTest/original/motions/mesh/test_video/428.npy
2026-03-25 16:04:18,999:INFO: Total Length: -28
2026-03-25 16:04:19,000:INFO: Loading Deep MeshFlows: ./data/NUS_dataset/MyTest/original/motions/mesh/test_video/429.npy
2026-03-25 16:04:19,000:INFO: Total Length: -28
2026-03-25 16:04:19,000:INFO: Loading Deep MeshFlows: ./data/NUS_dataset/MyTest/original/motions/mesh/test_video/430.npy
2026-03-25 16:04:19,001:INFO: Total Length: -28
2026-03-25 16:04:19,001:INFO: Loading Deep MeshFlows: ./data/NUS_dataset/MyTest/original/motions/mesh/test_video/431.npy
2026-03-25 16:04:19,001:INFO: Total Length: -28
2026-03-25 16:04:19,001:WARNING: Dosya bulunamadı, atlanıyor: ./data/NUS_dataset/MyTest/original/motions/mesh/test_video/432.npy
2026-03-25 16:04:19,001:INFO: Total Length: 0
2026-03-25 16:04:19,001:INFO: Loading Pretrained Model From: ./pretrained/pretrained_model.pth.tar
2026-03-25 16:04:27,100:INFO: Starting Evaluation...
2026-03-25 16:04:27,100:INFO: Eval Video: 0
2026-03-25 16:07:16,311:INFO: Loading Datasets...
2026-03-25 16:07:16,311:INFO: Video Dir: ./data/NUS_dataset/MyTest/original/videos
2026-03-25 16:07:16,311:INFO: Motion Dir: ./data/NUS_dataset/MyTest/original/motions/mesh/test_video
2026-03-25 16:07:16,311:INFO: Fetch Evaluate Dataloaders...
2026-03-25 16:07:16,312:INFO: Loading Deep MeshFlows: ./data/NUS_dataset/MyTest/original/motions/mesh/test_video/0.npy
2026-03-25 16:07:16,315:INFO: Total Length: -28
2026-03-25 16:07:16,315:INFO: Loading Deep MeshFlows: ./data/NUS_dataset/MyTest/original/motions/mesh/test_video/1.npy
2026-03-25 16:07:16,315:INFO: Total Length: -28
2026-03-25 16:07:16,315:INFO: Loading Deep MeshFlows: ./data/NUS_dataset/MyTest/original/motions/mesh/test_video/2.npy
2026-03-25 16:07:16,316:INFO: Total Length: -28
2026-03-25 16:07:16,316:INFO: Loading Deep MeshFlows: ./data/NUS_dataset/MyTest/original/motions/mesh/test_video/3.npy
2026-03-25 16:07:16,316:INFO: Total Length: -28
2026-03-25 16:07:16,316:INFO: Loading Deep MeshFlows: ./data/NUS_dataset/MyTest/original/motions/mesh/test_video/4.npy
2026-03-25 16:07:16,317:INFO: Total Length: -28
2026-03-25 16:07:16,317:INFO: Loading Deep MeshFlows: ./data/NUS_dataset/MyTest/original/motions/mesh/test_video/5.npy
2026-03-25 16:07:16,317:INFO: Total Length: -28
2026-03-25 16:07:16,317:INFO: Loading Deep MeshFlows: ./data/NUS_dataset/MyTest/original/motions/mesh/test_video/6.npy
2026-03-25 16:07:16,317:INFO: Total Length: -28
2026-03-25 16:07:16,318:INFO: Loading Deep MeshFlows: ./data/NUS_dataset/MyTest/original/motions/mesh/test_video/7.npy
2026-03-25 16:07:16,318:INFO: Total Length: -28
2026-03-25 16:07:16,318:INFO: Loading Deep MeshFlows: ./data/NUS_dataset/MyTest/original/motions/mesh/test_video/8.npy
2026-03-25 16:07:16,318:INFO: Total Length: -28
2026-03-25 16:07:16,318:INFO: Loading Deep MeshFlows: ./data/NUS_dataset/MyTest/original/motions/mesh/test_video/9.npy
2026-03-25 16:07:16,319:INFO: Total Length: -28
2026-03-25 16:07:16,319:INFO: Loading Deep MeshFlows: ./data/NUS_dataset/MyTest/original/motions/mesh/test_video/10.npy
2026-03-25 16:07:16,319:INFO: Total Length: -28
2026-03-25 16:07:16,319:INFO: Loading Deep MeshFlows: ./data/NUS_dataset/MyTest/original/motions/mesh/test_video/11.npy
2026-03-25 16:07:16,320:INFO: Total Length: -28
2026-03-25 16:07:16,320:INFO: Loading Deep MeshFlows: ./data/NUS_dataset/MyTest/original/motions/mesh/test_video/12.npy
2026-03-25 16:07:16,320:INFO: Total Length: -28
2026-03-25 16:07:16,320:INFO: Loading Deep MeshFlows: ./data/NUS_dataset/MyTest/original/motions/mesh/test_video/13.npy
2026-03-25 16:07:16,321:INFO: Total Length: -28
2026-03-25 16:07:16,321:INFO: Loading Deep MeshFlows: ./data/NUS_dataset/MyTest/original/motions/mesh/test_video/14.npy
2026-03-25 16:07:16,321:INFO: Total Length: -28
2026-03-25 16:07:16,321:INFO: Loading Deep MeshFlows: ./data/NUS_dataset/MyTest/original/motions/mesh/test_video/15.npy
2026-03-25 16:07:16,321:INFO: Total Length: -28
2026-03-25 16:07:16,321:INFO: Loading Deep MeshFlows: ./data/NUS_dataset/MyTest/original/motions/mesh/test_video/16.npy
2026-03-25 16:07:16,322:INFO: Total Length: -28
2026-03-25 16:07:16,322:INFO: Loading Deep MeshFlows: ./data/NUS_dataset/MyTest/original/motions/mesh/test_video/17.npy
2026-03-25 16:07:16,322:INFO: Total Length: -28
2026-03-25 16:07:16,322:INFO: Loading Deep MeshFlows: ./data/NUS_dataset/MyTest/original/motions/mesh/test_video/18.npy
2026-03-25 16:07:16,323:INFO: Total Length: -28
2026-03-25 16:07:16,323:INFO: Loading Deep MeshFlows: ./data/NUS_dataset/MyTest/original/motions/mesh/test_video/19.npy
2026-03-25 16:07:16,323:INFO: Total Length: -28
2026-03-25 16:07:16,323:INFO: Loading Deep MeshFlows: ./data/NUS_dataset/MyTest/original/motions/mesh/test_video/20.npy
2026-03-25 16:07:16,323:INFO: Total Length: -28
2026-03-25 16:07:16,324:INFO: Loading Deep MeshFlows: ./data/NUS_dataset/MyTest/original/motions/mesh/test_video/21.npy
2026-03-25 16:07:16,324:INFO: Total Length: -28
2026-03-25 16:07:16,324:INFO: Loading Deep MeshFlows: ./data/NUS_dataset/MyTest/original/motions/mesh/test_video/22.npy
2026-03-25 16:07:16,324:INFO: Total Length: -28
2026-03-25 16:07:16,324:INFO: Loading Deep MeshFlows: ./data/NUS_dataset/MyTest/original/motions/mesh/test_video/23.npy
2026-03-25 16:07:16,325:INFO: Total Length: -28
2026-03-25 16:07:16,325:INFO: Loading Deep MeshFlows: ./data/NUS_dataset/MyTest/original/motions/mesh/test_video/24.npy
2026-03-25 16:07:16,325:INFO: Total Length: -28
2026-03-25 16:07:16,325:INFO: Loading Deep MeshFlows: ./data/NUS_dataset/MyTest/original/motions/mesh/test_video/25.npy
2026-03-25 16:07:16,326:INFO: Total Length: -28
2026-03-25 16:07:16,326:INFO: Loading Deep MeshFlows: ./data/NUS_dataset/MyTest/original/motions/mesh/test_video/26.npy
2026-03-25 16:07:16,326:INFO: Total Length: -28
2026-03-25 16:07:16,326:INFO: Loading Deep MeshFlows: ./data/NUS_dataset/MyTest/original/motions/mesh/test_video/27.npy
2026-03-25 16:07:16,326:INFO: Total Length: -28
2026-03-25 16:07:16,327:INFO: Loading Deep MeshFlows: ./data/NUS_dataset/MyTest/original/motions/mesh/test_video/28.npy
2026-03-25 16:07:16,327:INFO: Total Length: -28
2026-03-25 16:07:16,327:INFO: Loading Deep MeshFlows: ./data/NUS_dataset/MyTest/original/motions/mesh/test_video/29.npy
2026-03-25 16:07:16,327:INFO: Total Length: -28
2026-03-25 16:07:16,328:INFO: Loading Deep MeshFlows: ./data/NUS_dataset/MyTest/original/motions/mesh/test_video/30.npy
2026-03-25 16:07:16,328:INFO: Total Length: -28
2026-03-25 16:07:16,328:INFO: Loading Deep MeshFlows: ./data/NUS_dataset/MyTest/original/motions/mesh/test_video/31.npy
2026-03-25 16:07:16,328:INFO: Total Length: -28
2026-03-25 16:07:16,328:INFO: Loading Deep MeshFlows: ./data/NUS_dataset/MyTest/original/motions/mesh/test_video/32.npy
2026-03-25 16:07:16,329:INFO: Total Length: -28
2026-03-25 16:07:16,329:INFO: Loading Deep MeshFlows: ./data/NUS_dataset/MyTest/original/motions/mesh/test_video/33.npy
2026-03-25 16:07:16,329:INFO: Total Length: -28
2026-03-25 16:07:16,329:INFO: Loading Deep MeshFlows: ./data/NUS_dataset/MyTest/original/motions/mesh/test_video/34.npy
2026-03-25 16:07:16,329:INFO: Total Length: -28
2026-03-25 16:07:16,330:INFO: Loading Deep MeshFlows: ./data/NUS_dataset/MyTest/original/motions/mesh/test_video/35.npy
2026-03-25 16:07:16,330:INFO: Total Length: -28
2026-03-25 16:07:16,330:INFO: Loading Deep MeshFlows: ./data/NUS_dataset/MyTest/original/motions/mesh/test_video/36.npy
2026-03-25 16:07:16,330:INFO: Total Length: -28
2026-03-25 16:07:16,331:INFO: Loading Deep MeshFlows: ./data/NUS_dataset/MyTest/original/motions/mesh/test_video/37.npy
2026-03-25 16:07:16,331:INFO: Total Length: -28
2026-03-25 16:07:16,331:INFO: Loading Deep MeshFlows: ./data/NUS_dataset/MyTest/original/motions/mesh/test_video/38.npy
2026-03-25 16:07:16,331:INFO: Total Length: -28
2026-03-25 16:07:16,332:INFO: Loading Deep MeshFlows: ./data/NUS_dataset/MyTest/original/motions/mesh/test_video/39.npy
2026-03-25 16:07:16,332:INFO: Total Length: -28
2026-03-25 16:07:16,332:INFO: Loading Deep MeshFlows: ./data/NUS_dataset/MyTest/original/motions/mesh/test_video/40.npy
2026-03-25 16:07:16,332:INFO: Total Length: -28
2026-03-25 16:07:16,333:INFO: Loading Deep MeshFlows: ./data/NUS_dataset/MyTest/original/motions/mesh/test_video/41.npy
2026-03-25 16:07:16,333:INFO: Total Length: -28
2026-03-25 16:07:16,333:INFO: Loading Deep MeshFlows: ./data/NUS_dataset/MyTest/original/motions/mesh/test_video/42.npy
2026-03-25 16:07:16,333:INFO: Total Length: -28
2026-03-25 16:07:16,334:INFO: Loading Deep MeshFlows: ./data/NUS_dataset/MyTest/original/motions/mesh/test_video/43.npy
2026-03-25 16:07:16,334:INFO: Total Length: -28
2026-03-25 16:07:16,334:INFO: Loading Deep MeshFlows: ./data/NUS_dataset/MyTest/original/motions/mesh/test_video/44.npy
2026-03-25 16:07:16,334:INFO: Total Length: -28
2026-03-25 16:07:16,334:INFO: Loading Deep MeshFlows: ./data/NUS_dataset/MyTest/original/motions/mesh/test_video/45.npy
2026-03-25 16:07:16,335:INFO: Total Length: -28
2026-03-25 16:07:16,335:INFO: Loading Deep MeshFlows: ./data/NUS_dataset/MyTest/original/motions/mesh/test_video/46.npy
2026-03-25 16:07:16,335:INFO: Total Length: -28
2026-03-25 16:07:16,335:INFO: Loading Deep MeshFlows: ./data/NUS_dataset/MyTest/original/motions/mesh/test_video/47.npy
2026-03-25 16:07:16,336:INFO: Total Length: -28
2026-03-25 16:07:16,336:INFO: Loading Deep MeshFlows: ./data/NUS_dataset/MyTest/original/motions/mesh/test_video/48.npy
2026-03-25 16:07:16,336:INFO: Total Length: -28
2026-03-25 16:07:16,336:INFO: Loading Deep MeshFlows: ./data/NUS_dataset/MyTest/original/motions/mesh/test_video/49.npy
2026-03-25 16:07:16,336:INFO: Total Length: -28
2026-03-25 16:07:16,336:INFO: Loading Deep MeshFlows: ./data/NUS_dataset/MyTest/original/motions/mesh/test_video/50.npy
2026-03-25 16:07:16,337:INFO: Total Length: -28
2026-03-25 16:07:16,337:INFO: Loading Deep MeshFlows: ./data/NUS_dataset/MyTest/original/motions/mesh/test_video/51.npy
2026-03-25 16:07:16,337:INFO: Total Length: -28
2026-03-25 16:07:16,337:INFO: Loading Deep MeshFlows: ./data/NUS_dataset/MyTest/original/motions/mesh/test_video/52.npy
2026-03-25 16:07:16,338:INFO: Total Length: -28
2026-03-25 16:07:16,338:INFO: Loading Deep MeshFlows: ./data/NUS_dataset/MyTest/original/motions/mesh/test_video/53.npy
2026-03-25 16:07:16,338:INFO: Total Length: -28
2026-03-25 16:07:16,338:INFO: Loading Deep MeshFlows: ./data/NUS_dataset/MyTest/original/motions/mesh/test_video/54.npy
2026-03-25 16:07:16,338:INFO: Total Length: -28
2026-03-25 16:07:16,339:INFO: Loading Deep MeshFlows: ./data/NUS_dataset/MyTest/original/motions/mesh/test_video/55.npy
2026-03-25 16:07:16,339:INFO: Total Length: -28
2026-03-25 16:07:16,339:INFO: Loading Deep MeshFlows: ./data/NUS_dataset/MyTest/original/motions/mesh/test_video/56.npy
2026-03-25 16:07:16,339:INFO: Total Length: -28
2026-03-25 16:07:16,339:INFO: Loading Deep MeshFlows: ./data/NUS_dataset/MyTest/original/motions/mesh/test_video/57.npy
2026-03-25 16:07:16,340:INFO: Total Length: -28
2026-03-25 16:07:16,340:INFO: Loading Deep MeshFlows: ./data/NUS_dataset/MyTest/original/motions/mesh/test_video/58.npy
2026-03-25 16:07:16,340:INFO: Total Length: -28
2026-03-25 16:07:16,340:INFO: Loading Deep MeshFlows: ./data/NUS_dataset/MyTest/original/motions/mesh/test_video/59.npy
2026-03-25 16:07:16,341:INFO: Total Length: -28
2026-03-25 16:07:16,341:INFO: Loading Deep MeshFlows: ./data/NUS_dataset/MyTest/original/motions/mesh/test_video/60.npy
2026-03-25 16:07:16,341:INFO: Total Length: -28
2026-03-25 16:07:16,341:INFO: Loading Deep MeshFlows: ./data/NUS_dataset/MyTest/original/motions/mesh/test_video/61.npy
2026-03-25 16:07:16,341:INFO: Total Length: -28
2026-03-25 16:07:16,342:INFO: Loading Deep MeshFlows: ./data/NUS_dataset/MyTest/original/motions/mesh/test_video/62.npy
2026-03-25 16:07:16,342:INFO: Total Length: -28
2026-03-25 16:07:16,342:INFO: Loading Deep MeshFlows: ./data/NUS_dataset/MyTest/original/motions/mesh/test_video/63.npy
2026-03-25 16:07:16,342:INFO: Total Length: -28
2026-03-25 16:07:16,342:INFO: Loading Deep MeshFlows: ./data/NUS_dataset/MyTest/original/motions/mesh/test_video/64.npy
2026-03-25 16:07:16,343:INFO: Total Length: -28
2026-03-25 16:07:16,343:INFO: Loading Deep MeshFlows: ./data/NUS_dataset/MyTest/original/motions/mesh/test_video/65.npy
2026-03-25 16:07:16,343:INFO: Total Length: -28
2026-03-25 16:07:16,343:INFO: Loading Deep MeshFlows: ./data/NUS_dataset/MyTest/original/motions/mesh/test_video/66.npy
2026-03-25 16:07:16,344:INFO: Total Length: -28
2026-03-25 16:07:16,344:INFO: Loading Deep MeshFlows: ./data/NUS_dataset/MyTest/original/motions/mesh/test_video/67.npy
2026-03-25 16:07:16,344:INFO: Total Length: -28
2026-03-25 16:07:16,344:INFO: Loading Deep MeshFlows: ./data/NUS_dataset/MyTest/original/motions/mesh/test_video/68.npy
2026-03-25 16:07:16,344:INFO: Total Length: -28
2026-03-25 16:07:16,344:INFO: Loading Deep MeshFlows: ./data/NUS_dataset/MyTest/original/motions/mesh/test_video/69.npy
2026-03-25 16:07:16,345:INFO: Total Length: -28
2026-03-25 16:07:16,345:INFO: Loading Deep MeshFlows: ./data/NUS_dataset/MyTest/original/motions/mesh/test_video/70.npy
2026-03-25 16:07:16,345:INFO: Total Length: -28
2026-03-25 16:07:16,345:INFO: Loading Deep MeshFlows: ./data/NUS_dataset/MyTest/original/motions/mesh/test_video/71.npy
2026-03-25 16:07:16,346:INFO: Total Length: -28
2026-03-25 16:07:16,346:INFO: Loading Deep MeshFlows: ./data/NUS_dataset/MyTest/original/motions/mesh/test_video/72.npy
2026-03-25 16:07:16,346:INFO: Total Length: -28
2026-03-25 16:07:16,346:INFO: Loading Deep MeshFlows: ./data/NUS_dataset/MyTest/original/motions/mesh/test_video/73.npy
2026-03-25 16:07:16,347:INFO: Total Length: -28
2026-03-25 16:07:16,347:INFO: Loading Deep MeshFlows: ./data/NUS_dataset/MyTest/original/motions/mesh/test_video/74.npy
2026-03-25 16:07:16,347:INFO: Total Length: -28
2026-03-25 16:07:16,347:INFO: Loading Deep MeshFlows: ./data/NUS_dataset/MyTest/original/motions/mesh/test_video/75.npy
2026-03-25 16:07:16,347:INFO: Total Length: -28
2026-03-25 16:07:16,347:INFO: Loading Deep MeshFlows: ./data/NUS_dataset/MyTest/original/motions/mesh/test_video/76.npy
2026-03-25 16:07:16,348:INFO: Total Length: -28
2026-03-25 16:07:16,348:INFO: Loading Deep MeshFlows: ./data/NUS_dataset/MyTest/original/motions/mesh/test_video/77.npy
2026-03-25 16:07:16,348:INFO: Total Length: -28
2026-03-25 16:07:16,348:INFO: Loading Deep MeshFlows: ./data/NUS_dataset/MyTest/original/motions/mesh/test_video/78.npy
2026-03-25 16:07:16,349:INFO: Total Length: -28
2026-03-25 16:07:16,349:INFO: Loading Deep MeshFlows: ./data/NUS_dataset/MyTest/original/motions/mesh/test_video/79.npy
2026-03-25 16:07:16,349:INFO: Total Length: -28
2026-03-25 16:07:16,349:INFO: Loading Deep MeshFlows: ./data/NUS_dataset/MyTest/original/motions/mesh/test_video/80.npy
2026-03-25 16:07:16,349:INFO: Total Length: -28
2026-03-25 16:07:16,350:INFO: Loading Deep MeshFlows: ./data/NUS_dataset/MyTest/original/motions/mesh/test_video/81.npy
2026-03-25 16:07:16,350:INFO: Total Length: -28
2026-03-25 16:07:16,350:INFO: Loading Deep MeshFlows: ./data/NUS_dataset/MyTest/original/motions/mesh/test_video/82.npy
2026-03-25 16:07:16,350:INFO: Total Length: -28
2026-03-25 16:07:16,350:INFO: Loading Deep MeshFlows: ./data/NUS_dataset/MyTest/original/motions/mesh/test_video/83.npy
2026-03-25 16:07:16,351:INFO: Total Length: -28
2026-03-25 16:07:16,351:INFO: Loading Deep MeshFlows: ./data/NUS_dataset/MyTest/original/motions/mesh/test_video/84.npy
2026-03-25 16:07:16,351:INFO: Total Length: -28
2026-03-25 16:07:16,351:INFO: Loading Deep MeshFlows: ./data/NUS_dataset/MyTest/original/motions/mesh/test_video/85.npy
2026-03-25 16:07:16,352:INFO: Total Length: -28
2026-03-25 16:07:16,352:INFO: Loading Deep MeshFlows: ./data/NUS_dataset/MyTest/original/motions/mesh/test_video/86.npy
2026-03-25 16:07:16,352:INFO: Total Length: -28
2026-03-25 16:07:16,352:INFO: Loading Deep MeshFlows: ./data/NUS_dataset/MyTest/original/motions/mesh/test_video/87.npy
2026-03-25 16:07:16,352:INFO: Total Length: -28
2026-03-25 16:07:16,353:INFO: Loading Deep MeshFlows: ./data/NUS_dataset/MyTest/original/motions/mesh/test_video/88.npy
2026-03-25 16:07:16,353:INFO: Total Length: -28
2026-03-25 16:07:16,353:INFO: Loading Deep MeshFlows: ./data/NUS_dataset/MyTest/original/motions/mesh/test_video/89.npy
2026-03-25 16:07:16,353:INFO: Total Length: -28
2026-03-25 16:07:16,353:INFO: Loading Deep MeshFlows: ./data/NUS_dataset/MyTest/original/motions/mesh/test_video/90.npy
2026-03-25 16:07:16,354:INFO: Total Length: -28
2026-03-25 16:07:16,354:INFO: Loading Deep MeshFlows: ./data/NUS_dataset/MyTest/original/motions/mesh/test_video/91.npy
2026-03-25 16:07:16,354:INFO: Total Length: -28
2026-03-25 16:07:16,354:INFO: Loading Deep MeshFlows: ./data/NUS_dataset/MyTest/original/motions/mesh/test_video/92.npy
2026-03-25 16:07:16,354:INFO: Total Length: -28
2026-03-25 16:07:16,355:INFO: Loading Deep MeshFlows: ./data/NUS_dataset/MyTest/original/motions/mesh/test_video/93.npy
2026-03-25 16:07:16,355:INFO: Total Length: -28
2026-03-25 16:07:16,355:INFO: Loading Deep MeshFlows: ./data/NUS_dataset/MyTest/original/motions/mesh/test_video/94.npy
2026-03-25 16:07:16,355:INFO: Total Length: -28
2026-03-25 16:07:16,355:INFO: Loading Deep MeshFlows: ./data/NUS_dataset/MyTest/original/motions/mesh/test_video/95.npy
2026-03-25 16:07:16,356:INFO: Total Length: -28
2026-03-25 16:07:16,356:INFO: Loading Deep MeshFlows: ./data/NUS_dataset/MyTest/original/motions/mesh/test_video/96.npy
2026-03-25 16:07:16,356:INFO: Total Length: -28
2026-03-25 16:07:16,356:INFO: Loading Deep MeshFlows: ./data/NUS_dataset/MyTest/original/motions/mesh/test_video/97.npy
2026-03-25 16:07:16,356:INFO: Total Length: -28
2026-03-25 16:07:16,357:INFO: Loading Deep MeshFlows: ./data/NUS_dataset/MyTest/original/motions/mesh/test_video/98.npy
2026-03-25 16:07:16,357:INFO: Total Length: -28
2026-03-25 16:07:16,357:INFO: Loading Deep MeshFlows: ./data/NUS_dataset/MyTest/original/motions/mesh/test_video/99.npy
2026-03-25 16:07:16,357:INFO: Total Length: -28
2026-03-25 16:07:16,357:INFO: Loading Deep MeshFlows: ./data/NUS_dataset/MyTest/original/motions/mesh/test_video/100.npy
2026-03-25 16:07:16,358:INFO: Total Length: -28
2026-03-25 16:07:16,358:INFO: Loading Deep MeshFlows: ./data/NUS_dataset/MyTest/original/motions/mesh/test_video/101.npy
2026-03-25 16:07:16,358:INFO: Total Length: -28
2026-03-25 16:07:16,358:INFO: Loading Deep MeshFlows: ./data/NUS_dataset/MyTest/original/motions/mesh/test_video/102.npy
2026-03-25 16:07:16,359:INFO: Total Length: -28
2026-03-25 16:07:16,359:INFO: Loading Deep MeshFlows: ./data/NUS_dataset/MyTest/original/motions/mesh/test_video/103.npy
2026-03-25 16:07:16,359:INFO: Total Length: -28
2026-03-25 16:07:16,359:INFO: Loading Deep MeshFlows: ./data/NUS_dataset/MyTest/original/motions/mesh/test_video/104.npy
2026-03-25 16:07:16,359:INFO: Total Length: -28
2026-03-25 16:07:16,360:INFO: Loading Deep MeshFlows: ./data/NUS_dataset/MyTest/original/motions/mesh/test_video/105.npy
2026-03-25 16:07:16,360:INFO: Total Length: -28
2026-03-25 16:07:16,360:INFO: Loading Deep MeshFlows: ./data/NUS_dataset/MyTest/original/motions/mesh/test_video/106.npy
2026-03-25 16:07:16,360:INFO: Total Length: -28
2026-03-25 16:07:16,360:INFO: Loading Deep MeshFlows: ./data/NUS_dataset/MyTest/original/motions/mesh/test_video/107.npy
2026-03-25 16:07:16,361:INFO: Total Length: -28
2026-03-25 16:07:16,361:INFO: Loading Deep MeshFlows: ./data/NUS_dataset/MyTest/original/motions/mesh/test_video/108.npy
2026-03-25 16:07:16,361:INFO: Total Length: -28
2026-03-25 16:07:16,361:INFO: Loading Deep MeshFlows: ./data/NUS_dataset/MyTest/original/motions/mesh/test_video/109.npy
2026-03-25 16:07:16,362:INFO: Total Length: -28
2026-03-25 16:07:16,362:INFO: Loading Deep MeshFlows: ./data/NUS_dataset/MyTest/original/motions/mesh/test_video/110.npy
2026-03-25 16:07:16,362:INFO: Total Length: -28
2026-03-25 16:07:16,362:INFO: Loading Deep MeshFlows: ./data/NUS_dataset/MyTest/original/motions/mesh/test_video/111.npy
2026-03-25 16:07:16,362:INFO: Total Length: -28
2026-03-25 16:07:16,363:INFO: Loading Deep MeshFlows: ./data/NUS_dataset/MyTest/original/motions/mesh/test_video/112.npy
2026-03-25 16:07:16,363:INFO: Total Length: -28
2026-03-25 16:07:16,363:INFO: Loading Deep MeshFlows: ./data/NUS_dataset/MyTest/original/motions/mesh/test_video/113.npy
2026-03-25 16:07:16,363:INFO: Total Length: -28
2026-03-25 16:07:16,363:INFO: Loading Deep MeshFlows: ./data/NUS_dataset/MyTest/original/motions/mesh/test_video/114.npy
2026-03-25 16:07:16,364:INFO: Total Length: -28
2026-03-25 16:07:16,364:INFO: Loading Deep MeshFlows: ./data/NUS_dataset/MyTest/original/motions/mesh/test_video/115.npy
2026-03-25 16:07:16,364:INFO: Total Length: -28
2026-03-25 16:07:16,364:INFO: Loading Deep MeshFlows: ./data/NUS_dataset/MyTest/original/motions/mesh/test_video/116.npy
2026-03-25 16:07:16,365:INFO: Total Length: -28
2026-03-25 16:07:16,365:INFO: Loading Deep MeshFlows: ./data/NUS_dataset/MyTest/original/motions/mesh/test_video/117.npy
2026-03-25 16:07:16,365:INFO: Total Length: -28
2026-03-25 16:07:16,365:INFO: Loading Deep MeshFlows: ./data/NUS_dataset/MyTest/original/motions/mesh/test_video/118.npy
2026-03-25 16:07:16,365:INFO: Total Length: -28
2026-03-25 16:07:16,366:INFO: Loading Deep MeshFlows: ./data/NUS_dataset/MyTest/original/motions/mesh/test_video/119.npy
2026-03-25 16:07:16,366:INFO: Total Length: -28
2026-03-25 16:07:16,366:INFO: Loading Deep MeshFlows: ./data/NUS_dataset/MyTest/original/motions/mesh/test_video/120.npy
2026-03-25 16:07:16,366:INFO: Total Length: -28
2026-03-25 16:07:16,366:INFO: Loading Deep MeshFlows: ./data/NUS_dataset/MyTest/original/motions/mesh/test_video/121.npy
2026-03-25 16:07:16,367:INFO: Total Length: -28
2026-03-25 16:07:16,367:INFO: Loading Deep MeshFlows: ./data/NUS_dataset/MyTest/original/motions/mesh/test_video/122.npy
2026-03-25 16:07:16,367:INFO: Total Length: -28
2026-03-25 16:07:16,367:INFO: Loading Deep MeshFlows: ./data/NUS_dataset/MyTest/original/motions/mesh/test_video/123.npy
2026-03-25 16:07:16,368:INFO: Total Length: -28
2026-03-25 16:07:16,368:INFO: Loading Deep MeshFlows: ./data/NUS_dataset/MyTest/original/motions/mesh/test_video/124.npy
2026-03-25 16:07:16,368:INFO: Total Length: -28
2026-03-25 16:07:16,368:INFO: Loading Deep MeshFlows: ./data/NUS_dataset/MyTest/original/motions/mesh/test_video/125.npy
2026-03-25 16:07:16,368:INFO: Total Length: -28
2026-03-25 16:07:16,369:INFO: Loading Deep MeshFlows: ./data/NUS_dataset/MyTest/original/motions/mesh/test_video/126.npy
2026-03-25 16:07:16,369:INFO: Total Length: -28
2026-03-25 16:07:16,369:INFO: Loading Deep MeshFlows: ./data/NUS_dataset/MyTest/original/motions/mesh/test_video/127.npy
2026-03-25 16:07:16,369:INFO: Total Length: -28
2026-03-25 16:07:16,369:INFO: Loading Deep MeshFlows: ./data/NUS_dataset/MyTest/original/motions/mesh/test_video/128.npy
2026-03-25 16:07:16,370:INFO: Total Length: -28
2026-03-25 16:07:16,370:INFO: Loading Deep MeshFlows: ./data/NUS_dataset/MyTest/original/motions/mesh/test_video/129.npy
2026-03-25 16:07:16,370:INFO: Total Length: -28
2026-03-25 16:07:16,370:INFO: Loading Deep MeshFlows: ./data/NUS_dataset/MyTest/original/motions/mesh/test_video/130.npy
2026-03-25 16:07:16,371:INFO: Total Length: -28
2026-03-25 16:07:16,371:INFO: Loading Deep MeshFlows: ./data/NUS_dataset/MyTest/original/motions/mesh/test_video/131.npy
2026-03-25 16:07:16,371:INFO: Total Length: -28
2026-03-25 16:07:16,371:INFO: Loading Deep MeshFlows: ./data/NUS_dataset/MyTest/original/motions/mesh/test_video/132.npy
2026-03-25 16:07:16,371:INFO: Total Length: -28
2026-03-25 16:07:16,372:INFO: Loading Deep MeshFlows: ./data/NUS_dataset/MyTest/original/motions/mesh/test_video/133.npy
2026-03-25 16:07:16,372:INFO: Total Length: -28
2026-03-25 16:07:16,372:INFO: Loading Deep MeshFlows: ./data/NUS_dataset/MyTest/original/motions/mesh/test_video/134.npy
2026-03-25 16:07:16,372:INFO: Total Length: -28
2026-03-25 16:07:16,372:INFO: Loading Deep MeshFlows: ./data/NUS_dataset/MyTest/original/motions/mesh/test_video/135.npy
2026-03-25 16:07:16,373:INFO: Total Length: -28
2026-03-25 16:07:16,373:INFO: Loading Deep MeshFlows: ./data/NUS_dataset/MyTest/original/motions/mesh/test_video/136.npy
2026-03-25 16:07:16,373:INFO: Total Length: -28
2026-03-25 16:07:16,373:INFO: Loading Deep MeshFlows: ./data/NUS_dataset/MyTest/original/motions/mesh/test_video/137.npy
2026-03-25 16:07:16,374:INFO: Total Length: -28
2026-03-25 16:07:16,374:INFO: Loading Deep MeshFlows: ./data/NUS_dataset/MyTest/original/motions/mesh/test_video/138.npy
2026-03-25 16:07:16,374:INFO: Total Length: -28
2026-03-25 16:07:16,374:INFO: Loading Deep MeshFlows: ./data/NUS_dataset/MyTest/original/motions/mesh/test_video/139.npy
2026-03-25 16:07:16,374:INFO: Total Length: -28
2026-03-25 16:07:16,375:INFO: Loading Deep MeshFlows: ./data/NUS_dataset/MyTest/original/motions/mesh/test_video/140.npy
2026-03-25 16:07:16,375:INFO: Total Length: -28
2026-03-25 16:07:16,375:INFO: Loading Deep MeshFlows: ./data/NUS_dataset/MyTest/original/motions/mesh/test_video/141.npy
2026-03-25 16:07:16,375:INFO: Total Length: -28
2026-03-25 16:07:16,376:INFO: Loading Deep MeshFlows: ./data/NUS_dataset/MyTest/original/motions/mesh/test_video/142.npy
2026-03-25 16:07:16,376:INFO: Total Length: -28
2026-03-25 16:07:16,376:INFO: Loading Deep MeshFlows: ./data/NUS_dataset/MyTest/original/motions/mesh/test_video/143.npy
2026-03-25 16:07:16,376:INFO: Total Length: -28
2026-03-25 16:07:16,376:INFO: Loading Deep MeshFlows: ./data/NUS_dataset/MyTest/original/motions/mesh/test_video/144.npy
2026-03-25 16:07:16,377:INFO: Total Length: -28
2026-03-25 16:07:16,377:INFO: Loading Deep MeshFlows: ./data/NUS_dataset/MyTest/original/motions/mesh/test_video/145.npy
2026-03-25 16:07:16,377:INFO: Total Length: -28
2026-03-25 16:07:16,377:INFO: Loading Deep MeshFlows: ./data/NUS_dataset/MyTest/original/motions/mesh/test_video/146.npy
2026-03-25 16:07:16,377:INFO: Total Length: -28
2026-03-25 16:07:16,378:INFO: Loading Deep MeshFlows: ./data/NUS_dataset/MyTest/original/motions/mesh/test_video/147.npy
2026-03-25 16:07:16,378:INFO: Total Length: -28
2026-03-25 16:07:16,378:INFO: Loading Deep MeshFlows: ./data/NUS_dataset/MyTest/original/motions/mesh/test_video/148.npy
2026-03-25 16:07:16,378:INFO: Total Length: -28
2026-03-25 16:07:16,379:INFO: Loading Deep MeshFlows: ./data/NUS_dataset/MyTest/original/motions/mesh/test_video/149.npy
2026-03-25 16:07:16,379:INFO: Total Length: -28
2026-03-25 16:07:16,379:INFO: Loading Deep MeshFlows: ./data/NUS_dataset/MyTest/original/motions/mesh/test_video/150.npy
2026-03-25 16:07:16,379:INFO: Total Length: -28
2026-03-25 16:07:16,379:INFO: Loading Deep MeshFlows: ./data/NUS_dataset/MyTest/original/motions/mesh/test_video/151.npy
2026-03-25 16:07:16,380:INFO: Total Length: -28
2026-03-25 16:07:16,380:INFO: Loading Deep MeshFlows: ./data/NUS_dataset/MyTest/original/motions/mesh/test_video/152.npy
2026-03-25 16:07:16,380:INFO: Total Length: -28
2026-03-25 16:07:16,380:INFO: Loading Deep MeshFlows: ./data/NUS_dataset/MyTest/original/motions/mesh/test_video/153.npy
2026-03-25 16:07:16,380:INFO: Total Length: -28
2026-03-25 16:07:16,381:INFO: Loading Deep MeshFlows: ./data/NUS_dataset/MyTest/original/motions/mesh/test_video/154.npy
2026-03-25 16:07:16,381:INFO: Total Length: -28
2026-03-25 16:07:16,381:INFO: Loading Deep MeshFlows: ./data/NUS_dataset/MyTest/original/motions/mesh/test_video/155.npy
2026-03-25 16:07:16,381:INFO: Total Length: -28
2026-03-25 16:07:16,382:INFO: Loading Deep MeshFlows: ./data/NUS_dataset/MyTest/original/motions/mesh/test_video/156.npy
2026-03-25 16:07:16,382:INFO: Total Length: -28
2026-03-25 16:07:16,382:INFO: Loading Deep MeshFlows: ./data/NUS_dataset/MyTest/original/motions/mesh/test_video/157.npy
2026-03-25 16:07:16,382:INFO: Total Length: -28
2026-03-25 16:07:16,382:INFO: Loading Deep MeshFlows: ./data/NUS_dataset/MyTest/original/motions/mesh/test_video/158.npy
2026-03-25 16:07:16,383:INFO: Total Length: -28
2026-03-25 16:07:16,383:INFO: Loading Deep MeshFlows: ./data/NUS_dataset/MyTest/original/motions/mesh/test_video/159.npy
2026-03-25 16:07:16,383:INFO: Total Length: -28
2026-03-25 16:07:16,383:INFO: Loading Deep MeshFlows: ./data/NUS_dataset/MyTest/original/motions/mesh/test_video/160.npy
2026-03-25 16:07:16,383:INFO: Total Length: -28
2026-03-25 16:07:16,384:INFO: Loading Deep MeshFlows: ./data/NUS_dataset/MyTest/original/motions/mesh/test_video/161.npy
2026-03-25 16:07:16,384:INFO: Total Length: -28
2026-03-25 16:07:16,384:INFO: Loading Deep MeshFlows: ./data/NUS_dataset/MyTest/original/motions/mesh/test_video/162.npy
2026-03-25 16:07:16,384:INFO: Total Length: -28
2026-03-25 16:07:16,384:INFO: Loading Deep MeshFlows: ./data/NUS_dataset/MyTest/original/motions/mesh/test_video/163.npy
2026-03-25 16:07:16,385:INFO: Total Length: -28
2026-03-25 16:07:16,385:INFO: Loading Deep MeshFlows: ./data/NUS_dataset/MyTest/original/motions/mesh/test_video/164.npy
2026-03-25 16:07:16,385:INFO: Total Length: -28
2026-03-25 16:07:16,385:INFO: Loading Deep MeshFlows: ./data/NUS_dataset/MyTest/original/motions/mesh/test_video/165.npy
2026-03-25 16:07:16,386:INFO: Total Length: -28
2026-03-25 16:07:16,386:INFO: Loading Deep MeshFlows: ./data/NUS_dataset/MyTest/original/motions/mesh/test_video/166.npy
2026-03-25 16:07:16,386:INFO: Total Length: -28
2026-03-25 16:07:16,386:INFO: Loading Deep MeshFlows: ./data/NUS_dataset/MyTest/original/motions/mesh/test_video/167.npy
2026-03-25 16:07:16,387:INFO: Total Length: -28
2026-03-25 16:07:16,387:INFO: Loading Deep MeshFlows: ./data/NUS_dataset/MyTest/original/motions/mesh/test_video/168.npy
2026-03-25 16:07:16,387:INFO: Total Length: -28
2026-03-25 16:07:16,387:INFO: Loading Deep MeshFlows: ./data/NUS_dataset/MyTest/original/motions/mesh/test_video/169.npy
2026-03-25 16:07:16,387:INFO: Total Length: -28
2026-03-25 16:07:16,387:INFO: Loading Deep MeshFlows: ./data/NUS_dataset/MyTest/original/motions/mesh/test_video/170.npy
2026-03-25 16:07:16,388:INFO: Total Length: -28
2026-03-25 16:07:16,388:INFO: Loading Deep MeshFlows: ./data/NUS_dataset/MyTest/original/motions/mesh/test_video/171.npy
2026-03-25 16:07:16,388:INFO: Total Length: -28
2026-03-25 16:07:16,388:INFO: Loading Deep MeshFlows: ./data/NUS_dataset/MyTest/original/motions/mesh/test_video/172.npy
2026-03-25 16:07:16,389:INFO: Total Length: -28
2026-03-25 16:07:16,389:INFO: Loading Deep MeshFlows: ./data/NUS_dataset/MyTest/original/motions/mesh/test_video/173.npy
2026-03-25 16:07:16,389:INFO: Total Length: -28
2026-03-25 16:07:16,389:INFO: Loading Deep MeshFlows: ./data/NUS_dataset/MyTest/original/motions/mesh/test_video/174.npy
2026-03-25 16:07:16,389:INFO: Total Length: -28
2026-03-25 16:07:16,390:INFO: Loading Deep MeshFlows: ./data/NUS_dataset/MyTest/original/motions/mesh/test_video/175.npy
2026-03-25 16:07:16,390:INFO: Total Length: -28
2026-03-25 16:07:16,390:INFO: Loading Deep MeshFlows: ./data/NUS_dataset/MyTest/original/motions/mesh/test_video/176.npy
2026-03-25 16:07:16,390:INFO: Total Length: -28
2026-03-25 16:07:16,390:INFO: Loading Deep MeshFlows: ./data/NUS_dataset/MyTest/original/motions/mesh/test_video/177.npy
2026-03-25 16:07:16,391:INFO: Total Length: -28
2026-03-25 16:07:16,391:INFO: Loading Deep MeshFlows: ./data/NUS_dataset/MyTest/original/motions/mesh/test_video/178.npy
2026-03-25 16:07:16,391:INFO: Total Length: -28
2026-03-25 16:07:16,391:INFO: Loading Deep MeshFlows: ./data/NUS_dataset/MyTest/original/motions/mesh/test_video/179.npy
2026-03-25 16:07:16,391:INFO: Total Length: -28
2026-03-25 16:07:16,392:INFO: Loading Deep MeshFlows: ./data/NUS_dataset/MyTest/original/motions/mesh/test_video/180.npy
2026-03-25 16:07:16,392:INFO: Total Length: -28
2026-03-25 16:07:16,392:INFO: Loading Deep MeshFlows: ./data/NUS_dataset/MyTest/original/motions/mesh/test_video/181.npy
2026-03-25 16:07:16,392:INFO: Total Length: -28
2026-03-25 16:07:16,392:INFO: Loading Deep MeshFlows: ./data/NUS_dataset/MyTest/original/motions/mesh/test_video/182.npy
2026-03-25 16:07:16,393:INFO: Total Length: -28
2026-03-25 16:07:16,393:INFO: Loading Deep MeshFlows: ./data/NUS_dataset/MyTest/original/motions/mesh/test_video/183.npy
2026-03-25 16:07:16,393:INFO: Total Length: -28
2026-03-25 16:07:16,393:INFO: Loading Deep MeshFlows: ./data/NUS_dataset/MyTest/original/motions/mesh/test_video/184.npy
2026-03-25 16:07:16,394:INFO: Total Length: -28
2026-03-25 16:07:16,394:INFO: Loading Deep MeshFlows: ./data/NUS_dataset/MyTest/original/motions/mesh/test_video/185.npy
2026-03-25 16:07:16,394:INFO: Total Length: -28
2026-03-25 16:07:16,394:INFO: Loading Deep MeshFlows: ./data/NUS_dataset/MyTest/original/motions/mesh/test_video/186.npy
2026-03-25 16:07:16,394:INFO: Total Length: -28
2026-03-25 16:07:16,395:INFO: Loading Deep MeshFlows: ./data/NUS_dataset/MyTest/original/motions/mesh/test_video/187.npy
2026-03-25 16:07:16,395:INFO: Total Length: -28
2026-03-25 16:07:16,395:INFO: Loading Deep MeshFlows: ./data/NUS_dataset/MyTest/original/motions/mesh/test_video/188.npy
2026-03-25 16:07:16,395:INFO: Total Length: -28
2026-03-25 16:07:16,395:INFO: Loading Deep MeshFlows: ./data/NUS_dataset/MyTest/original/motions/mesh/test_video/189.npy
2026-03-25 16:07:16,396:INFO: Total Length: -28
2026-03-25 16:07:16,396:INFO: Loading Deep MeshFlows: ./data/NUS_dataset/MyTest/original/motions/mesh/test_video/190.npy
2026-03-25 16:07:16,396:INFO: Total Length: -28
2026-03-25 16:07:16,396:INFO: Loading Deep MeshFlows: ./data/NUS_dataset/MyTest/original/motions/mesh/test_video/191.npy
2026-03-25 16:07:16,396:INFO: Total Length: -28
2026-03-25 16:07:16,397:INFO: Loading Deep MeshFlows: ./data/NUS_dataset/MyTest/original/motions/mesh/test_video/192.npy
2026-03-25 16:07:16,397:INFO: Total Length: -28
2026-03-25 16:07:16,397:INFO: Loading Deep MeshFlows: ./data/NUS_dataset/MyTest/original/motions/mesh/test_video/193.npy
2026-03-25 16:07:16,397:INFO: Total Length: -28
2026-03-25 16:07:16,397:INFO: Loading Deep MeshFlows: ./data/NUS_dataset/MyTest/original/motions/mesh/test_video/194.npy
2026-03-25 16:07:16,398:INFO: Total Length: -28
2026-03-25 16:07:16,398:INFO: Loading Deep MeshFlows: ./data/NUS_dataset/MyTest/original/motions/mesh/test_video/195.npy
2026-03-25 16:07:16,398:INFO: Total Length: -28
2026-03-25 16:07:16,398:INFO: Loading Deep MeshFlows: ./data/NUS_dataset/MyTest/original/motions/mesh/test_video/196.npy
2026-03-25 16:07:16,399:INFO: Total Length: -28
2026-03-25 16:07:16,399:INFO: Loading Deep MeshFlows: ./data/NUS_dataset/MyTest/original/motions/mesh/test_video/197.npy
2026-03-25 16:07:16,399:INFO: Total Length: -28
2026-03-25 16:07:16,399:INFO: Loading Deep MeshFlows: ./data/NUS_dataset/MyTest/original/motions/mesh/test_video/198.npy
2026-03-25 16:07:16,399:INFO: Total Length: -28
2026-03-25 16:07:16,399:INFO: Loading Deep MeshFlows: ./data/NUS_dataset/MyTest/original/motions/mesh/test_video/199.npy
2026-03-25 16:07:16,400:INFO: Total Length: -28
2026-03-25 16:07:16,400:INFO: Loading Deep MeshFlows: ./data/NUS_dataset/MyTest/original/motions/mesh/test_video/200.npy
2026-03-25 16:07:16,400:INFO: Total Length: -28
2026-03-25 16:07:16,400:INFO: Loading Deep MeshFlows: ./data/NUS_dataset/MyTest/original/motions/mesh/test_video/201.npy
2026-03-25 16:07:16,401:INFO: Total Length: -28
2026-03-25 16:07:16,401:INFO: Loading Deep MeshFlows: ./data/NUS_dataset/MyTest/original/motions/mesh/test_video/202.npy
2026-03-25 16:07:16,401:INFO: Total Length: -28
2026-03-25 16:07:16,401:INFO: Loading Deep MeshFlows: ./data/NUS_dataset/MyTest/original/motions/mesh/test_video/203.npy
2026-03-25 16:07:16,401:INFO: Total Length: -28
2026-03-25 16:07:16,402:INFO: Loading Deep MeshFlows: ./data/NUS_dataset/MyTest/original/motions/mesh/test_video/204.npy
2026-03-25 16:07:16,402:INFO: Total Length: -28
2026-03-25 16:07:16,402:INFO: Loading Deep MeshFlows: ./data/NUS_dataset/MyTest/original/motions/mesh/test_video/205.npy
2026-03-25 16:07:16,402:INFO: Total Length: -28
2026-03-25 16:07:16,403:INFO: Loading Deep MeshFlows: ./data/NUS_dataset/MyTest/original/motions/mesh/test_video/206.npy
2026-03-25 16:07:16,403:INFO: Total Length: -28
2026-03-25 16:07:16,403:INFO: Loading Deep MeshFlows: ./data/NUS_dataset/MyTest/original/motions/mesh/test_video/207.npy
2026-03-25 16:07:16,403:INFO: Total Length: -28
2026-03-25 16:07:16,404:INFO: Loading Deep MeshFlows: ./data/NUS_dataset/MyTest/original/motions/mesh/test_video/208.npy
2026-03-25 16:07:16,404:INFO: Total Length: -28
2026-03-25 16:07:16,404:INFO: Loading Deep MeshFlows: ./data/NUS_dataset/MyTest/original/motions/mesh/test_video/209.npy
2026-03-25 16:07:16,404:INFO: Total Length: -28
2026-03-25 16:07:16,404:INFO: Loading Deep MeshFlows: ./data/NUS_dataset/MyTest/original/motions/mesh/test_video/210.npy
2026-03-25 16:07:16,405:INFO: Total Length: -28
2026-03-25 16:07:16,405:INFO: Loading Deep MeshFlows: ./data/NUS_dataset/MyTest/original/motions/mesh/test_video/211.npy
2026-03-25 16:07:16,405:INFO: Total Length: -28
2026-03-25 16:07:16,405:INFO: Loading Deep MeshFlows: ./data/NUS_dataset/MyTest/original/motions/mesh/test_video/212.npy
2026-03-25 16:07:16,405:INFO: Total Length: -28
2026-03-25 16:07:16,406:INFO: Loading Deep MeshFlows: ./data/NUS_dataset/MyTest/original/motions/mesh/test_video/213.npy
2026-03-25 16:07:16,406:INFO: Total Length: -28
2026-03-25 16:07:16,406:INFO: Loading Deep MeshFlows: ./data/NUS_dataset/MyTest/original/motions/mesh/test_video/214.npy
2026-03-25 16:07:16,406:INFO: Total Length: -28
2026-03-25 16:07:16,406:INFO: Loading Deep MeshFlows: ./data/NUS_dataset/MyTest/original/motions/mesh/test_video/215.npy
2026-03-25 16:07:16,407:INFO: Total Length: -28
2026-03-25 16:07:16,407:INFO: Loading Deep MeshFlows: ./data/NUS_dataset/MyTest/original/motions/mesh/test_video/216.npy
2026-03-25 16:07:16,407:INFO: Total Length: -28
2026-03-25 16:07:16,407:INFO: Loading Deep MeshFlows: ./data/NUS_dataset/MyTest/original/motions/mesh/test_video/217.npy
2026-03-25 16:07:16,408:INFO: Total Length: -28
2026-03-25 16:07:16,408:INFO: Loading Deep MeshFlows: ./data/NUS_dataset/MyTest/original/motions/mesh/test_video/218.npy
2026-03-25 16:07:16,408:INFO: Total Length: -28
2026-03-25 16:07:16,408:INFO: Loading Deep MeshFlows: ./data/NUS_dataset/MyTest/original/motions/mesh/test_video/219.npy
2026-03-25 16:07:16,408:INFO: Total Length: -28
2026-03-25 16:07:16,409:INFO: Loading Deep MeshFlows: ./data/NUS_dataset/MyTest/original/motions/mesh/test_video/220.npy
2026-03-25 16:07:16,409:INFO: Total Length: -28
2026-03-25 16:07:16,409:INFO: Loading Deep MeshFlows: ./data/NUS_dataset/MyTest/original/motions/mesh/test_video/221.npy
2026-03-25 16:07:16,409:INFO: Total Length: -28
2026-03-25 16:07:16,409:INFO: Loading Deep MeshFlows: ./data/NUS_dataset/MyTest/original/motions/mesh/test_video/222.npy
2026-03-25 16:07:16,410:INFO: Total Length: -28
2026-03-25 16:07:16,410:INFO: Loading Deep MeshFlows: ./data/NUS_dataset/MyTest/original/motions/mesh/test_video/223.npy
2026-03-25 16:07:16,410:INFO: Total Length: -28
2026-03-25 16:07:16,410:INFO: Loading Deep MeshFlows: ./data/NUS_dataset/MyTest/original/motions/mesh/test_video/224.npy
2026-03-25 16:07:16,411:INFO: Total Length: -28
2026-03-25 16:07:16,411:INFO: Loading Deep MeshFlows: ./data/NUS_dataset/MyTest/original/motions/mesh/test_video/225.npy
2026-03-25 16:07:16,411:INFO: Total Length: -28
2026-03-25 16:07:16,411:INFO: Loading Deep MeshFlows: ./data/NUS_dataset/MyTest/original/motions/mesh/test_video/226.npy
2026-03-25 16:07:16,411:INFO: Total Length: -28
2026-03-25 16:07:16,412:INFO: Loading Deep MeshFlows: ./data/NUS_dataset/MyTest/original/motions/mesh/test_video/227.npy
2026-03-25 16:07:16,412:INFO: Total Length: -28
2026-03-25 16:07:16,412:INFO: Loading Deep MeshFlows: ./data/NUS_dataset/MyTest/original/motions/mesh/test_video/228.npy
2026-03-25 16:07:16,412:INFO: Total Length: -28
2026-03-25 16:07:16,413:INFO: Loading Deep MeshFlows: ./data/NUS_dataset/MyTest/original/motions/mesh/test_video/229.npy
2026-03-25 16:07:16,413:INFO: Total Length: -28
2026-03-25 16:07:16,413:INFO: Loading Deep MeshFlows: ./data/NUS_dataset/MyTest/original/motions/mesh/test_video/230.npy
2026-03-25 16:07:16,413:INFO: Total Length: -28
2026-03-25 16:07:16,413:INFO: Loading Deep MeshFlows: ./data/NUS_dataset/MyTest/original/motions/mesh/test_video/231.npy
2026-03-25 16:07:16,414:INFO: Total Length: -28
2026-03-25 16:07:16,414:INFO: Loading Deep MeshFlows: ./data/NUS_dataset/MyTest/original/motions/mesh/test_video/232.npy
2026-03-25 16:07:16,414:INFO: Total Length: -28
2026-03-25 16:07:16,415:INFO: Loading Deep MeshFlows: ./data/NUS_dataset/MyTest/original/motions/mesh/test_video/233.npy
2026-03-25 16:07:16,415:INFO: Total Length: -28
2026-03-25 16:07:16,415:INFO: Loading Deep MeshFlows: ./data/NUS_dataset/MyTest/original/motions/mesh/test_video/234.npy
2026-03-25 16:07:16,415:INFO: Total Length: -28
2026-03-25 16:07:16,415:INFO: Loading Deep MeshFlows: ./data/NUS_dataset/MyTest/original/motions/mesh/test_video/235.npy
2026-03-25 16:07:16,416:INFO: Total Length: -28
2026-03-25 16:07:16,416:INFO: Loading Deep MeshFlows: ./data/NUS_dataset/MyTest/original/motions/mesh/test_video/236.npy
2026-03-25 16:07:16,416:INFO: Total Length: -28
2026-03-25 16:07:16,416:INFO: Loading Deep MeshFlows: ./data/NUS_dataset/MyTest/original/motions/mesh/test_video/237.npy
2026-03-25 16:07:16,417:INFO: Total Length: -28
2026-03-25 16:07:16,417:INFO: Loading Deep MeshFlows: ./data/NUS_dataset/MyTest/original/motions/mesh/test_video/238.npy
2026-03-25 16:07:16,417:INFO: Total Length: -28
2026-03-25 16:07:16,417:INFO: Loading Deep MeshFlows: ./data/NUS_dataset/MyTest/original/motions/mesh/test_video/239.npy
2026-03-25 16:07:16,417:INFO: Total Length: -28
2026-03-25 16:07:16,418:INFO: Loading Deep MeshFlows: ./data/NUS_dataset/MyTest/original/motions/mesh/test_video/240.npy
2026-03-25 16:07:16,418:INFO: Total Length: -28
2026-03-25 16:07:16,418:INFO: Loading Deep MeshFlows: ./data/NUS_dataset/MyTest/original/motions/mesh/test_video/241.npy
2026-03-25 16:07:16,418:INFO: Total Length: -28
2026-03-25 16:07:16,418:INFO: Loading Deep MeshFlows: ./data/NUS_dataset/MyTest/original/motions/mesh/test_video/242.npy
2026-03-25 16:07:16,419:INFO: Total Length: -28
2026-03-25 16:07:16,419:INFO: Loading Deep MeshFlows: ./data/NUS_dataset/MyTest/original/motions/mesh/test_video/243.npy
2026-03-25 16:07:16,419:INFO: Total Length: -28
2026-03-25 16:07:16,419:INFO: Loading Deep MeshFlows: ./data/NUS_dataset/MyTest/original/motions/mesh/test_video/244.npy
2026-03-25 16:07:16,419:INFO: Total Length: -28
2026-03-25 16:07:16,420:INFO: Loading Deep MeshFlows: ./data/NUS_dataset/MyTest/original/motions/mesh/test_video/245.npy
2026-03-25 16:07:16,420:INFO: Total Length: -28
2026-03-25 16:07:16,420:INFO: Loading Deep MeshFlows: ./data/NUS_dataset/MyTest/original/motions/mesh/test_video/246.npy
2026-03-25 16:07:16,420:INFO: Total Length: -28
2026-03-25 16:07:16,421:INFO: Loading Deep MeshFlows: ./data/NUS_dataset/MyTest/original/motions/mesh/test_video/247.npy
2026-03-25 16:07:16,421:INFO: Total Length: -28
2026-03-25 16:07:16,421:INFO: Loading Deep MeshFlows: ./data/NUS_dataset/MyTest/original/motions/mesh/test_video/248.npy
2026-03-25 16:07:16,421:INFO: Total Length: -28
2026-03-25 16:07:16,421:INFO: Loading Deep MeshFlows: ./data/NUS_dataset/MyTest/original/motions/mesh/test_video/249.npy
2026-03-25 16:07:16,422:INFO: Total Length: -28
2026-03-25 16:07:16,422:INFO: Loading Deep MeshFlows: ./data/NUS_dataset/MyTest/original/motions/mesh/test_video/250.npy
2026-03-25 16:07:16,422:INFO: Total Length: -28
2026-03-25 16:07:16,422:INFO: Loading Deep MeshFlows: ./data/NUS_dataset/MyTest/original/motions/mesh/test_video/251.npy
2026-03-25 16:07:16,422:INFO: Total Length: -28
2026-03-25 16:07:16,423:INFO: Loading Deep MeshFlows: ./data/NUS_dataset/MyTest/original/motions/mesh/test_video/252.npy
2026-03-25 16:07:16,423:INFO: Total Length: -28
2026-03-25 16:07:16,423:INFO: Loading Deep MeshFlows: ./data/NUS_dataset/MyTest/original/motions/mesh/test_video/253.npy
2026-03-25 16:07:16,423:INFO: Total Length: -28
2026-03-25 16:07:16,423:INFO: Loading Deep MeshFlows: ./data/NUS_dataset/MyTest/original/motions/mesh/test_video/254.npy
2026-03-25 16:07:16,424:INFO: Total Length: -28
2026-03-25 16:07:16,424:INFO: Loading Deep MeshFlows: ./data/NUS_dataset/MyTest/original/motions/mesh/test_video/255.npy
2026-03-25 16:07:16,424:INFO: Total Length: -28
2026-03-25 16:07:16,424:INFO: Loading Deep MeshFlows: ./data/NUS_dataset/MyTest/original/motions/mesh/test_video/256.npy
2026-03-25 16:07:16,425:INFO: Total Length: -28
2026-03-25 16:07:16,425:INFO: Loading Deep MeshFlows: ./data/NUS_dataset/MyTest/original/motions/mesh/test_video/257.npy
2026-03-25 16:07:16,425:INFO: Total Length: -28
2026-03-25 16:07:16,425:INFO: Loading Deep MeshFlows: ./data/NUS_dataset/MyTest/original/motions/mesh/test_video/258.npy
2026-03-25 16:07:16,425:INFO: Total Length: -28
2026-03-25 16:07:16,426:INFO: Loading Deep MeshFlows: ./data/NUS_dataset/MyTest/original/motions/mesh/test_video/259.npy
2026-03-25 16:07:16,426:INFO: Total Length: -28
2026-03-25 16:07:16,426:INFO: Loading Deep MeshFlows: ./data/NUS_dataset/MyTest/original/motions/mesh/test_video/260.npy
2026-03-25 16:07:16,426:INFO: Total Length: -28
2026-03-25 16:07:16,427:INFO: Loading Deep MeshFlows: ./data/NUS_dataset/MyTest/original/motions/mesh/test_video/261.npy
2026-03-25 16:07:16,427:INFO: Total Length: -28
2026-03-25 16:07:16,427:INFO: Loading Deep MeshFlows: ./data/NUS_dataset/MyTest/original/motions/mesh/test_video/262.npy
2026-03-25 16:07:16,427:INFO: Total Length: -28
2026-03-25 16:07:16,427:INFO: Loading Deep MeshFlows: ./data/NUS_dataset/MyTest/original/motions/mesh/test_video/263.npy
2026-03-25 16:07:16,428:INFO: Total Length: -28
2026-03-25 16:07:16,428:INFO: Loading Deep MeshFlows: ./data/NUS_dataset/MyTest/original/motions/mesh/test_video/264.npy
2026-03-25 16:07:16,428:INFO: Total Length: -28
2026-03-25 16:07:16,428:INFO: Loading Deep MeshFlows: ./data/NUS_dataset/MyTest/original/motions/mesh/test_video/265.npy
2026-03-25 16:07:16,428:INFO: Total Length: -28
2026-03-25 16:07:16,429:INFO: Loading Deep MeshFlows: ./data/NUS_dataset/MyTest/original/motions/mesh/test_video/266.npy
2026-03-25 16:07:16,429:INFO: Total Length: -28
2026-03-25 16:07:16,429:INFO: Loading Deep MeshFlows: ./data/NUS_dataset/MyTest/original/motions/mesh/test_video/267.npy
2026-03-25 16:07:16,429:INFO: Total Length: -28
2026-03-25 16:07:16,429:INFO: Loading Deep MeshFlows: ./data/NUS_dataset/MyTest/original/motions/mesh/test_video/268.npy
2026-03-25 16:07:16,430:INFO: Total Length: -28
2026-03-25 16:07:16,430:INFO: Loading Deep MeshFlows: ./data/NUS_dataset/MyTest/original/motions/mesh/test_video/269.npy
2026-03-25 16:07:16,430:INFO: Total Length: -28
2026-03-25 16:07:16,430:INFO: Loading Deep MeshFlows: ./data/NUS_dataset/MyTest/original/motions/mesh/test_video/270.npy
2026-03-25 16:07:16,430:INFO: Total Length: -28
2026-03-25 16:07:16,431:INFO: Loading Deep MeshFlows: ./data/NUS_dataset/MyTest/original/motions/mesh/test_video/271.npy
2026-03-25 16:07:16,431:INFO: Total Length: -28
2026-03-25 16:07:16,431:INFO: Loading Deep MeshFlows: ./data/NUS_dataset/MyTest/original/motions/mesh/test_video/272.npy
2026-03-25 16:07:16,431:INFO: Total Length: -28
2026-03-25 16:07:16,432:INFO: Loading Deep MeshFlows: ./data/NUS_dataset/MyTest/original/motions/mesh/test_video/273.npy
2026-03-25 16:07:16,432:INFO: Total Length: -28
2026-03-25 16:07:16,432:INFO: Loading Deep MeshFlows: ./data/NUS_dataset/MyTest/original/motions/mesh/test_video/274.npy
2026-03-25 16:07:16,432:INFO: Total Length: -28
2026-03-25 16:07:16,432:INFO: Loading Deep MeshFlows: ./data/NUS_dataset/MyTest/original/motions/mesh/test_video/275.npy
2026-03-25 16:07:16,433:INFO: Total Length: -28
2026-03-25 16:07:16,433:INFO: Loading Deep MeshFlows: ./data/NUS_dataset/MyTest/original/motions/mesh/test_video/276.npy
2026-03-25 16:07:16,433:INFO: Total Length: -28
2026-03-25 16:07:16,433:INFO: Loading Deep MeshFlows: ./data/NUS_dataset/MyTest/original/motions/mesh/test_video/277.npy
2026-03-25 16:07:16,433:INFO: Total Length: -28
2026-03-25 16:07:16,434:INFO: Loading Deep MeshFlows: ./data/NUS_dataset/MyTest/original/motions/mesh/test_video/278.npy
2026-03-25 16:07:16,434:INFO: Total Length: -28
2026-03-25 16:07:16,434:INFO: Loading Deep MeshFlows: ./data/NUS_dataset/MyTest/original/motions/mesh/test_video/279.npy
2026-03-25 16:07:16,434:INFO: Total Length: -28
2026-03-25 16:07:16,434:INFO: Loading Deep MeshFlows: ./data/NUS_dataset/MyTest/original/motions/mesh/test_video/280.npy
2026-03-25 16:07:16,435:INFO: Total Length: -28
2026-03-25 16:07:16,435:INFO: Loading Deep MeshFlows: ./data/NUS_dataset/MyTest/original/motions/mesh/test_video/281.npy
2026-03-25 16:07:16,435:INFO: Total Length: -28
2026-03-25 16:07:16,435:INFO: Loading Deep MeshFlows: ./data/NUS_dataset/MyTest/original/motions/mesh/test_video/282.npy
2026-03-25 16:07:16,436:INFO: Total Length: -28
2026-03-25 16:07:16,436:INFO: Loading Deep MeshFlows: ./data/NUS_dataset/MyTest/original/motions/mesh/test_video/283.npy
2026-03-25 16:07:16,436:INFO: Total Length: -28
2026-03-25 16:07:16,436:INFO: Loading Deep MeshFlows: ./data/NUS_dataset/MyTest/original/motions/mesh/test_video/284.npy
2026-03-25 16:07:16,436:INFO: Total Length: -28
2026-03-25 16:07:16,437:INFO: Loading Deep MeshFlows: ./data/NUS_dataset/MyTest/original/motions/mesh/test_video/285.npy
2026-03-25 16:07:16,437:INFO: Total Length: -28
2026-03-25 16:07:16,437:INFO: Loading Deep MeshFlows: ./data/NUS_dataset/MyTest/original/motions/mesh/test_video/286.npy
2026-03-25 16:07:16,438:INFO: Total Length: -28
2026-03-25 16:07:16,438:INFO: Loading Deep MeshFlows: ./data/NUS_dataset/MyTest/original/motions/mesh/test_video/287.npy
2026-03-25 16:07:16,438:INFO: Total Length: -28
2026-03-25 16:07:16,438:INFO: Loading Deep MeshFlows: ./data/NUS_dataset/MyTest/original/motions/mesh/test_video/288.npy
2026-03-25 16:07:16,438:INFO: Total Length: -28
2026-03-25 16:07:16,439:INFO: Loading Deep MeshFlows: ./data/NUS_dataset/MyTest/original/motions/mesh/test_video/289.npy
2026-03-25 16:07:16,439:INFO: Total Length: -28
2026-03-25 16:07:16,439:INFO: Loading Deep MeshFlows: ./data/NUS_dataset/MyTest/original/motions/mesh/test_video/290.npy
2026-03-25 16:07:16,439:INFO: Total Length: -28
2026-03-25 16:07:16,439:INFO: Loading Deep MeshFlows: ./data/NUS_dataset/MyTest/original/motions/mesh/test_video/291.npy
2026-03-25 16:07:16,440:INFO: Total Length: -28
2026-03-25 16:07:16,440:INFO: Loading Deep MeshFlows: ./data/NUS_dataset/MyTest/original/motions/mesh/test_video/292.npy
2026-03-25 16:07:16,440:INFO: Total Length: -28
2026-03-25 16:07:16,440:INFO: Loading Deep MeshFlows: ./data/NUS_dataset/MyTest/original/motions/mesh/test_video/293.npy
2026-03-25 16:07:16,440:INFO: Total Length: -28
2026-03-25 16:07:16,441:INFO: Loading Deep MeshFlows: ./data/NUS_dataset/MyTest/original/motions/mesh/test_video/294.npy
2026-03-25 16:07:16,441:INFO: Total Length: -28
2026-03-25 16:07:16,441:INFO: Loading Deep MeshFlows: ./data/NUS_dataset/MyTest/original/motions/mesh/test_video/295.npy
2026-03-25 16:07:16,441:INFO: Total Length: -28
2026-03-25 16:07:16,441:INFO: Loading Deep MeshFlows: ./data/NUS_dataset/MyTest/original/motions/mesh/test_video/296.npy
2026-03-25 16:07:16,442:INFO: Total Length: -28
2026-03-25 16:07:16,442:INFO: Loading Deep MeshFlows: ./data/NUS_dataset/MyTest/original/motions/mesh/test_video/297.npy
2026-03-25 16:07:16,442:INFO: Total Length: -28
2026-03-25 16:07:16,442:INFO: Loading Deep MeshFlows: ./data/NUS_dataset/MyTest/original/motions/mesh/test_video/298.npy
2026-03-25 16:07:16,443:INFO: Total Length: -28
2026-03-25 16:07:16,443:INFO: Loading Deep MeshFlows: ./data/NUS_dataset/MyTest/original/motions/mesh/test_video/299.npy
2026-03-25 16:07:16,443:INFO: Total Length: -28
2026-03-25 16:07:16,443:INFO: Loading Deep MeshFlows: ./data/NUS_dataset/MyTest/original/motions/mesh/test_video/300.npy
2026-03-25 16:07:16,444:INFO: Total Length: -28
2026-03-25 16:07:16,444:INFO: Loading Deep MeshFlows: ./data/NUS_dataset/MyTest/original/motions/mesh/test_video/301.npy
2026-03-25 16:07:16,444:INFO: Total Length: -28
2026-03-25 16:07:16,444:INFO: Loading Deep MeshFlows: ./data/NUS_dataset/MyTest/original/motions/mesh/test_video/302.npy
2026-03-25 16:07:16,444:INFO: Total Length: -28
2026-03-25 16:07:16,445:INFO: Loading Deep MeshFlows: ./data/NUS_dataset/MyTest/original/motions/mesh/test_video/303.npy
2026-03-25 16:07:16,445:INFO: Total Length: -28
2026-03-25 16:07:16,445:INFO: Loading Deep MeshFlows: ./data/NUS_dataset/MyTest/original/motions/mesh/test_video/304.npy
2026-03-25 16:07:16,445:INFO: Total Length: -28
2026-03-25 16:07:16,446:INFO: Loading Deep MeshFlows: ./data/NUS_dataset/MyTest/original/motions/mesh/test_video/305.npy
2026-03-25 16:07:16,446:INFO: Total Length: -28
2026-03-25 16:07:16,446:INFO: Loading Deep MeshFlows: ./data/NUS_dataset/MyTest/original/motions/mesh/test_video/306.npy
2026-03-25 16:07:16,446:INFO: Total Length: -28
2026-03-25 16:07:16,446:INFO: Loading Deep MeshFlows: ./data/NUS_dataset/MyTest/original/motions/mesh/test_video/307.npy
2026-03-25 16:07:16,447:INFO: Total Length: -28
2026-03-25 16:07:16,447:INFO: Loading Deep MeshFlows: ./data/NUS_dataset/MyTest/original/motions/mesh/test_video/308.npy
2026-03-25 16:07:16,447:INFO: Total Length: -28
2026-03-25 16:07:16,448:INFO: Loading Deep MeshFlows: ./data/NUS_dataset/MyTest/original/motions/mesh/test_video/309.npy
2026-03-25 16:07:16,448:INFO: Total Length: -28
2026-03-25 16:07:16,448:INFO: Loading Deep MeshFlows: ./data/NUS_dataset/MyTest/original/motions/mesh/test_video/310.npy
2026-03-25 16:07:16,449:INFO: Total Length: -28
2026-03-25 16:07:16,449:INFO: Loading Deep MeshFlows: ./data/NUS_dataset/MyTest/original/motions/mesh/test_video/311.npy
2026-03-25 16:07:16,449:INFO: Total Length: -28
2026-03-25 16:07:16,449:INFO: Loading Deep MeshFlows: ./data/NUS_dataset/MyTest/original/motions/mesh/test_video/312.npy
2026-03-25 16:07:16,450:INFO: Total Length: -28
2026-03-25 16:07:16,450:INFO: Loading Deep MeshFlows: ./data/NUS_dataset/MyTest/original/motions/mesh/test_video/313.npy
2026-03-25 16:07:16,450:INFO: Total Length: -28
2026-03-25 16:07:16,450:INFO: Loading Deep MeshFlows: ./data/NUS_dataset/MyTest/original/motions/mesh/test_video/314.npy
2026-03-25 16:07:16,451:INFO: Total Length: -28
2026-03-25 16:07:16,451:INFO: Loading Deep MeshFlows: ./data/NUS_dataset/MyTest/original/motions/mesh/test_video/315.npy
2026-03-25 16:07:16,451:INFO: Total Length: -28
2026-03-25 16:07:16,451:INFO: Loading Deep MeshFlows: ./data/NUS_dataset/MyTest/original/motions/mesh/test_video/316.npy
2026-03-25 16:07:16,452:INFO: Total Length: -28
2026-03-25 16:07:16,452:INFO: Loading Deep MeshFlows: ./data/NUS_dataset/MyTest/original/motions/mesh/test_video/317.npy
2026-03-25 16:07:16,452:INFO: Total Length: -28
2026-03-25 16:07:16,452:INFO: Loading Deep MeshFlows: ./data/NUS_dataset/MyTest/original/motions/mesh/test_video/318.npy
2026-03-25 16:07:16,452:INFO: Total Length: -28
2026-03-25 16:07:16,453:INFO: Loading Deep MeshFlows: ./data/NUS_dataset/MyTest/original/motions/mesh/test_video/319.npy
2026-03-25 16:07:16,453:INFO: Total Length: -28
2026-03-25 16:07:16,453:INFO: Loading Deep MeshFlows: ./data/NUS_dataset/MyTest/original/motions/mesh/test_video/320.npy
2026-03-25 16:07:16,453:INFO: Total Length: -28
2026-03-25 16:07:16,453:INFO: Loading Deep MeshFlows: ./data/NUS_dataset/MyTest/original/motions/mesh/test_video/321.npy
2026-03-25 16:07:16,454:INFO: Total Length: -28
2026-03-25 16:07:16,454:INFO: Loading Deep MeshFlows: ./data/NUS_dataset/MyTest/original/motions/mesh/test_video/322.npy
2026-03-25 16:07:16,454:INFO: Total Length: -28
2026-03-25 16:07:16,454:INFO: Loading Deep MeshFlows: ./data/NUS_dataset/MyTest/original/motions/mesh/test_video/323.npy
2026-03-25 16:07:16,455:INFO: Total Length: -28
2026-03-25 16:07:16,455:INFO: Loading Deep MeshFlows: ./data/NUS_dataset/MyTest/original/motions/mesh/test_video/324.npy
2026-03-25 16:07:16,455:INFO: Total Length: -28
2026-03-25 16:07:16,455:INFO: Loading Deep MeshFlows: ./data/NUS_dataset/MyTest/original/motions/mesh/test_video/325.npy
2026-03-25 16:07:16,455:INFO: Total Length: -28
2026-03-25 16:07:16,456:INFO: Loading Deep MeshFlows: ./data/NUS_dataset/MyTest/original/motions/mesh/test_video/326.npy
2026-03-25 16:07:16,456:INFO: Total Length: -28
2026-03-25 16:07:16,456:INFO: Loading Deep MeshFlows: ./data/NUS_dataset/MyTest/original/motions/mesh/test_video/327.npy
2026-03-25 16:07:16,456:INFO: Total Length: -28
2026-03-25 16:07:16,456:INFO: Loading Deep MeshFlows: ./data/NUS_dataset/MyTest/original/motions/mesh/test_video/328.npy
2026-03-25 16:07:16,457:INFO: Total Length: -28
2026-03-25 16:07:16,457:INFO: Loading Deep MeshFlows: ./data/NUS_dataset/MyTest/original/motions/mesh/test_video/329.npy
2026-03-25 16:07:16,457:INFO: Total Length: -28
2026-03-25 16:07:16,457:INFO: Loading Deep MeshFlows: ./data/NUS_dataset/MyTest/original/motions/mesh/test_video/330.npy
2026-03-25 16:07:16,457:INFO: Total Length: -28
2026-03-25 16:07:16,458:INFO: Loading Deep MeshFlows: ./data/NUS_dataset/MyTest/original/motions/mesh/test_video/331.npy
2026-03-25 16:07:16,458:INFO: Total Length: -28
2026-03-25 16:07:16,458:INFO: Loading Deep MeshFlows: ./data/NUS_dataset/MyTest/original/motions/mesh/test_video/332.npy
2026-03-25 16:07:16,458:INFO: Total Length: -28
2026-03-25 16:07:16,458:INFO: Loading Deep MeshFlows: ./data/NUS_dataset/MyTest/original/motions/mesh/test_video/333.npy
2026-03-25 16:07:16,459:INFO: Total Length: -28
2026-03-25 16:07:16,459:INFO: Loading Deep MeshFlows: ./data/NUS_dataset/MyTest/original/motions/mesh/test_video/334.npy
2026-03-25 16:07:16,459:INFO: Total Length: -28
2026-03-25 16:07:16,459:INFO: Loading Deep MeshFlows: ./data/NUS_dataset/MyTest/original/motions/mesh/test_video/335.npy
2026-03-25 16:07:16,460:INFO: Total Length: -28
2026-03-25 16:07:16,460:INFO: Loading Deep MeshFlows: ./data/NUS_dataset/MyTest/original/motions/mesh/test_video/336.npy
2026-03-25 16:07:16,460:INFO: Total Length: -28
2026-03-25 16:07:16,460:INFO: Loading Deep MeshFlows: ./data/NUS_dataset/MyTest/original/motions/mesh/test_video/337.npy
2026-03-25 16:07:16,460:INFO: Total Length: -28
2026-03-25 16:07:16,461:INFO: Loading Deep MeshFlows: ./data/NUS_dataset/MyTest/original/motions/mesh/test_video/338.npy
2026-03-25 16:07:16,461:INFO: Total Length: -28
2026-03-25 16:07:16,461:INFO: Loading Deep MeshFlows: ./data/NUS_dataset/MyTest/original/motions/mesh/test_video/339.npy
2026-03-25 16:07:16,461:INFO: Total Length: -28
2026-03-25 16:07:16,461:INFO: Loading Deep MeshFlows: ./data/NUS_dataset/MyTest/original/motions/mesh/test_video/340.npy
2026-03-25 16:07:16,462:INFO: Total Length: -28
2026-03-25 16:07:16,462:INFO: Loading Deep MeshFlows: ./data/NUS_dataset/MyTest/original/motions/mesh/test_video/341.npy
2026-03-25 16:07:16,462:INFO: Total Length: -28
2026-03-25 16:07:16,462:INFO: Loading Deep MeshFlows: ./data/NUS_dataset/MyTest/original/motions/mesh/test_video/342.npy
2026-03-25 16:07:16,463:INFO: Total Length: -28
2026-03-25 16:07:16,463:INFO: Loading Deep MeshFlows: ./data/NUS_dataset/MyTest/original/motions/mesh/test_video/343.npy
2026-03-25 16:07:16,463:INFO: Total Length: -28
2026-03-25 16:07:16,463:INFO: Loading Deep MeshFlows: ./data/NUS_dataset/MyTest/original/motions/mesh/test_video/344.npy
2026-03-25 16:07:16,463:INFO: Total Length: -28
2026-03-25 16:07:16,463:INFO: Loading Deep MeshFlows: ./data/NUS_dataset/MyTest/original/motions/mesh/test_video/345.npy
2026-03-25 16:07:16,464:INFO: Total Length: -28
2026-03-25 16:07:16,464:INFO: Loading Deep MeshFlows: ./data/NUS_dataset/MyTest/original/motions/mesh/test_video/346.npy
2026-03-25 16:07:16,464:INFO: Total Length: -28
2026-03-25 16:07:16,464:INFO: Loading Deep MeshFlows: ./data/NUS_dataset/MyTest/original/motions/mesh/test_video/347.npy
2026-03-25 16:07:16,465:INFO: Total Length: -28
2026-03-25 16:07:16,465:INFO: Loading Deep MeshFlows: ./data/NUS_dataset/MyTest/original/motions/mesh/test_video/348.npy
2026-03-25 16:07:16,465:INFO: Total Length: -28
2026-03-25 16:07:16,465:INFO: Loading Deep MeshFlows: ./data/NUS_dataset/MyTest/original/motions/mesh/test_video/349.npy
2026-03-25 16:07:16,465:INFO: Total Length: -28
2026-03-25 16:07:16,466:INFO: Loading Deep MeshFlows: ./data/NUS_dataset/MyTest/original/motions/mesh/test_video/350.npy
2026-03-25 16:07:16,466:INFO: Total Length: -28
2026-03-25 16:07:16,466:INFO: Loading Deep MeshFlows: ./data/NUS_dataset/MyTest/original/motions/mesh/test_video/351.npy
2026-03-25 16:07:16,466:INFO: Total Length: -28
2026-03-25 16:07:16,466:INFO: Loading Deep MeshFlows: ./data/NUS_dataset/MyTest/original/motions/mesh/test_video/352.npy
2026-03-25 16:07:16,467:INFO: Total Length: -28
2026-03-25 16:07:16,467:INFO: Loading Deep MeshFlows: ./data/NUS_dataset/MyTest/original/motions/mesh/test_video/353.npy
2026-03-25 16:07:16,467:INFO: Total Length: -28
2026-03-25 16:07:16,467:INFO: Loading Deep MeshFlows: ./data/NUS_dataset/MyTest/original/motions/mesh/test_video/354.npy
2026-03-25 16:07:16,468:INFO: Total Length: -28
2026-03-25 16:07:16,468:INFO: Loading Deep MeshFlows: ./data/NUS_dataset/MyTest/original/motions/mesh/test_video/355.npy
2026-03-25 16:07:16,468:INFO: Total Length: -28
2026-03-25 16:07:16,468:INFO: Loading Deep MeshFlows: ./data/NUS_dataset/MyTest/original/motions/mesh/test_video/356.npy
2026-03-25 16:07:16,468:INFO: Total Length: -28
2026-03-25 16:07:16,469:INFO: Loading Deep MeshFlows: ./data/NUS_dataset/MyTest/original/motions/mesh/test_video/357.npy
2026-03-25 16:07:16,469:INFO: Total Length: -28
2026-03-25 16:07:16,469:INFO: Loading Deep MeshFlows: ./data/NUS_dataset/MyTest/original/motions/mesh/test_video/358.npy
2026-03-25 16:07:16,469:INFO: Total Length: -28
2026-03-25 16:07:16,469:INFO: Loading Deep MeshFlows: ./data/NUS_dataset/MyTest/original/motions/mesh/test_video/359.npy
2026-03-25 16:07:16,470:INFO: Total Length: -28
2026-03-25 16:07:16,470:INFO: Loading Deep MeshFlows: ./data/NUS_dataset/MyTest/original/motions/mesh/test_video/360.npy
2026-03-25 16:07:16,470:INFO: Total Length: -28
2026-03-25 16:07:16,470:INFO: Loading Deep MeshFlows: ./data/NUS_dataset/MyTest/original/motions/mesh/test_video/361.npy
2026-03-25 16:07:16,470:INFO: Total Length: -28
2026-03-25 16:07:16,471:INFO: Loading Deep MeshFlows: ./data/NUS_dataset/MyTest/original/motions/mesh/test_video/362.npy
2026-03-25 16:07:16,471:INFO: Total Length: -28
2026-03-25 16:07:16,471:INFO: Loading Deep MeshFlows: ./data/NUS_dataset/MyTest/original/motions/mesh/test_video/363.npy
2026-03-25 16:07:16,471:INFO: Total Length: -28
2026-03-25 16:07:16,471:INFO: Loading Deep MeshFlows: ./data/NUS_dataset/MyTest/original/motions/mesh/test_video/364.npy
2026-03-25 16:07:16,472:INFO: Total Length: -28
2026-03-25 16:07:16,472:INFO: Loading Deep MeshFlows: ./data/NUS_dataset/MyTest/original/motions/mesh/test_video/365.npy
2026-03-25 16:07:16,472:INFO: Total Length: -28
2026-03-25 16:07:16,472:INFO: Loading Deep MeshFlows: ./data/NUS_dataset/MyTest/original/motions/mesh/test_video/366.npy
2026-03-25 16:07:16,473:INFO: Total Length: -28
2026-03-25 16:07:16,473:INFO: Loading Deep MeshFlows: ./data/NUS_dataset/MyTest/original/motions/mesh/test_video/367.npy
2026-03-25 16:07:16,473:INFO: Total Length: -28
2026-03-25 16:07:16,473:INFO: Loading Deep MeshFlows: ./data/NUS_dataset/MyTest/original/motions/mesh/test_video/368.npy
2026-03-25 16:07:16,473:INFO: Total Length: -28
2026-03-25 16:07:16,474:INFO: Loading Deep MeshFlows: ./data/NUS_dataset/MyTest/original/motions/mesh/test_video/369.npy
2026-03-25 16:07:16,474:INFO: Total Length: -28
2026-03-25 16:07:16,474:INFO: Loading Deep MeshFlows: ./data/NUS_dataset/MyTest/original/motions/mesh/test_video/370.npy
2026-03-25 16:07:16,474:INFO: Total Length: -28
2026-03-25 16:07:16,474:INFO: Loading Deep MeshFlows: ./data/NUS_dataset/MyTest/original/motions/mesh/test_video/371.npy
2026-03-25 16:07:16,475:INFO: Total Length: -28
2026-03-25 16:07:16,475:INFO: Loading Deep MeshFlows: ./data/NUS_dataset/MyTest/original/motions/mesh/test_video/372.npy
2026-03-25 16:07:16,475:INFO: Total Length: -28
2026-03-25 16:07:16,475:INFO: Loading Deep MeshFlows: ./data/NUS_dataset/MyTest/original/motions/mesh/test_video/373.npy
2026-03-25 16:07:16,475:INFO: Total Length: -28
2026-03-25 16:07:16,476:INFO: Loading Deep MeshFlows: ./data/NUS_dataset/MyTest/original/motions/mesh/test_video/374.npy
2026-03-25 16:07:16,476:INFO: Total Length: -28
2026-03-25 16:07:16,476:INFO: Loading Deep MeshFlows: ./data/NUS_dataset/MyTest/original/motions/mesh/test_video/375.npy
2026-03-25 16:07:16,476:INFO: Total Length: -28
2026-03-25 16:07:16,476:INFO: Loading Deep MeshFlows: ./data/NUS_dataset/MyTest/original/motions/mesh/test_video/376.npy
2026-03-25 16:07:16,477:INFO: Total Length: -28
2026-03-25 16:07:16,477:INFO: Loading Deep MeshFlows: ./data/NUS_dataset/MyTest/original/motions/mesh/test_video/377.npy
2026-03-25 16:07:16,477:INFO: Total Length: -28
2026-03-25 16:07:16,477:INFO: Loading Deep MeshFlows: ./data/NUS_dataset/MyTest/original/motions/mesh/test_video/378.npy
2026-03-25 16:07:16,477:INFO: Total Length: -28
2026-03-25 16:07:16,478:INFO: Loading Deep MeshFlows: ./data/NUS_dataset/MyTest/original/motions/mesh/test_video/379.npy
2026-03-25 16:07:16,478:INFO: Total Length: -28
2026-03-25 16:07:16,478:INFO: Loading Deep MeshFlows: ./data/NUS_dataset/MyTest/original/motions/mesh/test_video/380.npy
2026-03-25 16:07:16,478:INFO: Total Length: -28
2026-03-25 16:07:16,478:INFO: Loading Deep MeshFlows: ./data/NUS_dataset/MyTest/original/motions/mesh/test_video/381.npy
2026-03-25 16:07:16,479:INFO: Total Length: -28
2026-03-25 16:07:16,479:INFO: Loading Deep MeshFlows: ./data/NUS_dataset/MyTest/original/motions/mesh/test_video/382.npy
2026-03-25 16:07:16,479:INFO: Total Length: -28
2026-03-25 16:07:16,479:INFO: Loading Deep MeshFlows: ./data/NUS_dataset/MyTest/original/motions/mesh/test_video/383.npy
2026-03-25 16:07:16,479:INFO: Total Length: -28
2026-03-25 16:07:16,480:INFO: Loading Deep MeshFlows: ./data/NUS_dataset/MyTest/original/motions/mesh/test_video/384.npy
2026-03-25 16:07:16,480:INFO: Total Length: -28
2026-03-25 16:07:16,480:INFO: Loading Deep MeshFlows: ./data/NUS_dataset/MyTest/original/motions/mesh/test_video/385.npy
2026-03-25 16:07:16,480:INFO: Total Length: -28
2026-03-25 16:07:16,481:INFO: Loading Deep MeshFlows: ./data/NUS_dataset/MyTest/original/motions/mesh/test_video/386.npy
2026-03-25 16:07:16,481:INFO: Total Length: -28
2026-03-25 16:07:16,481:INFO: Loading Deep MeshFlows: ./data/NUS_dataset/MyTest/original/motions/mesh/test_video/387.npy
2026-03-25 16:07:16,481:INFO: Total Length: -28
2026-03-25 16:07:16,481:INFO: Loading Deep MeshFlows: ./data/NUS_dataset/MyTest/original/motions/mesh/test_video/388.npy
2026-03-25 16:07:16,482:INFO: Total Length: -28
2026-03-25 16:07:16,482:INFO: Loading Deep MeshFlows: ./data/NUS_dataset/MyTest/original/motions/mesh/test_video/389.npy
2026-03-25 16:07:16,482:INFO: Total Length: -28
2026-03-25 16:07:16,482:INFO: Loading Deep MeshFlows: ./data/NUS_dataset/MyTest/original/motions/mesh/test_video/390.npy
2026-03-25 16:07:16,482:INFO: Total Length: -28
2026-03-25 16:07:16,483:INFO: Loading Deep MeshFlows: ./data/NUS_dataset/MyTest/original/motions/mesh/test_video/391.npy
2026-03-25 16:07:16,483:INFO: Total Length: -28
2026-03-25 16:07:16,483:INFO: Loading Deep MeshFlows: ./data/NUS_dataset/MyTest/original/motions/mesh/test_video/392.npy
2026-03-25 16:07:16,483:INFO: Total Length: -28
2026-03-25 16:07:16,483:INFO: Loading Deep MeshFlows: ./data/NUS_dataset/MyTest/original/motions/mesh/test_video/393.npy
2026-03-25 16:07:16,484:INFO: Total Length: -28
2026-03-25 16:07:16,484:INFO: Loading Deep MeshFlows: ./data/NUS_dataset/MyTest/original/motions/mesh/test_video/394.npy
2026-03-25 16:07:16,484:INFO: Total Length: -28
2026-03-25 16:07:16,484:INFO: Loading Deep MeshFlows: ./data/NUS_dataset/MyTest/original/motions/mesh/test_video/395.npy
2026-03-25 16:07:16,485:INFO: Total Length: -28
2026-03-25 16:07:16,485:INFO: Loading Deep MeshFlows: ./data/NUS_dataset/MyTest/original/motions/mesh/test_video/396.npy
2026-03-25 16:07:16,485:INFO: Total Length: -28
2026-03-25 16:07:16,485:INFO: Loading Deep MeshFlows: ./data/NUS_dataset/MyTest/original/motions/mesh/test_video/397.npy
2026-03-25 16:07:16,485:INFO: Total Length: -28
2026-03-25 16:07:16,486:INFO: Loading Deep MeshFlows: ./data/NUS_dataset/MyTest/original/motions/mesh/test_video/398.npy
2026-03-25 16:07:16,486:INFO: Total Length: -28
2026-03-25 16:07:16,486:INFO: Loading Deep MeshFlows: ./data/NUS_dataset/MyTest/original/motions/mesh/test_video/399.npy
2026-03-25 16:07:16,486:INFO: Total Length: -28
2026-03-25 16:07:16,486:INFO: Loading Deep MeshFlows: ./data/NUS_dataset/MyTest/original/motions/mesh/test_video/400.npy
2026-03-25 16:07:16,487:INFO: Total Length: -28
2026-03-25 16:07:16,487:INFO: Loading Deep MeshFlows: ./data/NUS_dataset/MyTest/original/motions/mesh/test_video/401.npy
2026-03-25 16:07:16,487:INFO: Total Length: -28
2026-03-25 16:07:16,487:INFO: Loading Deep MeshFlows: ./data/NUS_dataset/MyTest/original/motions/mesh/test_video/402.npy
2026-03-25 16:07:16,488:INFO: Total Length: -28
2026-03-25 16:07:16,488:INFO: Loading Deep MeshFlows: ./data/NUS_dataset/MyTest/original/motions/mesh/test_video/403.npy
2026-03-25 16:07:16,488:INFO: Total Length: -28
2026-03-25 16:07:16,488:INFO: Loading Deep MeshFlows: ./data/NUS_dataset/MyTest/original/motions/mesh/test_video/404.npy
2026-03-25 16:07:16,488:INFO: Total Length: -28
2026-03-25 16:07:16,489:INFO: Loading Deep MeshFlows: ./data/NUS_dataset/MyTest/original/motions/mesh/test_video/405.npy
2026-03-25 16:07:16,489:INFO: Total Length: -28
2026-03-25 16:07:16,489:INFO: Loading Deep MeshFlows: ./data/NUS_dataset/MyTest/original/motions/mesh/test_video/406.npy
2026-03-25 16:07:16,489:INFO: Total Length: -28
2026-03-25 16:07:16,490:INFO: Loading Deep MeshFlows: ./data/NUS_dataset/MyTest/original/motions/mesh/test_video/407.npy
2026-03-25 16:07:16,490:INFO: Total Length: -28
2026-03-25 16:07:16,490:INFO: Loading Deep MeshFlows: ./data/NUS_dataset/MyTest/original/motions/mesh/test_video/408.npy
2026-03-25 16:07:16,490:INFO: Total Length: -28
2026-03-25 16:07:16,491:INFO: Loading Deep MeshFlows: ./data/NUS_dataset/MyTest/original/motions/mesh/test_video/409.npy
2026-03-25 16:07:16,491:INFO: Total Length: -28
2026-03-25 16:07:16,491:INFO: Loading Deep MeshFlows: ./data/NUS_dataset/MyTest/original/motions/mesh/test_video/410.npy
2026-03-25 16:07:16,491:INFO: Total Length: -28
2026-03-25 16:07:16,491:INFO: Loading Deep MeshFlows: ./data/NUS_dataset/MyTest/original/motions/mesh/test_video/411.npy
2026-03-25 16:07:16,492:INFO: Total Length: -28
2026-03-25 16:07:16,492:INFO: Loading Deep MeshFlows: ./data/NUS_dataset/MyTest/original/motions/mesh/test_video/412.npy
2026-03-25 16:07:16,492:INFO: Total Length: -28
2026-03-25 16:07:16,492:INFO: Loading Deep MeshFlows: ./data/NUS_dataset/MyTest/original/motions/mesh/test_video/413.npy
2026-03-25 16:07:16,492:INFO: Total Length: -28
2026-03-25 16:07:16,493:INFO: Loading Deep MeshFlows: ./data/NUS_dataset/MyTest/original/motions/mesh/test_video/414.npy
2026-03-25 16:07:16,493:INFO: Total Length: -28
2026-03-25 16:07:16,493:INFO: Loading Deep MeshFlows: ./data/NUS_dataset/MyTest/original/motions/mesh/test_video/415.npy
2026-03-25 16:07:16,494:INFO: Total Length: -28
2026-03-25 16:07:16,494:INFO: Loading Deep MeshFlows: ./data/NUS_dataset/MyTest/original/motions/mesh/test_video/416.npy
2026-03-25 16:07:16,494:INFO: Total Length: -28
2026-03-25 16:07:16,494:INFO: Loading Deep MeshFlows: ./data/NUS_dataset/MyTest/original/motions/mesh/test_video/417.npy
2026-03-25 16:07:16,495:INFO: Total Length: -28
2026-03-25 16:07:16,495:INFO: Loading Deep MeshFlows: ./data/NUS_dataset/MyTest/original/motions/mesh/test_video/418.npy
2026-03-25 16:07:16,495:INFO: Total Length: -28
2026-03-25 16:07:16,495:INFO: Loading Deep MeshFlows: ./data/NUS_dataset/MyTest/original/motions/mesh/test_video/419.npy
2026-03-25 16:07:16,495:INFO: Total Length: -28
2026-03-25 16:07:16,496:INFO: Loading Deep MeshFlows: ./data/NUS_dataset/MyTest/original/motions/mesh/test_video/420.npy
2026-03-25 16:07:16,496:INFO: Total Length: -28
2026-03-25 16:07:16,496:INFO: Loading Deep MeshFlows: ./data/NUS_dataset/MyTest/original/motions/mesh/test_video/421.npy
2026-03-25 16:07:16,496:INFO: Total Length: -28
2026-03-25 16:07:16,496:INFO: Loading Deep MeshFlows: ./data/NUS_dataset/MyTest/original/motions/mesh/test_video/422.npy
2026-03-25 16:07:16,497:INFO: Total Length: -28
2026-03-25 16:07:16,497:INFO: Loading Deep MeshFlows: ./data/NUS_dataset/MyTest/original/motions/mesh/test_video/423.npy
2026-03-25 16:07:16,497:INFO: Total Length: -28
2026-03-25 16:07:16,497:INFO: Loading Deep MeshFlows: ./data/NUS_dataset/MyTest/original/motions/mesh/test_video/424.npy
2026-03-25 16:07:16,498:INFO: Total Length: -28
2026-03-25 16:07:16,498:INFO: Loading Deep MeshFlows: ./data/NUS_dataset/MyTest/original/motions/mesh/test_video/425.npy
2026-03-25 16:07:16,498:INFO: Total Length: -28
2026-03-25 16:07:16,498:INFO: Loading Deep MeshFlows: ./data/NUS_dataset/MyTest/original/motions/mesh/test_video/426.npy
2026-03-25 16:07:16,499:INFO: Total Length: -28
2026-03-25 16:07:16,499:INFO: Loading Deep MeshFlows: ./data/NUS_dataset/MyTest/original/motions/mesh/test_video/427.npy
2026-03-25 16:07:16,499:INFO: Total Length: -28
2026-03-25 16:07:16,499:INFO: Loading Deep MeshFlows: ./data/NUS_dataset/MyTest/original/motions/mesh/test_video/428.npy
2026-03-25 16:07:16,499:INFO: Total Length: -28
2026-03-25 16:07:16,500:INFO: Loading Deep MeshFlows: ./data/NUS_dataset/MyTest/original/motions/mesh/test_video/429.npy
2026-03-25 16:07:16,500:INFO: Total Length: -28
2026-03-25 16:07:16,500:INFO: Loading Deep MeshFlows: ./data/NUS_dataset/MyTest/original/motions/mesh/test_video/430.npy
2026-03-25 16:07:16,500:INFO: Total Length: -28
2026-03-25 16:07:16,500:INFO: Loading Deep MeshFlows: ./data/NUS_dataset/MyTest/original/motions/mesh/test_video/431.npy
2026-03-25 16:07:16,501:INFO: Total Length: -28
2026-03-25 16:07:16,501:WARNING: Dosya bulunamadı, atlanıyor: ./data/NUS_dataset/MyTest/original/motions/mesh/test_video/432.npy
2026-03-25 16:07:16,501:INFO: Total Length: 0
2026-03-25 16:07:16,501:INFO: Loading Pretrained Model From: ./pretrained/pretrained_model.pth.tar
2026-03-25 16:07:22,880:INFO: Starting Evaluation...
2026-03-25 16:07:22,880:INFO: Eval Video: 0
2026-03-25 16:13:05,291:INFO: Loading Datasets...
2026-03-25 16:13:05,292:INFO: Video Dir: ./data/NUS_dataset/MyTest/original/videos
2026-03-25 16:13:05,292:INFO: Motion Dir: ./data/NUS_dataset/MyTest/original/motions/mesh/test_video
2026-03-25 16:13:05,292:INFO: Fetch Evaluate Dataloaders...
2026-03-25 16:13:05,293:INFO: Loading Deep MeshFlows: ./data/NUS_dataset/MyTest/original/motions/mesh/test_video/0.npy
2026-03-25 16:13:05,296:INFO: Total Length: -28
2026-03-25 16:13:05,296:INFO: Loading Deep MeshFlows: ./data/NUS_dataset/MyTest/original/motions/mesh/test_video/1.npy
2026-03-25 16:13:05,296:INFO: Total Length: -28
2026-03-25 16:13:05,297:INFO: Loading Deep MeshFlows: ./data/NUS_dataset/MyTest/original/motions/mesh/test_video/2.npy
2026-03-25 16:13:05,297:INFO: Total Length: -28
2026-03-25 16:13:05,297:INFO: Loading Deep MeshFlows: ./data/NUS_dataset/MyTest/original/motions/mesh/test_video/3.npy
2026-03-25 16:13:05,297:INFO: Total Length: -28
2026-03-25 16:13:05,297:INFO: Loading Deep MeshFlows: ./data/NUS_dataset/MyTest/original/motions/mesh/test_video/4.npy
2026-03-25 16:13:05,298:INFO: Total Length: -28
2026-03-25 16:13:05,298:INFO: Loading Deep MeshFlows: ./data/NUS_dataset/MyTest/original/motions/mesh/test_video/5.npy
2026-03-25 16:13:05,298:INFO: Total Length: -28
2026-03-25 16:13:05,298:INFO: Loading Deep MeshFlows: ./data/NUS_dataset/MyTest/original/motions/mesh/test_video/6.npy
2026-03-25 16:13:05,299:INFO: Total Length: -28
2026-03-25 16:13:05,299:INFO: Loading Deep MeshFlows: ./data/NUS_dataset/MyTest/original/motions/mesh/test_video/7.npy
2026-03-25 16:13:05,299:INFO: Total Length: -28
2026-03-25 16:13:05,299:INFO: Loading Deep MeshFlows: ./data/NUS_dataset/MyTest/original/motions/mesh/test_video/8.npy
2026-03-25 16:13:05,300:INFO: Total Length: -28
2026-03-25 16:13:05,300:INFO: Loading Deep MeshFlows: ./data/NUS_dataset/MyTest/original/motions/mesh/test_video/9.npy
2026-03-25 16:13:05,300:INFO: Total Length: -28
2026-03-25 16:13:05,300:INFO: Loading Deep MeshFlows: ./data/NUS_dataset/MyTest/original/motions/mesh/test_video/10.npy
2026-03-25 16:13:05,300:INFO: Total Length: -28
2026-03-25 16:13:05,301:INFO: Loading Deep MeshFlows: ./data/NUS_dataset/MyTest/original/motions/mesh/test_video/11.npy
2026-03-25 16:13:05,301:INFO: Total Length: -28
2026-03-25 16:13:05,301:INFO: Loading Deep MeshFlows: ./data/NUS_dataset/MyTest/original/motions/mesh/test_video/12.npy
2026-03-25 16:13:05,301:INFO: Total Length: -28
2026-03-25 16:13:05,301:INFO: Loading Deep MeshFlows: ./data/NUS_dataset/MyTest/original/motions/mesh/test_video/13.npy
2026-03-25 16:13:05,302:INFO: Total Length: -28
2026-03-25 16:13:05,302:INFO: Loading Deep MeshFlows: ./data/NUS_dataset/MyTest/original/motions/mesh/test_video/14.npy
2026-03-25 16:13:05,302:INFO: Total Length: -28
2026-03-25 16:13:05,302:INFO: Loading Deep MeshFlows: ./data/NUS_dataset/MyTest/original/motions/mesh/test_video/15.npy
2026-03-25 16:13:05,303:INFO: Total Length: -28
2026-03-25 16:13:05,303:INFO: Loading Deep MeshFlows: ./data/NUS_dataset/MyTest/original/motions/mesh/test_video/16.npy
2026-03-25 16:13:05,303:INFO: Total Length: -28
2026-03-25 16:13:05,303:INFO: Loading Deep MeshFlows: ./data/NUS_dataset/MyTest/original/motions/mesh/test_video/17.npy
2026-03-25 16:13:05,303:INFO: Total Length: -28
2026-03-25 16:13:05,304:INFO: Loading Deep MeshFlows: ./data/NUS_dataset/MyTest/original/motions/mesh/test_video/18.npy
2026-03-25 16:13:05,304:INFO: Total Length: -28
2026-03-25 16:13:05,304:INFO: Loading Deep MeshFlows: ./data/NUS_dataset/MyTest/original/motions/mesh/test_video/19.npy
2026-03-25 16:13:05,304:INFO: Total Length: -28
2026-03-25 16:13:05,304:INFO: Loading Deep MeshFlows: ./data/NUS_dataset/MyTest/original/motions/mesh/test_video/20.npy
2026-03-25 16:13:05,305:INFO: Total Length: -28
2026-03-25 16:13:05,305:INFO: Loading Deep MeshFlows: ./data/NUS_dataset/MyTest/original/motions/mesh/test_video/21.npy
2026-03-25 16:13:05,305:INFO: Total Length: -28
2026-03-25 16:13:05,305:INFO: Loading Deep MeshFlows: ./data/NUS_dataset/MyTest/original/motions/mesh/test_video/22.npy
2026-03-25 16:13:05,305:INFO: Total Length: -28
2026-03-25 16:13:05,306:INFO: Loading Deep MeshFlows: ./data/NUS_dataset/MyTest/original/motions/mesh/test_video/23.npy
2026-03-25 16:13:05,306:INFO: Total Length: -28
2026-03-25 16:13:05,306:INFO: Loading Deep MeshFlows: ./data/NUS_dataset/MyTest/original/motions/mesh/test_video/24.npy
2026-03-25 16:13:05,306:INFO: Total Length: -28
2026-03-25 16:13:05,307:INFO: Loading Deep MeshFlows: ./data/NUS_dataset/MyTest/original/motions/mesh/test_video/25.npy
2026-03-25 16:13:05,307:INFO: Total Length: -28
2026-03-25 16:13:05,307:INFO: Loading Deep MeshFlows: ./data/NUS_dataset/MyTest/original/motions/mesh/test_video/26.npy
2026-03-25 16:13:05,307:INFO: Total Length: -28
2026-03-25 16:13:05,307:INFO: Loading Deep MeshFlows: ./data/NUS_dataset/MyTest/original/motions/mesh/test_video/27.npy
2026-03-25 16:13:05,308:INFO: Total Length: -28
2026-03-25 16:13:05,308:INFO: Loading Deep MeshFlows: ./data/NUS_dataset/MyTest/original/motions/mesh/test_video/28.npy
2026-03-25 16:13:05,308:INFO: Total Length: -28
2026-03-25 16:13:05,308:INFO: Loading Deep MeshFlows: ./data/NUS_dataset/MyTest/original/motions/mesh/test_video/29.npy
2026-03-25 16:13:05,309:INFO: Total Length: -28
2026-03-25 16:13:05,309:INFO: Loading Deep MeshFlows: ./data/NUS_dataset/MyTest/original/motions/mesh/test_video/30.npy
2026-03-25 16:13:05,309:INFO: Total Length: -28
2026-03-25 16:13:05,309:INFO: Loading Deep MeshFlows: ./data/NUS_dataset/MyTest/original/motions/mesh/test_video/31.npy
2026-03-25 16:13:05,309:INFO: Total Length: -28
2026-03-25 16:13:05,310:INFO: Loading Deep MeshFlows: ./data/NUS_dataset/MyTest/original/motions/mesh/test_video/32.npy
2026-03-25 16:13:05,310:INFO: Total Length: -28
2026-03-25 16:13:05,310:INFO: Loading Deep MeshFlows: ./data/NUS_dataset/MyTest/original/motions/mesh/test_video/33.npy
2026-03-25 16:13:05,310:INFO: Total Length: -28
2026-03-25 16:13:05,310:INFO: Loading Deep MeshFlows: ./data/NUS_dataset/MyTest/original/motions/mesh/test_video/34.npy
2026-03-25 16:13:05,311:INFO: Total Length: -28
2026-03-25 16:13:05,311:INFO: Loading Deep MeshFlows: ./data/NUS_dataset/MyTest/original/motions/mesh/test_video/35.npy
2026-03-25 16:13:05,311:INFO: Total Length: -28
2026-03-25 16:13:05,311:INFO: Loading Deep MeshFlows: ./data/NUS_dataset/MyTest/original/motions/mesh/test_video/36.npy
2026-03-25 16:13:05,311:INFO: Total Length: -28
2026-03-25 16:13:05,312:INFO: Loading Deep MeshFlows: ./data/NUS_dataset/MyTest/original/motions/mesh/test_video/37.npy
2026-03-25 16:13:05,312:INFO: Total Length: -28
2026-03-25 16:13:05,312:INFO: Loading Deep MeshFlows: ./data/NUS_dataset/MyTest/original/motions/mesh/test_video/38.npy
2026-03-25 16:13:05,312:INFO: Total Length: -28
2026-03-25 16:13:05,313:INFO: Loading Deep MeshFlows: ./data/NUS_dataset/MyTest/original/motions/mesh/test_video/39.npy
2026-03-25 16:13:05,313:INFO: Total Length: -28
2026-03-25 16:13:05,313:INFO: Loading Deep MeshFlows: ./data/NUS_dataset/MyTest/original/motions/mesh/test_video/40.npy
2026-03-25 16:13:05,313:INFO: Total Length: -28
2026-03-25 16:13:05,314:INFO: Loading Deep MeshFlows: ./data/NUS_dataset/MyTest/original/motions/mesh/test_video/41.npy
2026-03-25 16:13:05,314:INFO: Total Length: -28
2026-03-25 16:13:05,314:INFO: Loading Deep MeshFlows: ./data/NUS_dataset/MyTest/original/motions/mesh/test_video/42.npy
2026-03-25 16:13:05,314:INFO: Total Length: -28
2026-03-25 16:13:05,315:INFO: Loading Deep MeshFlows: ./data/NUS_dataset/MyTest/original/motions/mesh/test_video/43.npy
2026-03-25 16:13:05,315:INFO: Total Length: -28
2026-03-25 16:13:05,315:INFO: Loading Deep MeshFlows: ./data/NUS_dataset/MyTest/original/motions/mesh/test_video/44.npy
2026-03-25 16:13:05,315:INFO: Total Length: -28
2026-03-25 16:13:05,315:INFO: Loading Deep MeshFlows: ./data/NUS_dataset/MyTest/original/motions/mesh/test_video/45.npy
2026-03-25 16:13:05,316:INFO: Total Length: -28
2026-03-25 16:13:05,316:INFO: Loading Deep MeshFlows: ./data/NUS_dataset/MyTest/original/motions/mesh/test_video/46.npy
2026-03-25 16:13:05,316:INFO: Total Length: -28
2026-03-25 16:13:05,316:INFO: Loading Deep MeshFlows: ./data/NUS_dataset/MyTest/original/motions/mesh/test_video/47.npy
2026-03-25 16:13:05,317:INFO: Total Length: -28
2026-03-25 16:13:05,317:INFO: Loading Deep MeshFlows: ./data/NUS_dataset/MyTest/original/motions/mesh/test_video/48.npy
2026-03-25 16:13:05,317:INFO: Total Length: -28
2026-03-25 16:13:05,317:INFO: Loading Deep MeshFlows: ./data/NUS_dataset/MyTest/original/motions/mesh/test_video/49.npy
2026-03-25 16:13:05,317:INFO: Total Length: -28
2026-03-25 16:13:05,318:INFO: Loading Deep MeshFlows: ./data/NUS_dataset/MyTest/original/motions/mesh/test_video/50.npy
2026-03-25 16:13:05,318:INFO: Total Length: -28
2026-03-25 16:13:05,318:INFO: Loading Deep MeshFlows: ./data/NUS_dataset/MyTest/original/motions/mesh/test_video/51.npy
2026-03-25 16:13:05,318:INFO: Total Length: -28
2026-03-25 16:13:05,318:INFO: Loading Deep MeshFlows: ./data/NUS_dataset/MyTest/original/motions/mesh/test_video/52.npy
2026-03-25 16:13:05,319:INFO: Total Length: -28
2026-03-25 16:13:05,319:INFO: Loading Deep MeshFlows: ./data/NUS_dataset/MyTest/original/motions/mesh/test_video/53.npy
2026-03-25 16:13:05,319:INFO: Total Length: -28
2026-03-25 16:13:05,319:INFO: Loading Deep MeshFlows: ./data/NUS_dataset/MyTest/original/motions/mesh/test_video/54.npy
2026-03-25 16:13:05,319:INFO: Total Length: -28
2026-03-25 16:13:05,320:INFO: Loading Deep MeshFlows: ./data/NUS_dataset/MyTest/original/motions/mesh/test_video/55.npy
2026-03-25 16:13:05,320:INFO: Total Length: -28
2026-03-25 16:13:05,320:INFO: Loading Deep MeshFlows: ./data/NUS_dataset/MyTest/original/motions/mesh/test_video/56.npy
2026-03-25 16:13:05,320:INFO: Total Length: -28
2026-03-25 16:13:05,320:INFO: Loading Deep MeshFlows: ./data/NUS_dataset/MyTest/original/motions/mesh/test_video/57.npy
2026-03-25 16:13:05,321:INFO: Total Length: -28
2026-03-25 16:13:05,321:INFO: Loading Deep MeshFlows: ./data/NUS_dataset/MyTest/original/motions/mesh/test_video/58.npy
2026-03-25 16:13:05,321:INFO: Total Length: -28
2026-03-25 16:13:05,321:INFO: Loading Deep MeshFlows: ./data/NUS_dataset/MyTest/original/motions/mesh/test_video/59.npy
2026-03-25 16:13:05,322:INFO: Total Length: -28
2026-03-25 16:13:05,322:INFO: Loading Deep MeshFlows: ./data/NUS_dataset/MyTest/original/motions/mesh/test_video/60.npy
2026-03-25 16:13:05,322:INFO: Total Length: -28
2026-03-25 16:13:05,322:INFO: Loading Deep MeshFlows: ./data/NUS_dataset/MyTest/original/motions/mesh/test_video/61.npy
2026-03-25 16:13:05,322:INFO: Total Length: -28
2026-03-25 16:13:05,323:INFO: Loading Deep MeshFlows: ./data/NUS_dataset/MyTest/original/motions/mesh/test_video/62.npy
2026-03-25 16:13:05,323:INFO: Total Length: -28
2026-03-25 16:13:05,323:INFO: Loading Deep MeshFlows: ./data/NUS_dataset/MyTest/original/motions/mesh/test_video/63.npy
2026-03-25 16:13:05,323:INFO: Total Length: -28
2026-03-25 16:13:05,323:INFO: Loading Deep MeshFlows: ./data/NUS_dataset/MyTest/original/motions/mesh/test_video/64.npy
2026-03-25 16:13:05,324:INFO: Total Length: -28
2026-03-25 16:13:05,324:INFO: Loading Deep MeshFlows: ./data/NUS_dataset/MyTest/original/motions/mesh/test_video/65.npy
2026-03-25 16:13:05,324:INFO: Total Length: -28
2026-03-25 16:13:05,324:INFO: Loading Deep MeshFlows: ./data/NUS_dataset/MyTest/original/motions/mesh/test_video/66.npy
2026-03-25 16:13:05,325:INFO: Total Length: -28
2026-03-25 16:13:05,325:INFO: Loading Deep MeshFlows: ./data/NUS_dataset/MyTest/original/motions/mesh/test_video/67.npy
2026-03-25 16:13:05,325:INFO: Total Length: -28
2026-03-25 16:13:05,325:INFO: Loading Deep MeshFlows: ./data/NUS_dataset/MyTest/original/motions/mesh/test_video/68.npy
2026-03-25 16:13:05,325:INFO: Total Length: -28
2026-03-25 16:13:05,326:INFO: Loading Deep MeshFlows: ./data/NUS_dataset/MyTest/original/motions/mesh/test_video/69.npy
2026-03-25 16:13:05,326:INFO: Total Length: -28
2026-03-25 16:13:05,326:INFO: Loading Deep MeshFlows: ./data/NUS_dataset/MyTest/original/motions/mesh/test_video/70.npy
2026-03-25 16:13:05,326:INFO: Total Length: -28
2026-03-25 16:13:05,326:INFO: Loading Deep MeshFlows: ./data/NUS_dataset/MyTest/original/motions/mesh/test_video/71.npy
2026-03-25 16:13:05,327:INFO: Total Length: -28
2026-03-25 16:13:05,327:INFO: Loading Deep MeshFlows: ./data/NUS_dataset/MyTest/original/motions/mesh/test_video/72.npy
2026-03-25 16:13:05,327:INFO: Total Length: -28
2026-03-25 16:13:05,327:INFO: Loading Deep MeshFlows: ./data/NUS_dataset/MyTest/original/motions/mesh/test_video/73.npy
2026-03-25 16:13:05,328:INFO: Total Length: -28
2026-03-25 16:13:05,328:INFO: Loading Deep MeshFlows: ./data/NUS_dataset/MyTest/original/motions/mesh/test_video/74.npy
2026-03-25 16:13:05,328:INFO: Total Length: -28
2026-03-25 16:13:05,328:INFO: Loading Deep MeshFlows: ./data/NUS_dataset/MyTest/original/motions/mesh/test_video/75.npy
2026-03-25 16:13:05,328:INFO: Total Length: -28
2026-03-25 16:13:05,328:INFO: Loading Deep MeshFlows: ./data/NUS_dataset/MyTest/original/motions/mesh/test_video/76.npy
2026-03-25 16:13:05,329:INFO: Total Length: -28
2026-03-25 16:13:05,329:INFO: Loading Deep MeshFlows: ./data/NUS_dataset/MyTest/original/motions/mesh/test_video/77.npy
2026-03-25 16:13:05,329:INFO: Total Length: -28
2026-03-25 16:13:05,329:INFO: Loading Deep MeshFlows: ./data/NUS_dataset/MyTest/original/motions/mesh/test_video/78.npy
2026-03-25 16:13:05,330:INFO: Total Length: -28
2026-03-25 16:13:05,330:INFO: Loading Deep MeshFlows: ./data/NUS_dataset/MyTest/original/motions/mesh/test_video/79.npy
2026-03-25 16:13:05,330:INFO: Total Length: -28
2026-03-25 16:13:05,330:INFO: Loading Deep MeshFlows: ./data/NUS_dataset/MyTest/original/motions/mesh/test_video/80.npy
2026-03-25 16:13:05,330:INFO: Total Length: -28
2026-03-25 16:13:05,331:INFO: Loading Deep MeshFlows: ./data/NUS_dataset/MyTest/original/motions/mesh/test_video/81.npy
2026-03-25 16:13:05,331:INFO: Total Length: -28
2026-03-25 16:13:05,331:INFO: Loading Deep MeshFlows: ./data/NUS_dataset/MyTest/original/motions/mesh/test_video/82.npy
2026-03-25 16:13:05,331:INFO: Total Length: -28
2026-03-25 16:13:05,331:INFO: Loading Deep MeshFlows: ./data/NUS_dataset/MyTest/original/motions/mesh/test_video/83.npy
2026-03-25 16:13:05,332:INFO: Total Length: -28
2026-03-25 16:13:05,332:INFO: Loading Deep MeshFlows: ./data/NUS_dataset/MyTest/original/motions/mesh/test_video/84.npy
2026-03-25 16:13:05,332:INFO: Total Length: -28
2026-03-25 16:13:05,332:INFO: Loading Deep MeshFlows: ./data/NUS_dataset/MyTest/original/motions/mesh/test_video/85.npy
2026-03-25 16:13:05,333:INFO: Total Length: -28
2026-03-25 16:13:05,333:INFO: Loading Deep MeshFlows: ./data/NUS_dataset/MyTest/original/motions/mesh/test_video/86.npy
2026-03-25 16:13:05,333:INFO: Total Length: -28
2026-03-25 16:13:05,333:INFO: Loading Deep MeshFlows: ./data/NUS_dataset/MyTest/original/motions/mesh/test_video/87.npy
2026-03-25 16:13:05,333:INFO: Total Length: -28
2026-03-25 16:13:05,334:INFO: Loading Deep MeshFlows: ./data/NUS_dataset/MyTest/original/motions/mesh/test_video/88.npy
2026-03-25 16:13:05,334:INFO: Total Length: -28
2026-03-25 16:13:05,334:INFO: Loading Deep MeshFlows: ./data/NUS_dataset/MyTest/original/motions/mesh/test_video/89.npy
2026-03-25 16:13:05,334:INFO: Total Length: -28
2026-03-25 16:13:05,334:INFO: Loading Deep MeshFlows: ./data/NUS_dataset/MyTest/original/motions/mesh/test_video/90.npy
2026-03-25 16:13:05,335:INFO: Total Length: -28
2026-03-25 16:13:05,335:INFO: Loading Deep MeshFlows: ./data/NUS_dataset/MyTest/original/motions/mesh/test_video/91.npy
2026-03-25 16:13:05,335:INFO: Total Length: -28
2026-03-25 16:13:05,335:INFO: Loading Deep MeshFlows: ./data/NUS_dataset/MyTest/original/motions/mesh/test_video/92.npy
2026-03-25 16:13:05,336:INFO: Total Length: -28
2026-03-25 16:13:05,336:INFO: Loading Deep MeshFlows: ./data/NUS_dataset/MyTest/original/motions/mesh/test_video/93.npy
2026-03-25 16:13:05,336:INFO: Total Length: -28
2026-03-25 16:13:05,336:INFO: Loading Deep MeshFlows: ./data/NUS_dataset/MyTest/original/motions/mesh/test_video/94.npy
2026-03-25 16:13:05,336:INFO: Total Length: -28
2026-03-25 16:13:05,337:INFO: Loading Deep MeshFlows: ./data/NUS_dataset/MyTest/original/motions/mesh/test_video/95.npy
2026-03-25 16:13:05,337:INFO: Total Length: -28
2026-03-25 16:13:05,337:INFO: Loading Deep MeshFlows: ./data/NUS_dataset/MyTest/original/motions/mesh/test_video/96.npy
2026-03-25 16:13:05,337:INFO: Total Length: -28
2026-03-25 16:13:05,337:INFO: Loading Deep MeshFlows: ./data/NUS_dataset/MyTest/original/motions/mesh/test_video/97.npy
2026-03-25 16:13:05,338:INFO: Total Length: -28
2026-03-25 16:13:05,338:INFO: Loading Deep MeshFlows: ./data/NUS_dataset/MyTest/original/motions/mesh/test_video/98.npy
2026-03-25 16:13:05,338:INFO: Total Length: -28
2026-03-25 16:13:05,338:INFO: Loading Deep MeshFlows: ./data/NUS_dataset/MyTest/original/motions/mesh/test_video/99.npy
2026-03-25 16:13:05,339:INFO: Total Length: -28
2026-03-25 16:13:05,339:INFO: Loading Deep MeshFlows: ./data/NUS_dataset/MyTest/original/motions/mesh/test_video/100.npy
2026-03-25 16:13:05,339:INFO: Total Length: -28
2026-03-25 16:13:05,339:INFO: Loading Deep MeshFlows: ./data/NUS_dataset/MyTest/original/motions/mesh/test_video/101.npy
2026-03-25 16:13:05,339:INFO: Total Length: -28
2026-03-25 16:13:05,340:INFO: Loading Deep MeshFlows: ./data/NUS_dataset/MyTest/original/motions/mesh/test_video/102.npy
2026-03-25 16:13:05,340:INFO: Total Length: -28
2026-03-25 16:13:05,340:INFO: Loading Deep MeshFlows: ./data/NUS_dataset/MyTest/original/motions/mesh/test_video/103.npy
2026-03-25 16:13:05,340:INFO: Total Length: -28
2026-03-25 16:13:05,340:INFO: Loading Deep MeshFlows: ./data/NUS_dataset/MyTest/original/motions/mesh/test_video/104.npy
2026-03-25 16:13:05,341:INFO: Total Length: -28
2026-03-25 16:13:05,341:INFO: Loading Deep MeshFlows: ./data/NUS_dataset/MyTest/original/motions/mesh/test_video/105.npy
2026-03-25 16:13:05,341:INFO: Total Length: -28
2026-03-25 16:13:05,341:INFO: Loading Deep MeshFlows: ./data/NUS_dataset/MyTest/original/motions/mesh/test_video/106.npy
2026-03-25 16:13:05,342:INFO: Total Length: -28
2026-03-25 16:13:05,342:INFO: Loading Deep MeshFlows: ./data/NUS_dataset/MyTest/original/motions/mesh/test_video/107.npy
2026-03-25 16:13:05,342:INFO: Total Length: -28
2026-03-25 16:13:05,342:INFO: Loading Deep MeshFlows: ./data/NUS_dataset/MyTest/original/motions/mesh/test_video/108.npy
2026-03-25 16:13:05,342:INFO: Total Length: -28
2026-03-25 16:13:05,343:INFO: Loading Deep MeshFlows: ./data/NUS_dataset/MyTest/original/motions/mesh/test_video/109.npy
2026-03-25 16:13:05,343:INFO: Total Length: -28
2026-03-25 16:13:05,343:INFO: Loading Deep MeshFlows: ./data/NUS_dataset/MyTest/original/motions/mesh/test_video/110.npy
2026-03-25 16:13:05,343:INFO: Total Length: -28
2026-03-25 16:13:05,343:INFO: Loading Deep MeshFlows: ./data/NUS_dataset/MyTest/original/motions/mesh/test_video/111.npy
2026-03-25 16:13:05,344:INFO: Total Length: -28
2026-03-25 16:13:05,344:INFO: Loading Deep MeshFlows: ./data/NUS_dataset/MyTest/original/motions/mesh/test_video/112.npy
2026-03-25 16:13:05,344:INFO: Total Length: -28
2026-03-25 16:13:05,344:INFO: Loading Deep MeshFlows: ./data/NUS_dataset/MyTest/original/motions/mesh/test_video/113.npy
2026-03-25 16:13:05,344:INFO: Total Length: -28
2026-03-25 16:13:05,345:INFO: Loading Deep MeshFlows: ./data/NUS_dataset/MyTest/original/motions/mesh/test_video/114.npy
2026-03-25 16:13:05,345:INFO: Total Length: -28
2026-03-25 16:13:05,345:INFO: Loading Deep MeshFlows: ./data/NUS_dataset/MyTest/original/motions/mesh/test_video/115.npy
2026-03-25 16:13:05,345:INFO: Total Length: -28
2026-03-25 16:13:05,346:INFO: Loading Deep MeshFlows: ./data/NUS_dataset/MyTest/original/motions/mesh/test_video/116.npy
2026-03-25 16:13:05,346:INFO: Total Length: -28
2026-03-25 16:13:05,346:INFO: Loading Deep MeshFlows: ./data/NUS_dataset/MyTest/original/motions/mesh/test_video/117.npy
2026-03-25 16:13:05,346:INFO: Total Length: -28
2026-03-25 16:13:05,346:INFO: Loading Deep MeshFlows: ./data/NUS_dataset/MyTest/original/motions/mesh/test_video/118.npy
2026-03-25 16:13:05,347:INFO: Total Length: -28
2026-03-25 16:13:05,347:INFO: Loading Deep MeshFlows: ./data/NUS_dataset/MyTest/original/motions/mesh/test_video/119.npy
2026-03-25 16:13:05,347:INFO: Total Length: -28
2026-03-25 16:13:05,347:INFO: Loading Deep MeshFlows: ./data/NUS_dataset/MyTest/original/motions/mesh/test_video/120.npy
2026-03-25 16:13:05,348:INFO: Total Length: -28
2026-03-25 16:13:05,348:INFO: Loading Deep MeshFlows: ./data/NUS_dataset/MyTest/original/motions/mesh/test_video/121.npy
2026-03-25 16:13:05,348:INFO: Total Length: -28
2026-03-25 16:13:05,348:INFO: Loading Deep MeshFlows: ./data/NUS_dataset/MyTest/original/motions/mesh/test_video/122.npy
2026-03-25 16:13:05,348:INFO: Total Length: -28
2026-03-25 16:13:05,349:INFO: Loading Deep MeshFlows: ./data/NUS_dataset/MyTest/original/motions/mesh/test_video/123.npy
2026-03-25 16:13:05,349:INFO: Total Length: -28
2026-03-25 16:13:05,349:INFO: Loading Deep MeshFlows: ./data/NUS_dataset/MyTest/original/motions/mesh/test_video/124.npy
2026-03-25 16:13:05,349:INFO: Total Length: -28
2026-03-25 16:13:05,349:INFO: Loading Deep MeshFlows: ./data/NUS_dataset/MyTest/original/motions/mesh/test_video/125.npy
2026-03-25 16:13:05,350:INFO: Total Length: -28
2026-03-25 16:13:05,350:INFO: Loading Deep MeshFlows: ./data/NUS_dataset/MyTest/original/motions/mesh/test_video/126.npy
2026-03-25 16:13:05,350:INFO: Total Length: -28
2026-03-25 16:13:05,350:INFO: Loading Deep MeshFlows: ./data/NUS_dataset/MyTest/original/motions/mesh/test_video/127.npy
2026-03-25 16:13:05,351:INFO: Total Length: -28
2026-03-25 16:13:05,351:INFO: Loading Deep MeshFlows: ./data/NUS_dataset/MyTest/original/motions/mesh/test_video/128.npy
2026-03-25 16:13:05,351:INFO: Total Length: -28
2026-03-25 16:13:05,351:INFO: Loading Deep MeshFlows: ./data/NUS_dataset/MyTest/original/motions/mesh/test_video/129.npy
2026-03-25 16:13:05,351:INFO: Total Length: -28
2026-03-25 16:13:05,352:INFO: Loading Deep MeshFlows: ./data/NUS_dataset/MyTest/original/motions/mesh/test_video/130.npy
2026-03-25 16:13:05,352:INFO: Total Length: -28
2026-03-25 16:13:05,352:INFO: Loading Deep MeshFlows: ./data/NUS_dataset/MyTest/original/motions/mesh/test_video/131.npy
2026-03-25 16:13:05,352:INFO: Total Length: -28
2026-03-25 16:13:05,352:INFO: Loading Deep MeshFlows: ./data/NUS_dataset/MyTest/original/motions/mesh/test_video/132.npy
2026-03-25 16:13:05,353:INFO: Total Length: -28
2026-03-25 16:13:05,353:INFO: Loading Deep MeshFlows: ./data/NUS_dataset/MyTest/original/motions/mesh/test_video/133.npy
2026-03-25 16:13:05,353:INFO: Total Length: -28
2026-03-25 16:13:05,353:INFO: Loading Deep MeshFlows: ./data/NUS_dataset/MyTest/original/motions/mesh/test_video/134.npy
2026-03-25 16:13:05,354:INFO: Total Length: -28
2026-03-25 16:13:05,354:INFO: Loading Deep MeshFlows: ./data/NUS_dataset/MyTest/original/motions/mesh/test_video/135.npy
2026-03-25 16:13:05,354:INFO: Total Length: -28
2026-03-25 16:13:05,354:INFO: Loading Deep MeshFlows: ./data/NUS_dataset/MyTest/original/motions/mesh/test_video/136.npy
2026-03-25 16:13:05,355:INFO: Total Length: -28
2026-03-25 16:13:05,355:INFO: Loading Deep MeshFlows: ./data/NUS_dataset/MyTest/original/motions/mesh/test_video/137.npy
2026-03-25 16:13:05,355:INFO: Total Length: -28
2026-03-25 16:13:05,355:INFO: Loading Deep MeshFlows: ./data/NUS_dataset/MyTest/original/motions/mesh/test_video/138.npy
2026-03-25 16:13:05,355:INFO: Total Length: -28
2026-03-25 16:13:05,356:INFO: Loading Deep MeshFlows: ./data/NUS_dataset/MyTest/original/motions/mesh/test_video/139.npy
2026-03-25 16:13:05,356:INFO: Total Length: -28
2026-03-25 16:13:05,356:INFO: Loading Deep MeshFlows: ./data/NUS_dataset/MyTest/original/motions/mesh/test_video/140.npy
2026-03-25 16:13:05,356:INFO: Total Length: -28
2026-03-25 16:13:05,356:INFO: Loading Deep MeshFlows: ./data/NUS_dataset/MyTest/original/motions/mesh/test_video/141.npy
2026-03-25 16:13:05,357:INFO: Total Length: -28
2026-03-25 16:13:05,357:INFO: Loading Deep MeshFlows: ./data/NUS_dataset/MyTest/original/motions/mesh/test_video/142.npy
2026-03-25 16:13:05,357:INFO: Total Length: -28
2026-03-25 16:13:05,357:INFO: Loading Deep MeshFlows: ./data/NUS_dataset/MyTest/original/motions/mesh/test_video/143.npy
2026-03-25 16:13:05,357:INFO: Total Length: -28
2026-03-25 16:13:05,358:INFO: Loading Deep MeshFlows: ./data/NUS_dataset/MyTest/original/motions/mesh/test_video/144.npy
2026-03-25 16:13:05,358:INFO: Total Length: -28
2026-03-25 16:13:05,358:INFO: Loading Deep MeshFlows: ./data/NUS_dataset/MyTest/original/motions/mesh/test_video/145.npy
2026-03-25 16:13:05,358:INFO: Total Length: -28
2026-03-25 16:13:05,359:INFO: Loading Deep MeshFlows: ./data/NUS_dataset/MyTest/original/motions/mesh/test_video/146.npy
2026-03-25 16:13:05,359:INFO: Total Length: -28
2026-03-25 16:13:05,359:INFO: Loading Deep MeshFlows: ./data/NUS_dataset/MyTest/original/motions/mesh/test_video/147.npy
2026-03-25 16:13:05,359:INFO: Total Length: -28
2026-03-25 16:13:05,359:INFO: Loading Deep MeshFlows: ./data/NUS_dataset/MyTest/original/motions/mesh/test_video/148.npy
2026-03-25 16:13:05,360:INFO: Total Length: -28
2026-03-25 16:13:05,360:INFO: Loading Deep MeshFlows: ./data/NUS_dataset/MyTest/original/motions/mesh/test_video/149.npy
2026-03-25 16:13:05,360:INFO: Total Length: -28
2026-03-25 16:13:05,360:INFO: Loading Deep MeshFlows: ./data/NUS_dataset/MyTest/original/motions/mesh/test_video/150.npy
2026-03-25 16:13:05,360:INFO: Total Length: -28
2026-03-25 16:13:05,361:INFO: Loading Deep MeshFlows: ./data/NUS_dataset/MyTest/original/motions/mesh/test_video/151.npy
2026-03-25 16:13:05,361:INFO: Total Length: -28
2026-03-25 16:13:05,361:INFO: Loading Deep MeshFlows: ./data/NUS_dataset/MyTest/original/motions/mesh/test_video/152.npy
2026-03-25 16:13:05,361:INFO: Total Length: -28
2026-03-25 16:13:05,361:INFO: Loading Deep MeshFlows: ./data/NUS_dataset/MyTest/original/motions/mesh/test_video/153.npy
2026-03-25 16:13:05,362:INFO: Total Length: -28
2026-03-25 16:13:05,362:INFO: Loading Deep MeshFlows: ./data/NUS_dataset/MyTest/original/motions/mesh/test_video/154.npy
2026-03-25 16:13:05,362:INFO: Total Length: -28
2026-03-25 16:13:05,362:INFO: Loading Deep MeshFlows: ./data/NUS_dataset/MyTest/original/motions/mesh/test_video/155.npy
2026-03-25 16:13:05,363:INFO: Total Length: -28
2026-03-25 16:13:05,363:INFO: Loading Deep MeshFlows: ./data/NUS_dataset/MyTest/original/motions/mesh/test_video/156.npy
2026-03-25 16:13:05,363:INFO: Total Length: -28
2026-03-25 16:13:05,363:INFO: Loading Deep MeshFlows: ./data/NUS_dataset/MyTest/original/motions/mesh/test_video/157.npy
2026-03-25 16:13:05,363:INFO: Total Length: -28
2026-03-25 16:13:05,364:INFO: Loading Deep MeshFlows: ./data/NUS_dataset/MyTest/original/motions/mesh/test_video/158.npy
2026-03-25 16:13:05,364:INFO: Total Length: -28
2026-03-25 16:13:05,364:INFO: Loading Deep MeshFlows: ./data/NUS_dataset/MyTest/original/motions/mesh/test_video/159.npy
2026-03-25 16:13:05,364:INFO: Total Length: -28
2026-03-25 16:13:05,364:INFO: Loading Deep MeshFlows: ./data/NUS_dataset/MyTest/original/motions/mesh/test_video/160.npy
2026-03-25 16:13:05,365:INFO: Total Length: -28
2026-03-25 16:13:05,365:INFO: Loading Deep MeshFlows: ./data/NUS_dataset/MyTest/original/motions/mesh/test_video/161.npy
2026-03-25 16:13:05,365:INFO: Total Length: -28
2026-03-25 16:13:05,365:INFO: Loading Deep MeshFlows: ./data/NUS_dataset/MyTest/original/motions/mesh/test_video/162.npy
2026-03-25 16:13:05,366:INFO: Total Length: -28
2026-03-25 16:13:05,366:INFO: Loading Deep MeshFlows: ./data/NUS_dataset/MyTest/original/motions/mesh/test_video/163.npy
2026-03-25 16:13:05,366:INFO: Total Length: -28
2026-03-25 16:13:05,366:INFO: Loading Deep MeshFlows: ./data/NUS_dataset/MyTest/original/motions/mesh/test_video/164.npy
2026-03-25 16:13:05,366:INFO: Total Length: -28
2026-03-25 16:13:05,367:INFO: Loading Deep MeshFlows: ./data/NUS_dataset/MyTest/original/motions/mesh/test_video/165.npy
2026-03-25 16:13:05,367:INFO: Total Length: -28
2026-03-25 16:13:05,367:INFO: Loading Deep MeshFlows: ./data/NUS_dataset/MyTest/original/motions/mesh/test_video/166.npy
2026-03-25 16:13:05,367:INFO: Total Length: -28
2026-03-25 16:13:05,367:INFO: Loading Deep MeshFlows: ./data/NUS_dataset/MyTest/original/motions/mesh/test_video/167.npy
2026-03-25 16:13:05,368:INFO: Total Length: -28
2026-03-25 16:13:05,368:INFO: Loading Deep MeshFlows: ./data/NUS_dataset/MyTest/original/motions/mesh/test_video/168.npy
2026-03-25 16:13:05,368:INFO: Total Length: -28
2026-03-25 16:13:05,368:INFO: Loading Deep MeshFlows: ./data/NUS_dataset/MyTest/original/motions/mesh/test_video/169.npy
2026-03-25 16:13:05,369:INFO: Total Length: -28
2026-03-25 16:13:05,369:INFO: Loading Deep MeshFlows: ./data/NUS_dataset/MyTest/original/motions/mesh/test_video/170.npy
2026-03-25 16:13:05,369:INFO: Total Length: -28
2026-03-25 16:13:05,369:INFO: Loading Deep MeshFlows: ./data/NUS_dataset/MyTest/original/motions/mesh/test_video/171.npy
2026-03-25 16:13:05,369:INFO: Total Length: -28
2026-03-25 16:13:05,370:INFO: Loading Deep MeshFlows: ./data/NUS_dataset/MyTest/original/motions/mesh/test_video/172.npy
2026-03-25 16:13:05,370:INFO: Total Length: -28
2026-03-25 16:13:05,370:INFO: Loading Deep MeshFlows: ./data/NUS_dataset/MyTest/original/motions/mesh/test_video/173.npy
2026-03-25 16:13:05,370:INFO: Total Length: -28
2026-03-25 16:13:05,370:INFO: Loading Deep MeshFlows: ./data/NUS_dataset/MyTest/original/motions/mesh/test_video/174.npy
2026-03-25 16:13:05,371:INFO: Total Length: -28
2026-03-25 16:13:05,371:INFO: Loading Deep MeshFlows: ./data/NUS_dataset/MyTest/original/motions/mesh/test_video/175.npy
2026-03-25 16:13:05,371:INFO: Total Length: -28
2026-03-25 16:13:05,371:INFO: Loading Deep MeshFlows: ./data/NUS_dataset/MyTest/original/motions/mesh/test_video/176.npy
2026-03-25 16:13:05,372:INFO: Total Length: -28
2026-03-25 16:13:05,372:INFO: Loading Deep MeshFlows: ./data/NUS_dataset/MyTest/original/motions/mesh/test_video/177.npy
2026-03-25 16:13:05,372:INFO: Total Length: -28
2026-03-25 16:13:05,372:INFO: Loading Deep MeshFlows: ./data/NUS_dataset/MyTest/original/motions/mesh/test_video/178.npy
2026-03-25 16:13:05,372:INFO: Total Length: -28
2026-03-25 16:13:05,373:INFO: Loading Deep MeshFlows: ./data/NUS_dataset/MyTest/original/motions/mesh/test_video/179.npy
2026-03-25 16:13:05,373:INFO: Total Length: -28
2026-03-25 16:13:05,373:INFO: Loading Deep MeshFlows: ./data/NUS_dataset/MyTest/original/motions/mesh/test_video/180.npy
2026-03-25 16:13:05,373:INFO: Total Length: -28
2026-03-25 16:13:05,373:INFO: Loading Deep MeshFlows: ./data/NUS_dataset/MyTest/original/motions/mesh/test_video/181.npy
2026-03-25 16:13:05,374:INFO: Total Length: -28
2026-03-25 16:13:05,374:INFO: Loading Deep MeshFlows: ./data/NUS_dataset/MyTest/original/motions/mesh/test_video/182.npy
2026-03-25 16:13:05,374:INFO: Total Length: -28
2026-03-25 16:13:05,374:INFO: Loading Deep MeshFlows: ./data/NUS_dataset/MyTest/original/motions/mesh/test_video/183.npy
2026-03-25 16:13:05,375:INFO: Total Length: -28
2026-03-25 16:13:05,375:INFO: Loading Deep MeshFlows: ./data/NUS_dataset/MyTest/original/motions/mesh/test_video/184.npy
2026-03-25 16:13:05,375:INFO: Total Length: -28
2026-03-25 16:13:05,375:INFO: Loading Deep MeshFlows: ./data/NUS_dataset/MyTest/original/motions/mesh/test_video/185.npy
2026-03-25 16:13:05,375:INFO: Total Length: -28
2026-03-25 16:13:05,376:INFO: Loading Deep MeshFlows: ./data/NUS_dataset/MyTest/original/motions/mesh/test_video/186.npy
2026-03-25 16:13:05,376:INFO: Total Length: -28
2026-03-25 16:13:05,376:INFO: Loading Deep MeshFlows: ./data/NUS_dataset/MyTest/original/motions/mesh/test_video/187.npy
2026-03-25 16:13:05,376:INFO: Total Length: -28
2026-03-25 16:13:05,376:INFO: Loading Deep MeshFlows: ./data/NUS_dataset/MyTest/original/motions/mesh/test_video/188.npy
2026-03-25 16:13:05,377:INFO: Total Length: -28
2026-03-25 16:13:05,377:INFO: Loading Deep MeshFlows: ./data/NUS_dataset/MyTest/original/motions/mesh/test_video/189.npy
2026-03-25 16:13:05,377:INFO: Total Length: -28
2026-03-25 16:13:05,377:INFO: Loading Deep MeshFlows: ./data/NUS_dataset/MyTest/original/motions/mesh/test_video/190.npy
2026-03-25 16:13:05,377:INFO: Total Length: -28
2026-03-25 16:13:05,378:INFO: Loading Deep MeshFlows: ./data/NUS_dataset/MyTest/original/motions/mesh/test_video/191.npy
2026-03-25 16:13:05,378:INFO: Total Length: -28
2026-03-25 16:13:05,378:INFO: Loading Deep MeshFlows: ./data/NUS_dataset/MyTest/original/motions/mesh/test_video/192.npy
2026-03-25 16:13:05,378:INFO: Total Length: -28
2026-03-25 16:13:05,379:INFO: Loading Deep MeshFlows: ./data/NUS_dataset/MyTest/original/motions/mesh/test_video/193.npy
2026-03-25 16:13:05,379:INFO: Total Length: -28
2026-03-25 16:13:05,379:INFO: Loading Deep MeshFlows: ./data/NUS_dataset/MyTest/original/motions/mesh/test_video/194.npy
2026-03-25 16:13:05,379:INFO: Total Length: -28
2026-03-25 16:13:05,379:INFO: Loading Deep MeshFlows: ./data/NUS_dataset/MyTest/original/motions/mesh/test_video/195.npy
2026-03-25 16:13:05,380:INFO: Total Length: -28
2026-03-25 16:13:05,380:INFO: Loading Deep MeshFlows: ./data/NUS_dataset/MyTest/original/motions/mesh/test_video/196.npy
2026-03-25 16:13:05,380:INFO: Total Length: -28
2026-03-25 16:13:05,380:INFO: Loading Deep MeshFlows: ./data/NUS_dataset/MyTest/original/motions/mesh/test_video/197.npy
2026-03-25 16:13:05,380:INFO: Total Length: -28
2026-03-25 16:13:05,381:INFO: Loading Deep MeshFlows: ./data/NUS_dataset/MyTest/original/motions/mesh/test_video/198.npy
2026-03-25 16:13:05,381:INFO: Total Length: -28
2026-03-25 16:13:05,381:INFO: Loading Deep MeshFlows: ./data/NUS_dataset/MyTest/original/motions/mesh/test_video/199.npy
2026-03-25 16:13:05,381:INFO: Total Length: -28
2026-03-25 16:13:05,382:INFO: Loading Deep MeshFlows: ./data/NUS_dataset/MyTest/original/motions/mesh/test_video/200.npy
2026-03-25 16:13:05,382:INFO: Total Length: -28
2026-03-25 16:13:05,382:INFO: Loading Deep MeshFlows: ./data/NUS_dataset/MyTest/original/motions/mesh/test_video/201.npy
2026-03-25 16:13:05,382:INFO: Total Length: -28
2026-03-25 16:13:05,382:INFO: Loading Deep MeshFlows: ./data/NUS_dataset/MyTest/original/motions/mesh/test_video/202.npy
2026-03-25 16:13:05,383:INFO: Total Length: -28
2026-03-25 16:13:05,383:INFO: Loading Deep MeshFlows: ./data/NUS_dataset/MyTest/original/motions/mesh/test_video/203.npy
2026-03-25 16:13:05,383:INFO: Total Length: -28
2026-03-25 16:13:05,383:INFO: Loading Deep MeshFlows: ./data/NUS_dataset/MyTest/original/motions/mesh/test_video/204.npy
2026-03-25 16:13:05,384:INFO: Total Length: -28
2026-03-25 16:13:05,384:INFO: Loading Deep MeshFlows: ./data/NUS_dataset/MyTest/original/motions/mesh/test_video/205.npy
2026-03-25 16:13:05,384:INFO: Total Length: -28
2026-03-25 16:13:05,384:INFO: Loading Deep MeshFlows: ./data/NUS_dataset/MyTest/original/motions/mesh/test_video/206.npy
2026-03-25 16:13:05,385:INFO: Total Length: -28
2026-03-25 16:13:05,385:INFO: Loading Deep MeshFlows: ./data/NUS_dataset/MyTest/original/motions/mesh/test_video/207.npy
2026-03-25 16:13:05,385:INFO: Total Length: -28
2026-03-25 16:13:05,385:INFO: Loading Deep MeshFlows: ./data/NUS_dataset/MyTest/original/motions/mesh/test_video/208.npy
2026-03-25 16:13:05,385:INFO: Total Length: -28
2026-03-25 16:13:05,386:INFO: Loading Deep MeshFlows: ./data/NUS_dataset/MyTest/original/motions/mesh/test_video/209.npy
2026-03-25 16:13:05,386:INFO: Total Length: -28
2026-03-25 16:13:05,386:INFO: Loading Deep MeshFlows: ./data/NUS_dataset/MyTest/original/motions/mesh/test_video/210.npy
2026-03-25 16:13:05,386:INFO: Total Length: -28
2026-03-25 16:13:05,386:INFO: Loading Deep MeshFlows: ./data/NUS_dataset/MyTest/original/motions/mesh/test_video/211.npy
2026-03-25 16:13:05,387:INFO: Total Length: -28
2026-03-25 16:13:05,387:INFO: Loading Deep MeshFlows: ./data/NUS_dataset/MyTest/original/motions/mesh/test_video/212.npy
2026-03-25 16:13:05,387:INFO: Total Length: -28
2026-03-25 16:13:05,387:INFO: Loading Deep MeshFlows: ./data/NUS_dataset/MyTest/original/motions/mesh/test_video/213.npy
2026-03-25 16:13:05,388:INFO: Total Length: -28
2026-03-25 16:13:05,388:INFO: Loading Deep MeshFlows: ./data/NUS_dataset/MyTest/original/motions/mesh/test_video/214.npy
2026-03-25 16:13:05,388:INFO: Total Length: -28
2026-03-25 16:13:05,388:INFO: Loading Deep MeshFlows: ./data/NUS_dataset/MyTest/original/motions/mesh/test_video/215.npy
2026-03-25 16:13:05,388:INFO: Total Length: -28
2026-03-25 16:13:05,389:INFO: Loading Deep MeshFlows: ./data/NUS_dataset/MyTest/original/motions/mesh/test_video/216.npy
2026-03-25 16:13:05,389:INFO: Total Length: -28
2026-03-25 16:13:05,389:INFO: Loading Deep MeshFlows: ./data/NUS_dataset/MyTest/original/motions/mesh/test_video/217.npy
2026-03-25 16:13:05,389:INFO: Total Length: -28
2026-03-25 16:13:05,389:INFO: Loading Deep MeshFlows: ./data/NUS_dataset/MyTest/original/motions/mesh/test_video/218.npy
2026-03-25 16:13:05,390:INFO: Total Length: -28
2026-03-25 16:13:05,390:INFO: Loading Deep MeshFlows: ./data/NUS_dataset/MyTest/original/motions/mesh/test_video/219.npy
2026-03-25 16:13:05,390:INFO: Total Length: -28
2026-03-25 16:13:05,390:INFO: Loading Deep MeshFlows: ./data/NUS_dataset/MyTest/original/motions/mesh/test_video/220.npy
2026-03-25 16:13:05,391:INFO: Total Length: -28
2026-03-25 16:13:05,391:INFO: Loading Deep MeshFlows: ./data/NUS_dataset/MyTest/original/motions/mesh/test_video/221.npy
2026-03-25 16:13:05,391:INFO: Total Length: -28
2026-03-25 16:13:05,391:INFO: Loading Deep MeshFlows: ./data/NUS_dataset/MyTest/original/motions/mesh/test_video/222.npy
2026-03-25 16:13:05,391:INFO: Total Length: -28
2026-03-25 16:13:05,392:INFO: Loading Deep MeshFlows: ./data/NUS_dataset/MyTest/original/motions/mesh/test_video/223.npy
2026-03-25 16:13:05,392:INFO: Total Length: -28
2026-03-25 16:13:05,392:INFO: Loading Deep MeshFlows: ./data/NUS_dataset/MyTest/original/motions/mesh/test_video/224.npy
2026-03-25 16:13:05,392:INFO: Total Length: -28
2026-03-25 16:13:05,392:INFO: Loading Deep MeshFlows: ./data/NUS_dataset/MyTest/original/motions/mesh/test_video/225.npy
2026-03-25 16:13:05,393:INFO: Total Length: -28
2026-03-25 16:13:05,393:INFO: Loading Deep MeshFlows: ./data/NUS_dataset/MyTest/original/motions/mesh/test_video/226.npy
2026-03-25 16:13:05,393:INFO: Total Length: -28
2026-03-25 16:13:05,393:INFO: Loading Deep MeshFlows: ./data/NUS_dataset/MyTest/original/motions/mesh/test_video/227.npy
2026-03-25 16:13:05,393:INFO: Total Length: -28
2026-03-25 16:13:05,394:INFO: Loading Deep MeshFlows: ./data/NUS_dataset/MyTest/original/motions/mesh/test_video/228.npy
2026-03-25 16:13:05,394:INFO: Total Length: -28
2026-03-25 16:13:05,394:INFO: Loading Deep MeshFlows: ./data/NUS_dataset/MyTest/original/motions/mesh/test_video/229.npy
2026-03-25 16:13:05,394:INFO: Total Length: -28
2026-03-25 16:13:05,395:INFO: Loading Deep MeshFlows: ./data/NUS_dataset/MyTest/original/motions/mesh/test_video/230.npy
2026-03-25 16:13:05,395:INFO: Total Length: -28
2026-03-25 16:13:05,395:INFO: Loading Deep MeshFlows: ./data/NUS_dataset/MyTest/original/motions/mesh/test_video/231.npy
2026-03-25 16:13:05,395:INFO: Total Length: -28
2026-03-25 16:13:05,395:INFO: Loading Deep MeshFlows: ./data/NUS_dataset/MyTest/original/motions/mesh/test_video/232.npy
2026-03-25 16:13:05,396:INFO: Total Length: -28
2026-03-25 16:13:05,396:INFO: Loading Deep MeshFlows: ./data/NUS_dataset/MyTest/original/motions/mesh/test_video/233.npy
2026-03-25 16:13:05,396:INFO: Total Length: -28
2026-03-25 16:13:05,396:INFO: Loading Deep MeshFlows: ./data/NUS_dataset/MyTest/original/motions/mesh/test_video/234.npy
2026-03-25 16:13:05,397:INFO: Total Length: -28
2026-03-25 16:13:05,397:INFO: Loading Deep MeshFlows: ./data/NUS_dataset/MyTest/original/motions/mesh/test_video/235.npy
2026-03-25 16:13:05,397:INFO: Total Length: -28
2026-03-25 16:13:05,397:INFO: Loading Deep MeshFlows: ./data/NUS_dataset/MyTest/original/motions/mesh/test_video/236.npy
2026-03-25 16:13:05,398:INFO: Total Length: -28
2026-03-25 16:13:05,398:INFO: Loading Deep MeshFlows: ./data/NUS_dataset/MyTest/original/motions/mesh/test_video/237.npy
2026-03-25 16:13:05,398:INFO: Total Length: -28
2026-03-25 16:13:05,398:INFO: Loading Deep MeshFlows: ./data/NUS_dataset/MyTest/original/motions/mesh/test_video/238.npy
2026-03-25 16:13:05,398:INFO: Total Length: -28
2026-03-25 16:13:05,399:INFO: Loading Deep MeshFlows: ./data/NUS_dataset/MyTest/original/motions/mesh/test_video/239.npy
2026-03-25 16:13:05,399:INFO: Total Length: -28
2026-03-25 16:13:05,399:INFO: Loading Deep MeshFlows: ./data/NUS_dataset/MyTest/original/motions/mesh/test_video/240.npy
2026-03-25 16:13:05,399:INFO: Total Length: -28
2026-03-25 16:13:05,399:INFO: Loading Deep MeshFlows: ./data/NUS_dataset/MyTest/original/motions/mesh/test_video/241.npy
2026-03-25 16:13:05,400:INFO: Total Length: -28
2026-03-25 16:13:05,400:INFO: Loading Deep MeshFlows: ./data/NUS_dataset/MyTest/original/motions/mesh/test_video/242.npy
2026-03-25 16:13:05,400:INFO: Total Length: -28
2026-03-25 16:13:05,400:INFO: Loading Deep MeshFlows: ./data/NUS_dataset/MyTest/original/motions/mesh/test_video/243.npy
2026-03-25 16:13:05,400:INFO: Total Length: -28
2026-03-25 16:13:05,401:INFO: Loading Deep MeshFlows: ./data/NUS_dataset/MyTest/original/motions/mesh/test_video/244.npy
2026-03-25 16:13:05,401:INFO: Total Length: -28
2026-03-25 16:13:05,401:INFO: Loading Deep MeshFlows: ./data/NUS_dataset/MyTest/original/motions/mesh/test_video/245.npy
2026-03-25 16:13:05,401:INFO: Total Length: -28
2026-03-25 16:13:05,401:INFO: Loading Deep MeshFlows: ./data/NUS_dataset/MyTest/original/motions/mesh/test_video/246.npy
2026-03-25 16:13:05,402:INFO: Total Length: -28
2026-03-25 16:13:05,402:INFO: Loading Deep MeshFlows: ./data/NUS_dataset/MyTest/original/motions/mesh/test_video/247.npy
2026-03-25 16:13:05,402:INFO: Total Length: -28
2026-03-25 16:13:05,402:INFO: Loading Deep MeshFlows: ./data/NUS_dataset/MyTest/original/motions/mesh/test_video/248.npy
2026-03-25 16:13:05,403:INFO: Total Length: -28
2026-03-25 16:13:05,403:INFO: Loading Deep MeshFlows: ./data/NUS_dataset/MyTest/original/motions/mesh/test_video/249.npy
2026-03-25 16:13:05,403:INFO: Total Length: -28
2026-03-25 16:13:05,403:INFO: Loading Deep MeshFlows: ./data/NUS_dataset/MyTest/original/motions/mesh/test_video/250.npy
2026-03-25 16:13:05,403:INFO: Total Length: -28
2026-03-25 16:13:05,404:INFO: Loading Deep MeshFlows: ./data/NUS_dataset/MyTest/original/motions/mesh/test_video/251.npy
2026-03-25 16:13:05,404:INFO: Total Length: -28
2026-03-25 16:13:05,404:INFO: Loading Deep MeshFlows: ./data/NUS_dataset/MyTest/original/motions/mesh/test_video/252.npy
2026-03-25 16:13:05,404:INFO: Total Length: -28
2026-03-25 16:13:05,404:INFO: Loading Deep MeshFlows: ./data/NUS_dataset/MyTest/original/motions/mesh/test_video/253.npy
2026-03-25 16:13:05,405:INFO: Total Length: -28
2026-03-25 16:13:05,405:INFO: Loading Deep MeshFlows: ./data/NUS_dataset/MyTest/original/motions/mesh/test_video/254.npy
2026-03-25 16:13:05,405:INFO: Total Length: -28
2026-03-25 16:13:05,405:INFO: Loading Deep MeshFlows: ./data/NUS_dataset/MyTest/original/motions/mesh/test_video/255.npy
2026-03-25 16:13:05,406:INFO: Total Length: -28
2026-03-25 16:13:05,406:INFO: Loading Deep MeshFlows: ./data/NUS_dataset/MyTest/original/motions/mesh/test_video/256.npy
2026-03-25 16:13:05,406:INFO: Total Length: -28
2026-03-25 16:13:05,406:INFO: Loading Deep MeshFlows: ./data/NUS_dataset/MyTest/original/motions/mesh/test_video/257.npy
2026-03-25 16:13:05,406:INFO: Total Length: -28
2026-03-25 16:13:05,407:INFO: Loading Deep MeshFlows: ./data/NUS_dataset/MyTest/original/motions/mesh/test_video/258.npy
2026-03-25 16:13:05,407:INFO: Total Length: -28
2026-03-25 16:13:05,407:INFO: Loading Deep MeshFlows: ./data/NUS_dataset/MyTest/original/motions/mesh/test_video/259.npy
2026-03-25 16:13:05,407:INFO: Total Length: -28
2026-03-25 16:13:05,407:INFO: Loading Deep MeshFlows: ./data/NUS_dataset/MyTest/original/motions/mesh/test_video/260.npy
2026-03-25 16:13:05,408:INFO: Total Length: -28
2026-03-25 16:13:05,408:INFO: Loading Deep MeshFlows: ./data/NUS_dataset/MyTest/original/motions/mesh/test_video/261.npy
2026-03-25 16:13:05,408:INFO: Total Length: -28
2026-03-25 16:13:05,408:INFO: Loading Deep MeshFlows: ./data/NUS_dataset/MyTest/original/motions/mesh/test_video/262.npy
2026-03-25 16:13:05,408:INFO: Total Length: -28
2026-03-25 16:13:05,409:INFO: Loading Deep MeshFlows: ./data/NUS_dataset/MyTest/original/motions/mesh/test_video/263.npy
2026-03-25 16:13:05,409:INFO: Total Length: -28
2026-03-25 16:13:05,409:INFO: Loading Deep MeshFlows: ./data/NUS_dataset/MyTest/original/motions/mesh/test_video/264.npy
2026-03-25 16:13:05,409:INFO: Total Length: -28
2026-03-25 16:13:05,410:INFO: Loading Deep MeshFlows: ./data/NUS_dataset/MyTest/original/motions/mesh/test_video/265.npy
2026-03-25 16:13:05,410:INFO: Total Length: -28
2026-03-25 16:13:05,410:INFO: Loading Deep MeshFlows: ./data/NUS_dataset/MyTest/original/motions/mesh/test_video/266.npy
2026-03-25 16:13:05,410:INFO: Total Length: -28
2026-03-25 16:13:05,410:INFO: Loading Deep MeshFlows: ./data/NUS_dataset/MyTest/original/motions/mesh/test_video/267.npy
2026-03-25 16:13:05,411:INFO: Total Length: -28
2026-03-25 16:13:05,411:INFO: Loading Deep MeshFlows: ./data/NUS_dataset/MyTest/original/motions/mesh/test_video/268.npy
2026-03-25 16:13:05,411:INFO: Total Length: -28
2026-03-25 16:13:05,411:INFO: Loading Deep MeshFlows: ./data/NUS_dataset/MyTest/original/motions/mesh/test_video/269.npy
2026-03-25 16:13:05,412:INFO: Total Length: -28
2026-03-25 16:13:05,412:INFO: Loading Deep MeshFlows: ./data/NUS_dataset/MyTest/original/motions/mesh/test_video/270.npy
2026-03-25 16:13:05,412:INFO: Total Length: -28
2026-03-25 16:13:05,412:INFO: Loading Deep MeshFlows: ./data/NUS_dataset/MyTest/original/motions/mesh/test_video/271.npy
2026-03-25 16:13:05,412:INFO: Total Length: -28
2026-03-25 16:13:05,413:INFO: Loading Deep MeshFlows: ./data/NUS_dataset/MyTest/original/motions/mesh/test_video/272.npy
2026-03-25 16:13:05,413:INFO: Total Length: -28
2026-03-25 16:13:05,413:INFO: Loading Deep MeshFlows: ./data/NUS_dataset/MyTest/original/motions/mesh/test_video/273.npy
2026-03-25 16:13:05,413:INFO: Total Length: -28
2026-03-25 16:13:05,413:INFO: Loading Deep MeshFlows: ./data/NUS_dataset/MyTest/original/motions/mesh/test_video/274.npy
2026-03-25 16:13:05,414:INFO: Total Length: -28
2026-03-25 16:13:05,414:INFO: Loading Deep MeshFlows: ./data/NUS_dataset/MyTest/original/motions/mesh/test_video/275.npy
2026-03-25 16:13:05,414:INFO: Total Length: -28
2026-03-25 16:13:05,414:INFO: Loading Deep MeshFlows: ./data/NUS_dataset/MyTest/original/motions/mesh/test_video/276.npy
2026-03-25 16:13:05,415:INFO: Total Length: -28
2026-03-25 16:13:05,415:INFO: Loading Deep MeshFlows: ./data/NUS_dataset/MyTest/original/motions/mesh/test_video/277.npy
2026-03-25 16:13:05,415:INFO: Total Length: -28
2026-03-25 16:13:05,415:INFO: Loading Deep MeshFlows: ./data/NUS_dataset/MyTest/original/motions/mesh/test_video/278.npy
2026-03-25 16:13:05,416:INFO: Total Length: -28
2026-03-25 16:13:05,416:INFO: Loading Deep MeshFlows: ./data/NUS_dataset/MyTest/original/motions/mesh/test_video/279.npy
2026-03-25 16:13:05,416:INFO: Total Length: -28
2026-03-25 16:13:05,416:INFO: Loading Deep MeshFlows: ./data/NUS_dataset/MyTest/original/motions/mesh/test_video/280.npy
2026-03-25 16:13:05,416:INFO: Total Length: -28
2026-03-25 16:13:05,417:INFO: Loading Deep MeshFlows: ./data/NUS_dataset/MyTest/original/motions/mesh/test_video/281.npy
2026-03-25 16:13:05,417:INFO: Total Length: -28
2026-03-25 16:13:05,417:INFO: Loading Deep MeshFlows: ./data/NUS_dataset/MyTest/original/motions/mesh/test_video/282.npy
2026-03-25 16:13:05,417:INFO: Total Length: -28
2026-03-25 16:13:05,417:INFO: Loading Deep MeshFlows: ./data/NUS_dataset/MyTest/original/motions/mesh/test_video/283.npy
2026-03-25 16:13:05,418:INFO: Total Length: -28
2026-03-25 16:13:05,418:INFO: Loading Deep MeshFlows: ./data/NUS_dataset/MyTest/original/motions/mesh/test_video/284.npy
2026-03-25 16:13:05,418:INFO: Total Length: -28
2026-03-25 16:13:05,418:INFO: Loading Deep MeshFlows: ./data/NUS_dataset/MyTest/original/motions/mesh/test_video/285.npy
2026-03-25 16:13:05,419:INFO: Total Length: -28
2026-03-25 16:13:05,419:INFO: Loading Deep MeshFlows: ./data/NUS_dataset/MyTest/original/motions/mesh/test_video/286.npy
2026-03-25 16:13:05,419:INFO: Total Length: -28
2026-03-25 16:13:05,420:INFO: Loading Deep MeshFlows: ./data/NUS_dataset/MyTest/original/motions/mesh/test_video/287.npy
2026-03-25 16:13:05,420:INFO: Total Length: -28
2026-03-25 16:13:05,420:INFO: Loading Deep MeshFlows: ./data/NUS_dataset/MyTest/original/motions/mesh/test_video/288.npy
2026-03-25 16:13:05,420:INFO: Total Length: -28
2026-03-25 16:13:05,420:INFO: Loading Deep MeshFlows: ./data/NUS_dataset/MyTest/original/motions/mesh/test_video/289.npy
2026-03-25 16:13:05,421:INFO: Total Length: -28
2026-03-25 16:13:05,421:INFO: Loading Deep MeshFlows: ./data/NUS_dataset/MyTest/original/motions/mesh/test_video/290.npy
2026-03-25 16:13:05,421:INFO: Total Length: -28
2026-03-25 16:13:05,421:INFO: Loading Deep MeshFlows: ./data/NUS_dataset/MyTest/original/motions/mesh/test_video/291.npy
2026-03-25 16:13:05,422:INFO: Total Length: -28
2026-03-25 16:13:05,422:INFO: Loading Deep MeshFlows: ./data/NUS_dataset/MyTest/original/motions/mesh/test_video/292.npy
2026-03-25 16:13:05,422:INFO: Total Length: -28
2026-03-25 16:13:05,422:INFO: Loading Deep MeshFlows: ./data/NUS_dataset/MyTest/original/motions/mesh/test_video/293.npy
2026-03-25 16:13:05,422:INFO: Total Length: -28
2026-03-25 16:13:05,423:INFO: Loading Deep MeshFlows: ./data/NUS_dataset/MyTest/original/motions/mesh/test_video/294.npy
2026-03-25 16:13:05,423:INFO: Total Length: -28
2026-03-25 16:13:05,423:INFO: Loading Deep MeshFlows: ./data/NUS_dataset/MyTest/original/motions/mesh/test_video/295.npy
2026-03-25 16:13:05,423:INFO: Total Length: -28
2026-03-25 16:13:05,423:INFO: Loading Deep MeshFlows: ./data/NUS_dataset/MyTest/original/motions/mesh/test_video/296.npy
2026-03-25 16:13:05,424:INFO: Total Length: -28
2026-03-25 16:13:05,424:INFO: Loading Deep MeshFlows: ./data/NUS_dataset/MyTest/original/motions/mesh/test_video/297.npy
2026-03-25 16:13:05,424:INFO: Total Length: -28
2026-03-25 16:13:05,424:INFO: Loading Deep MeshFlows: ./data/NUS_dataset/MyTest/original/motions/mesh/test_video/298.npy
2026-03-25 16:13:05,425:INFO: Total Length: -28
2026-03-25 16:13:05,425:INFO: Loading Deep MeshFlows: ./data/NUS_dataset/MyTest/original/motions/mesh/test_video/299.npy
2026-03-25 16:13:05,425:INFO: Total Length: -28
2026-03-25 16:13:05,425:INFO: Loading Deep MeshFlows: ./data/NUS_dataset/MyTest/original/motions/mesh/test_video/300.npy
2026-03-25 16:13:05,425:INFO: Total Length: -28
2026-03-25 16:13:05,426:INFO: Loading Deep MeshFlows: ./data/NUS_dataset/MyTest/original/motions/mesh/test_video/301.npy
2026-03-25 16:13:05,426:INFO: Total Length: -28
2026-03-25 16:13:05,426:INFO: Loading Deep MeshFlows: ./data/NUS_dataset/MyTest/original/motions/mesh/test_video/302.npy
2026-03-25 16:13:05,426:INFO: Total Length: -28
2026-03-25 16:13:05,426:INFO: Loading Deep MeshFlows: ./data/NUS_dataset/MyTest/original/motions/mesh/test_video/303.npy
2026-03-25 16:13:05,427:INFO: Total Length: -28
2026-03-25 16:13:05,427:INFO: Loading Deep MeshFlows: ./data/NUS_dataset/MyTest/original/motions/mesh/test_video/304.npy
2026-03-25 16:13:05,427:INFO: Total Length: -28
2026-03-25 16:13:05,427:INFO: Loading Deep MeshFlows: ./data/NUS_dataset/MyTest/original/motions/mesh/test_video/305.npy
2026-03-25 16:13:05,428:INFO: Total Length: -28
2026-03-25 16:13:05,428:INFO: Loading Deep MeshFlows: ./data/NUS_dataset/MyTest/original/motions/mesh/test_video/306.npy
2026-03-25 16:13:05,428:INFO: Total Length: -28
2026-03-25 16:13:05,428:INFO: Loading Deep MeshFlows: ./data/NUS_dataset/MyTest/original/motions/mesh/test_video/307.npy
2026-03-25 16:13:05,428:INFO: Total Length: -28
2026-03-25 16:13:05,429:INFO: Loading Deep MeshFlows: ./data/NUS_dataset/MyTest/original/motions/mesh/test_video/308.npy
2026-03-25 16:13:05,429:INFO: Total Length: -28
2026-03-25 16:13:05,429:INFO: Loading Deep MeshFlows: ./data/NUS_dataset/MyTest/original/motions/mesh/test_video/309.npy
2026-03-25 16:13:05,429:INFO: Total Length: -28
2026-03-25 16:13:05,429:INFO: Loading Deep MeshFlows: ./data/NUS_dataset/MyTest/original/motions/mesh/test_video/310.npy
2026-03-25 16:13:05,430:INFO: Total Length: -28
2026-03-25 16:13:05,430:INFO: Loading Deep MeshFlows: ./data/NUS_dataset/MyTest/original/motions/mesh/test_video/311.npy
2026-03-25 16:13:05,430:INFO: Total Length: -28
2026-03-25 16:13:05,430:INFO: Loading Deep MeshFlows: ./data/NUS_dataset/MyTest/original/motions/mesh/test_video/312.npy
2026-03-25 16:13:05,431:INFO: Total Length: -28
2026-03-25 16:13:05,431:INFO: Loading Deep MeshFlows: ./data/NUS_dataset/MyTest/original/motions/mesh/test_video/313.npy
2026-03-25 16:13:05,431:INFO: Total Length: -28
2026-03-25 16:13:05,431:INFO: Loading Deep MeshFlows: ./data/NUS_dataset/MyTest/original/motions/mesh/test_video/314.npy
2026-03-25 16:13:05,431:INFO: Total Length: -28
2026-03-25 16:13:05,431:INFO: Loading Deep MeshFlows: ./data/NUS_dataset/MyTest/original/motions/mesh/test_video/315.npy
2026-03-25 16:13:05,432:INFO: Total Length: -28
2026-03-25 16:13:05,432:INFO: Loading Deep MeshFlows: ./data/NUS_dataset/MyTest/original/motions/mesh/test_video/316.npy
2026-03-25 16:13:05,432:INFO: Total Length: -28
2026-03-25 16:13:05,432:INFO: Loading Deep MeshFlows: ./data/NUS_dataset/MyTest/original/motions/mesh/test_video/317.npy
2026-03-25 16:13:05,433:INFO: Total Length: -28
2026-03-25 16:13:05,433:INFO: Loading Deep MeshFlows: ./data/NUS_dataset/MyTest/original/motions/mesh/test_video/318.npy
2026-03-25 16:13:05,433:INFO: Total Length: -28
2026-03-25 16:13:05,433:INFO: Loading Deep MeshFlows: ./data/NUS_dataset/MyTest/original/motions/mesh/test_video/319.npy
2026-03-25 16:13:05,433:INFO: Total Length: -28
2026-03-25 16:13:05,434:INFO: Loading Deep MeshFlows: ./data/NUS_dataset/MyTest/original/motions/mesh/test_video/320.npy
2026-03-25 16:13:05,434:INFO: Total Length: -28
2026-03-25 16:13:05,434:INFO: Loading Deep MeshFlows: ./data/NUS_dataset/MyTest/original/motions/mesh/test_video/321.npy
2026-03-25 16:13:05,435:INFO: Total Length: -28
2026-03-25 16:13:05,435:INFO: Loading Deep MeshFlows: ./data/NUS_dataset/MyTest/original/motions/mesh/test_video/322.npy
2026-03-25 16:13:05,435:INFO: Total Length: -28
2026-03-25 16:13:05,435:INFO: Loading Deep MeshFlows: ./data/NUS_dataset/MyTest/original/motions/mesh/test_video/323.npy
2026-03-25 16:13:05,436:INFO: Total Length: -28
2026-03-25 16:13:05,436:INFO: Loading Deep MeshFlows: ./data/NUS_dataset/MyTest/original/motions/mesh/test_video/324.npy
2026-03-25 16:13:05,436:INFO: Total Length: -28
2026-03-25 16:13:05,436:INFO: Loading Deep MeshFlows: ./data/NUS_dataset/MyTest/original/motions/mesh/test_video/325.npy
2026-03-25 16:13:05,436:INFO: Total Length: -28
2026-03-25 16:13:05,437:INFO: Loading Deep MeshFlows: ./data/NUS_dataset/MyTest/original/motions/mesh/test_video/326.npy
2026-03-25 16:13:05,437:INFO: Total Length: -28
2026-03-25 16:13:05,437:INFO: Loading Deep MeshFlows: ./data/NUS_dataset/MyTest/original/motions/mesh/test_video/327.npy
2026-03-25 16:13:05,437:INFO: Total Length: -28
2026-03-25 16:13:05,437:INFO: Loading Deep MeshFlows: ./data/NUS_dataset/MyTest/original/motions/mesh/test_video/328.npy
2026-03-25 16:13:05,438:INFO: Total Length: -28
2026-03-25 16:13:05,438:INFO: Loading Deep MeshFlows: ./data/NUS_dataset/MyTest/original/motions/mesh/test_video/329.npy
2026-03-25 16:13:05,438:INFO: Total Length: -28
2026-03-25 16:13:05,438:INFO: Loading Deep MeshFlows: ./data/NUS_dataset/MyTest/original/motions/mesh/test_video/330.npy
2026-03-25 16:13:05,439:INFO: Total Length: -28
2026-03-25 16:13:05,439:INFO: Loading Deep MeshFlows: ./data/NUS_dataset/MyTest/original/motions/mesh/test_video/331.npy
2026-03-25 16:13:05,439:INFO: Total Length: -28
2026-03-25 16:13:05,439:INFO: Loading Deep MeshFlows: ./data/NUS_dataset/MyTest/original/motions/mesh/test_video/332.npy
2026-03-25 16:13:05,439:INFO: Total Length: -28
2026-03-25 16:13:05,440:INFO: Loading Deep MeshFlows: ./data/NUS_dataset/MyTest/original/motions/mesh/test_video/333.npy
2026-03-25 16:13:05,440:INFO: Total Length: -28
2026-03-25 16:13:05,440:INFO: Loading Deep MeshFlows: ./data/NUS_dataset/MyTest/original/motions/mesh/test_video/334.npy
2026-03-25 16:13:05,440:INFO: Total Length: -28
2026-03-25 16:13:05,440:INFO: Loading Deep MeshFlows: ./data/NUS_dataset/MyTest/original/motions/mesh/test_video/335.npy
2026-03-25 16:13:05,441:INFO: Total Length: -28
2026-03-25 16:13:05,441:INFO: Loading Deep MeshFlows: ./data/NUS_dataset/MyTest/original/motions/mesh/test_video/336.npy
2026-03-25 16:13:05,441:INFO: Total Length: -28
2026-03-25 16:13:05,441:INFO: Loading Deep MeshFlows: ./data/NUS_dataset/MyTest/original/motions/mesh/test_video/337.npy
2026-03-25 16:13:05,442:INFO: Total Length: -28
2026-03-25 16:13:05,442:INFO: Loading Deep MeshFlows: ./data/NUS_dataset/MyTest/original/motions/mesh/test_video/338.npy
2026-03-25 16:13:05,442:INFO: Total Length: -28
2026-03-25 16:13:05,442:INFO: Loading Deep MeshFlows: ./data/NUS_dataset/MyTest/original/motions/mesh/test_video/339.npy
2026-03-25 16:13:05,442:INFO: Total Length: -28
2026-03-25 16:13:05,443:INFO: Loading Deep MeshFlows: ./data/NUS_dataset/MyTest/original/motions/mesh/test_video/340.npy
2026-03-25 16:13:05,443:INFO: Total Length: -28
2026-03-25 16:13:05,443:INFO: Loading Deep MeshFlows: ./data/NUS_dataset/MyTest/original/motions/mesh/test_video/341.npy
2026-03-25 16:13:05,443:INFO: Total Length: -28
2026-03-25 16:13:05,443:INFO: Loading Deep MeshFlows: ./data/NUS_dataset/MyTest/original/motions/mesh/test_video/342.npy
2026-03-25 16:13:05,444:INFO: Total Length: -28
2026-03-25 16:13:05,444:INFO: Loading Deep MeshFlows: ./data/NUS_dataset/MyTest/original/motions/mesh/test_video/343.npy
2026-03-25 16:13:05,444:INFO: Total Length: -28
2026-03-25 16:13:05,444:INFO: Loading Deep MeshFlows: ./data/NUS_dataset/MyTest/original/motions/mesh/test_video/344.npy
2026-03-25 16:13:05,445:INFO: Total Length: -28
2026-03-25 16:13:05,445:INFO: Loading Deep MeshFlows: ./data/NUS_dataset/MyTest/original/motions/mesh/test_video/345.npy
2026-03-25 16:13:05,445:INFO: Total Length: -28
2026-03-25 16:13:05,445:INFO: Loading Deep MeshFlows: ./data/NUS_dataset/MyTest/original/motions/mesh/test_video/346.npy
2026-03-25 16:13:05,445:INFO: Total Length: -28
2026-03-25 16:13:05,446:INFO: Loading Deep MeshFlows: ./data/NUS_dataset/MyTest/original/motions/mesh/test_video/347.npy
2026-03-25 16:13:05,446:INFO: Total Length: -28
2026-03-25 16:13:05,446:INFO: Loading Deep MeshFlows: ./data/NUS_dataset/MyTest/original/motions/mesh/test_video/348.npy
2026-03-25 16:13:05,446:INFO: Total Length: -28
2026-03-25 16:13:05,446:INFO: Loading Deep MeshFlows: ./data/NUS_dataset/MyTest/original/motions/mesh/test_video/349.npy
2026-03-25 16:13:05,447:INFO: Total Length: -28
2026-03-25 16:13:05,447:INFO: Loading Deep MeshFlows: ./data/NUS_dataset/MyTest/original/motions/mesh/test_video/350.npy
2026-03-25 16:13:05,447:INFO: Total Length: -28
2026-03-25 16:13:05,447:INFO: Loading Deep MeshFlows: ./data/NUS_dataset/MyTest/original/motions/mesh/test_video/351.npy
2026-03-25 16:13:05,448:INFO: Total Length: -28
2026-03-25 16:13:05,448:INFO: Loading Deep MeshFlows: ./data/NUS_dataset/MyTest/original/motions/mesh/test_video/352.npy
2026-03-25 16:13:05,448:INFO: Total Length: -28
2026-03-25 16:13:05,448:INFO: Loading Deep MeshFlows: ./data/NUS_dataset/MyTest/original/motions/mesh/test_video/353.npy
2026-03-25 16:13:05,449:INFO: Total Length: -28
2026-03-25 16:13:05,449:INFO: Loading Deep MeshFlows: ./data/NUS_dataset/MyTest/original/motions/mesh/test_video/354.npy
2026-03-25 16:13:05,449:INFO: Total Length: -28
2026-03-25 16:13:05,449:INFO: Loading Deep MeshFlows: ./data/NUS_dataset/MyTest/original/motions/mesh/test_video/355.npy
2026-03-25 16:13:05,449:INFO: Total Length: -28
2026-03-25 16:13:05,450:INFO: Loading Deep MeshFlows: ./data/NUS_dataset/MyTest/original/motions/mesh/test_video/356.npy
2026-03-25 16:13:05,450:INFO: Total Length: -28
2026-03-25 16:13:05,450:INFO: Loading Deep MeshFlows: ./data/NUS_dataset/MyTest/original/motions/mesh/test_video/357.npy
2026-03-25 16:13:05,450:INFO: Total Length: -28
2026-03-25 16:13:05,450:INFO: Loading Deep MeshFlows: ./data/NUS_dataset/MyTest/original/motions/mesh/test_video/358.npy
2026-03-25 16:13:05,451:INFO: Total Length: -28
2026-03-25 16:13:05,451:INFO: Loading Deep MeshFlows: ./data/NUS_dataset/MyTest/original/motions/mesh/test_video/359.npy
2026-03-25 16:13:05,451:INFO: Total Length: -28
2026-03-25 16:13:05,451:INFO: Loading Deep MeshFlows: ./data/NUS_dataset/MyTest/original/motions/mesh/test_video/360.npy
2026-03-25 16:13:05,452:INFO: Total Length: -28
2026-03-25 16:13:05,452:INFO: Loading Deep MeshFlows: ./data/NUS_dataset/MyTest/original/motions/mesh/test_video/361.npy
2026-03-25 16:13:05,452:INFO: Total Length: -28
2026-03-25 16:13:05,452:INFO: Loading Deep MeshFlows: ./data/NUS_dataset/MyTest/original/motions/mesh/test_video/362.npy
2026-03-25 16:13:05,452:INFO: Total Length: -28
2026-03-25 16:13:05,453:INFO: Loading Deep MeshFlows: ./data/NUS_dataset/MyTest/original/motions/mesh/test_video/363.npy
2026-03-25 16:13:05,453:INFO: Total Length: -28
2026-03-25 16:13:05,453:INFO: Loading Deep MeshFlows: ./data/NUS_dataset/MyTest/original/motions/mesh/test_video/364.npy
2026-03-25 16:13:05,453:INFO: Total Length: -28
2026-03-25 16:13:05,453:INFO: Loading Deep MeshFlows: ./data/NUS_dataset/MyTest/original/motions/mesh/test_video/365.npy
2026-03-25 16:13:05,454:INFO: Total Length: -28
2026-03-25 16:13:05,454:INFO: Loading Deep MeshFlows: ./data/NUS_dataset/MyTest/original/motions/mesh/test_video/366.npy
2026-03-25 16:13:05,454:INFO: Total Length: -28
2026-03-25 16:13:05,454:INFO: Loading Deep MeshFlows: ./data/NUS_dataset/MyTest/original/motions/mesh/test_video/367.npy
2026-03-25 16:13:05,455:INFO: Total Length: -28
2026-03-25 16:13:05,455:INFO: Loading Deep MeshFlows: ./data/NUS_dataset/MyTest/original/motions/mesh/test_video/368.npy
2026-03-25 16:13:05,455:INFO: Total Length: -28
2026-03-25 16:13:05,455:INFO: Loading Deep MeshFlows: ./data/NUS_dataset/MyTest/original/motions/mesh/test_video/369.npy
2026-03-25 16:13:05,455:INFO: Total Length: -28
2026-03-25 16:13:05,456:INFO: Loading Deep MeshFlows: ./data/NUS_dataset/MyTest/original/motions/mesh/test_video/370.npy
2026-03-25 16:13:05,456:INFO: Total Length: -28
2026-03-25 16:13:05,456:INFO: Loading Deep MeshFlows: ./data/NUS_dataset/MyTest/original/motions/mesh/test_video/371.npy
2026-03-25 16:13:05,456:INFO: Total Length: -28
2026-03-25 16:13:05,456:INFO: Loading Deep MeshFlows: ./data/NUS_dataset/MyTest/original/motions/mesh/test_video/372.npy
2026-03-25 16:13:05,457:INFO: Total Length: -28
2026-03-25 16:13:05,457:INFO: Loading Deep MeshFlows: ./data/NUS_dataset/MyTest/original/motions/mesh/test_video/373.npy
2026-03-25 16:13:05,457:INFO: Total Length: -28
2026-03-25 16:13:05,457:INFO: Loading Deep MeshFlows: ./data/NUS_dataset/MyTest/original/motions/mesh/test_video/374.npy
2026-03-25 16:13:05,458:INFO: Total Length: -28
2026-03-25 16:13:05,458:INFO: Loading Deep MeshFlows: ./data/NUS_dataset/MyTest/original/motions/mesh/test_video/375.npy
2026-03-25 16:13:05,458:INFO: Total Length: -28
2026-03-25 16:13:05,458:INFO: Loading Deep MeshFlows: ./data/NUS_dataset/MyTest/original/motions/mesh/test_video/376.npy
2026-03-25 16:13:05,458:INFO: Total Length: -28
2026-03-25 16:13:05,459:INFO: Loading Deep MeshFlows: ./data/NUS_dataset/MyTest/original/motions/mesh/test_video/377.npy
2026-03-25 16:13:05,459:INFO: Total Length: -28
2026-03-25 16:13:05,459:INFO: Loading Deep MeshFlows: ./data/NUS_dataset/MyTest/original/motions/mesh/test_video/378.npy
2026-03-25 16:13:05,459:INFO: Total Length: -28
2026-03-25 16:13:05,459:INFO: Loading Deep MeshFlows: ./data/NUS_dataset/MyTest/original/motions/mesh/test_video/379.npy
2026-03-25 16:13:05,460:INFO: Total Length: -28
2026-03-25 16:13:05,460:INFO: Loading Deep MeshFlows: ./data/NUS_dataset/MyTest/original/motions/mesh/test_video/380.npy
2026-03-25 16:13:05,460:INFO: Total Length: -28
2026-03-25 16:13:05,460:INFO: Loading Deep MeshFlows: ./data/NUS_dataset/MyTest/original/motions/mesh/test_video/381.npy
2026-03-25 16:13:05,461:INFO: Total Length: -28
2026-03-25 16:13:05,461:INFO: Loading Deep MeshFlows: ./data/NUS_dataset/MyTest/original/motions/mesh/test_video/382.npy
2026-03-25 16:13:05,461:INFO: Total Length: -28
2026-03-25 16:13:05,461:INFO: Loading Deep MeshFlows: ./data/NUS_dataset/MyTest/original/motions/mesh/test_video/383.npy
2026-03-25 16:13:05,461:INFO: Total Length: -28
2026-03-25 16:13:05,462:INFO: Loading Deep MeshFlows: ./data/NUS_dataset/MyTest/original/motions/mesh/test_video/384.npy
2026-03-25 16:13:05,462:INFO: Total Length: -28
2026-03-25 16:13:05,462:INFO: Loading Deep MeshFlows: ./data/NUS_dataset/MyTest/original/motions/mesh/test_video/385.npy
2026-03-25 16:13:05,462:INFO: Total Length: -28
2026-03-25 16:13:05,462:INFO: Loading Deep MeshFlows: ./data/NUS_dataset/MyTest/original/motions/mesh/test_video/386.npy
2026-03-25 16:13:05,463:INFO: Total Length: -28
2026-03-25 16:13:05,463:INFO: Loading Deep MeshFlows: ./data/NUS_dataset/MyTest/original/motions/mesh/test_video/387.npy
2026-03-25 16:13:05,463:INFO: Total Length: -28
2026-03-25 16:13:05,463:INFO: Loading Deep MeshFlows: ./data/NUS_dataset/MyTest/original/motions/mesh/test_video/388.npy
2026-03-25 16:13:05,463:INFO: Total Length: -28
2026-03-25 16:13:05,464:INFO: Loading Deep MeshFlows: ./data/NUS_dataset/MyTest/original/motions/mesh/test_video/389.npy
2026-03-25 16:13:05,464:INFO: Total Length: -28
2026-03-25 16:13:05,464:INFO: Loading Deep MeshFlows: ./data/NUS_dataset/MyTest/original/motions/mesh/test_video/390.npy
2026-03-25 16:13:05,464:INFO: Total Length: -28
2026-03-25 16:13:05,464:INFO: Loading Deep MeshFlows: ./data/NUS_dataset/MyTest/original/motions/mesh/test_video/391.npy
2026-03-25 16:13:05,465:INFO: Total Length: -28
2026-03-25 16:13:05,465:INFO: Loading Deep MeshFlows: ./data/NUS_dataset/MyTest/original/motions/mesh/test_video/392.npy
2026-03-25 16:13:05,465:INFO: Total Length: -28
2026-03-25 16:13:05,465:INFO: Loading Deep MeshFlows: ./data/NUS_dataset/MyTest/original/motions/mesh/test_video/393.npy
2026-03-25 16:13:05,466:INFO: Total Length: -28
2026-03-25 16:13:05,466:INFO: Loading Deep MeshFlows: ./data/NUS_dataset/MyTest/original/motions/mesh/test_video/394.npy
2026-03-25 16:13:05,466:INFO: Total Length: -28
2026-03-25 16:13:05,466:INFO: Loading Deep MeshFlows: ./data/NUS_dataset/MyTest/original/motions/mesh/test_video/395.npy
2026-03-25 16:13:05,466:INFO: Total Length: -28
2026-03-25 16:13:05,467:INFO: Loading Deep MeshFlows: ./data/NUS_dataset/MyTest/original/motions/mesh/test_video/396.npy
2026-03-25 16:13:05,467:INFO: Total Length: -28
2026-03-25 16:13:05,467:INFO: Loading Deep MeshFlows: ./data/NUS_dataset/MyTest/original/motions/mesh/test_video/397.npy
2026-03-25 16:13:05,467:INFO: Total Length: -28
2026-03-25 16:13:05,467:INFO: Loading Deep MeshFlows: ./data/NUS_dataset/MyTest/original/motions/mesh/test_video/398.npy
2026-03-25 16:13:05,468:INFO: Total Length: -28
2026-03-25 16:13:05,468:INFO: Loading Deep MeshFlows: ./data/NUS_dataset/MyTest/original/motions/mesh/test_video/399.npy
2026-03-25 16:13:05,468:INFO: Total Length: -28
2026-03-25 16:13:05,468:INFO: Loading Deep MeshFlows: ./data/NUS_dataset/MyTest/original/motions/mesh/test_video/400.npy
2026-03-25 16:13:05,469:INFO: Total Length: -28
2026-03-25 16:13:05,469:INFO: Loading Deep MeshFlows: ./data/NUS_dataset/MyTest/original/motions/mesh/test_video/401.npy
2026-03-25 16:13:05,469:INFO: Total Length: -28
2026-03-25 16:13:05,469:INFO: Loading Deep MeshFlows: ./data/NUS_dataset/MyTest/original/motions/mesh/test_video/402.npy
2026-03-25 16:13:05,469:INFO: Total Length: -28
2026-03-25 16:13:05,470:INFO: Loading Deep MeshFlows: ./data/NUS_dataset/MyTest/original/motions/mesh/test_video/403.npy
2026-03-25 16:13:05,470:INFO: Total Length: -28
2026-03-25 16:13:05,470:INFO: Loading Deep MeshFlows: ./data/NUS_dataset/MyTest/original/motions/mesh/test_video/404.npy
2026-03-25 16:13:05,470:INFO: Total Length: -28
2026-03-25 16:13:05,471:INFO: Loading Deep MeshFlows: ./data/NUS_dataset/MyTest/original/motions/mesh/test_video/405.npy
2026-03-25 16:13:05,471:INFO: Total Length: -28
2026-03-25 16:13:05,471:INFO: Loading Deep MeshFlows: ./data/NUS_dataset/MyTest/original/motions/mesh/test_video/406.npy
2026-03-25 16:13:05,471:INFO: Total Length: -28
2026-03-25 16:13:05,471:INFO: Loading Deep MeshFlows: ./data/NUS_dataset/MyTest/original/motions/mesh/test_video/407.npy
2026-03-25 16:13:05,472:INFO: Total Length: -28
2026-03-25 16:13:05,472:INFO: Loading Deep MeshFlows: ./data/NUS_dataset/MyTest/original/motions/mesh/test_video/408.npy
2026-03-25 16:13:05,472:INFO: Total Length: -28
2026-03-25 16:13:05,472:INFO: Loading Deep MeshFlows: ./data/NUS_dataset/MyTest/original/motions/mesh/test_video/409.npy
2026-03-25 16:13:05,472:INFO: Total Length: -28
2026-03-25 16:13:05,473:INFO: Loading Deep MeshFlows: ./data/NUS_dataset/MyTest/original/motions/mesh/test_video/410.npy
2026-03-25 16:13:05,473:INFO: Total Length: -28
2026-03-25 16:13:05,473:INFO: Loading Deep MeshFlows: ./data/NUS_dataset/MyTest/original/motions/mesh/test_video/411.npy
2026-03-25 16:13:05,473:INFO: Total Length: -28
2026-03-25 16:13:05,473:INFO: Loading Deep MeshFlows: ./data/NUS_dataset/MyTest/original/motions/mesh/test_video/412.npy
2026-03-25 16:13:05,474:INFO: Total Length: -28
2026-03-25 16:13:05,474:INFO: Loading Deep MeshFlows: ./data/NUS_dataset/MyTest/original/motions/mesh/test_video/413.npy
2026-03-25 16:13:05,474:INFO: Total Length: -28
2026-03-25 16:13:05,475:INFO: Loading Deep MeshFlows: ./data/NUS_dataset/MyTest/original/motions/mesh/test_video/414.npy
2026-03-25 16:13:05,475:INFO: Total Length: -28
2026-03-25 16:13:05,475:INFO: Loading Deep MeshFlows: ./data/NUS_dataset/MyTest/original/motions/mesh/test_video/415.npy
2026-03-25 16:13:05,476:INFO: Total Length: -28
2026-03-25 16:13:05,476:INFO: Loading Deep MeshFlows: ./data/NUS_dataset/MyTest/original/motions/mesh/test_video/416.npy
2026-03-25 16:13:05,476:INFO: Total Length: -28
2026-03-25 16:13:05,476:INFO: Loading Deep MeshFlows: ./data/NUS_dataset/MyTest/original/motions/mesh/test_video/417.npy
2026-03-25 16:13:05,477:INFO: Total Length: -28
2026-03-25 16:13:05,477:INFO: Loading Deep MeshFlows: ./data/NUS_dataset/MyTest/original/motions/mesh/test_video/418.npy
2026-03-25 16:13:05,477:INFO: Total Length: -28
2026-03-25 16:13:05,477:INFO: Loading Deep MeshFlows: ./data/NUS_dataset/MyTest/original/motions/mesh/test_video/419.npy
2026-03-25 16:13:05,477:INFO: Total Length: -28
2026-03-25 16:13:05,478:INFO: Loading Deep MeshFlows: ./data/NUS_dataset/MyTest/original/motions/mesh/test_video/420.npy
2026-03-25 16:13:05,478:INFO: Total Length: -28
2026-03-25 16:13:05,478:INFO: Loading Deep MeshFlows: ./data/NUS_dataset/MyTest/original/motions/mesh/test_video/421.npy
2026-03-25 16:13:05,478:INFO: Total Length: -28
2026-03-25 16:13:05,479:INFO: Loading Deep MeshFlows: ./data/NUS_dataset/MyTest/original/motions/mesh/test_video/422.npy
2026-03-25 16:13:05,479:INFO: Total Length: -28
2026-03-25 16:13:05,479:INFO: Loading Deep MeshFlows: ./data/NUS_dataset/MyTest/original/motions/mesh/test_video/423.npy
2026-03-25 16:13:05,479:INFO: Total Length: -28
2026-03-25 16:13:05,479:INFO: Loading Deep MeshFlows: ./data/NUS_dataset/MyTest/original/motions/mesh/test_video/424.npy
2026-03-25 16:13:05,480:INFO: Total Length: -28
2026-03-25 16:13:05,480:INFO: Loading Deep MeshFlows: ./data/NUS_dataset/MyTest/original/motions/mesh/test_video/425.npy
2026-03-25 16:13:05,480:INFO: Total Length: -28
2026-03-25 16:13:05,480:INFO: Loading Deep MeshFlows: ./data/NUS_dataset/MyTest/original/motions/mesh/test_video/426.npy
2026-03-25 16:13:05,481:INFO: Total Length: -28
2026-03-25 16:13:05,481:INFO: Loading Deep MeshFlows: ./data/NUS_dataset/MyTest/original/motions/mesh/test_video/427.npy
2026-03-25 16:13:05,481:INFO: Total Length: -28
2026-03-25 16:13:05,481:INFO: Loading Deep MeshFlows: ./data/NUS_dataset/MyTest/original/motions/mesh/test_video/428.npy
2026-03-25 16:13:05,481:INFO: Total Length: -28
2026-03-25 16:13:05,482:INFO: Loading Deep MeshFlows: ./data/NUS_dataset/MyTest/original/motions/mesh/test_video/429.npy
2026-03-25 16:13:05,482:INFO: Total Length: -28
2026-03-25 16:13:05,482:INFO: Loading Deep MeshFlows: ./data/NUS_dataset/MyTest/original/motions/mesh/test_video/430.npy
2026-03-25 16:13:05,482:INFO: Total Length: -28
2026-03-25 16:13:05,482:INFO: Loading Deep MeshFlows: ./data/NUS_dataset/MyTest/original/motions/mesh/test_video/431.npy
2026-03-25 16:13:05,483:INFO: Total Length: -28
2026-03-25 16:13:05,483:INFO: Loading Pretrained Model From: ./pretrained/pretrained_model.pth.tar
2026-03-25 16:13:13,637:INFO: Starting Evaluation...
2026-03-25 16:13:13,638:INFO: Eval Video: 0
2026-03-25 16:13:27,745:INFO: Loading Datasets...
2026-03-25 16:13:27,745:INFO: Video Dir: ./data/NUS_dataset/MyTest/original/videos
2026-03-25 16:13:27,745:INFO: Motion Dir: ./data/NUS_dataset/MyTest/original/motions/mesh/test_video
2026-03-25 16:13:27,745:INFO: Fetch Evaluate Dataloaders...
2026-03-25 16:13:27,746:INFO: Loading Deep MeshFlows: ./data/NUS_dataset/MyTest/original/motions/mesh/test_video/0.npy
2026-03-25 16:13:27,749:INFO: Total Length: -28
2026-03-25 16:13:27,749:INFO: Loading Deep MeshFlows: ./data/NUS_dataset/MyTest/original/motions/mesh/test_video/1.npy
2026-03-25 16:13:27,749:INFO: Total Length: -28
2026-03-25 16:13:27,750:INFO: Loading Deep MeshFlows: ./data/NUS_dataset/MyTest/original/motions/mesh/test_video/2.npy
2026-03-25 16:13:27,750:INFO: Total Length: -28
2026-03-25 16:13:27,750:INFO: Loading Deep MeshFlows: ./data/NUS_dataset/MyTest/original/motions/mesh/test_video/3.npy
2026-03-25 16:13:27,750:INFO: Total Length: -28
2026-03-25 16:13:27,750:INFO: Loading Deep MeshFlows: ./data/NUS_dataset/MyTest/original/motions/mesh/test_video/4.npy
2026-03-25 16:13:27,751:INFO: Total Length: -28
2026-03-25 16:13:27,751:INFO: Loading Deep MeshFlows: ./data/NUS_dataset/MyTest/original/motions/mesh/test_video/5.npy
2026-03-25 16:13:27,751:INFO: Total Length: -28
2026-03-25 16:13:27,751:INFO: Loading Deep MeshFlows: ./data/NUS_dataset/MyTest/original/motions/mesh/test_video/6.npy
2026-03-25 16:13:27,752:INFO: Total Length: -28
2026-03-25 16:13:27,752:INFO: Loading Deep MeshFlows: ./data/NUS_dataset/MyTest/original/motions/mesh/test_video/7.npy
2026-03-25 16:13:27,752:INFO: Total Length: -28
2026-03-25 16:13:27,752:INFO: Loading Deep MeshFlows: ./data/NUS_dataset/MyTest/original/motions/mesh/test_video/8.npy
2026-03-25 16:13:27,752:INFO: Total Length: -28
2026-03-25 16:13:27,753:INFO: Loading Deep MeshFlows: ./data/NUS_dataset/MyTest/original/motions/mesh/test_video/9.npy
2026-03-25 16:13:27,753:INFO: Total Length: -28
2026-03-25 16:13:27,753:INFO: Loading Deep MeshFlows: ./data/NUS_dataset/MyTest/original/motions/mesh/test_video/10.npy
2026-03-25 16:13:27,753:INFO: Total Length: -28
2026-03-25 16:13:27,753:INFO: Loading Deep MeshFlows: ./data/NUS_dataset/MyTest/original/motions/mesh/test_video/11.npy
2026-03-25 16:13:27,754:INFO: Total Length: -28
2026-03-25 16:13:27,754:INFO: Loading Deep MeshFlows: ./data/NUS_dataset/MyTest/original/motions/mesh/test_video/12.npy
2026-03-25 16:13:27,754:INFO: Total Length: -28
2026-03-25 16:13:27,754:INFO: Loading Deep MeshFlows: ./data/NUS_dataset/MyTest/original/motions/mesh/test_video/13.npy
2026-03-25 16:13:27,754:INFO: Total Length: -28
2026-03-25 16:13:27,755:INFO: Loading Deep MeshFlows: ./data/NUS_dataset/MyTest/original/motions/mesh/test_video/14.npy
2026-03-25 16:13:27,755:INFO: Total Length: -28
2026-03-25 16:13:27,755:INFO: Loading Deep MeshFlows: ./data/NUS_dataset/MyTest/original/motions/mesh/test_video/15.npy
2026-03-25 16:13:27,755:INFO: Total Length: -28
2026-03-25 16:13:27,756:INFO: Loading Deep MeshFlows: ./data/NUS_dataset/MyTest/original/motions/mesh/test_video/16.npy
2026-03-25 16:13:27,756:INFO: Total Length: -28
2026-03-25 16:13:27,756:INFO: Loading Deep MeshFlows: ./data/NUS_dataset/MyTest/original/motions/mesh/test_video/17.npy
2026-03-25 16:13:27,756:INFO: Total Length: -28
2026-03-25 16:13:27,757:INFO: Loading Deep MeshFlows: ./data/NUS_dataset/MyTest/original/motions/mesh/test_video/18.npy
2026-03-25 16:13:27,757:INFO: Total Length: -28
2026-03-25 16:13:27,757:INFO: Loading Deep MeshFlows: ./data/NUS_dataset/MyTest/original/motions/mesh/test_video/19.npy
2026-03-25 16:13:27,757:INFO: Total Length: -28
2026-03-25 16:13:27,757:INFO: Loading Deep MeshFlows: ./data/NUS_dataset/MyTest/original/motions/mesh/test_video/20.npy
2026-03-25 16:13:27,758:INFO: Total Length: -28
2026-03-25 16:13:27,758:INFO: Loading Deep MeshFlows: ./data/NUS_dataset/MyTest/original/motions/mesh/test_video/21.npy
2026-03-25 16:13:27,758:INFO: Total Length: -28
2026-03-25 16:13:27,758:INFO: Loading Deep MeshFlows: ./data/NUS_dataset/MyTest/original/motions/mesh/test_video/22.npy
2026-03-25 16:13:27,759:INFO: Total Length: -28
2026-03-25 16:13:27,759:INFO: Loading Deep MeshFlows: ./data/NUS_dataset/MyTest/original/motions/mesh/test_video/23.npy
2026-03-25 16:13:27,759:INFO: Total Length: -28
2026-03-25 16:13:27,759:INFO: Loading Deep MeshFlows: ./data/NUS_dataset/MyTest/original/motions/mesh/test_video/24.npy
2026-03-25 16:13:27,760:INFO: Total Length: -28
2026-03-25 16:13:27,760:INFO: Loading Deep MeshFlows: ./data/NUS_dataset/MyTest/original/motions/mesh/test_video/25.npy
2026-03-25 16:13:27,760:INFO: Total Length: -28
2026-03-25 16:13:27,760:INFO: Loading Deep MeshFlows: ./data/NUS_dataset/MyTest/original/motions/mesh/test_video/26.npy
2026-03-25 16:13:27,760:INFO: Total Length: -28
2026-03-25 16:13:27,761:INFO: Loading Deep MeshFlows: ./data/NUS_dataset/MyTest/original/motions/mesh/test_video/27.npy
2026-03-25 16:13:27,761:INFO: Total Length: -28
2026-03-25 16:13:27,761:INFO: Loading Deep MeshFlows: ./data/NUS_dataset/MyTest/original/motions/mesh/test_video/28.npy
2026-03-25 16:13:27,761:INFO: Total Length: -28
2026-03-25 16:13:27,761:INFO: Loading Deep MeshFlows: ./data/NUS_dataset/MyTest/original/motions/mesh/test_video/29.npy
2026-03-25 16:13:27,762:INFO: Total Length: -28
2026-03-25 16:13:27,762:INFO: Loading Deep MeshFlows: ./data/NUS_dataset/MyTest/original/motions/mesh/test_video/30.npy
2026-03-25 16:13:27,762:INFO: Total Length: -28
2026-03-25 16:13:27,762:INFO: Loading Deep MeshFlows: ./data/NUS_dataset/MyTest/original/motions/mesh/test_video/31.npy
2026-03-25 16:13:27,763:INFO: Total Length: -28
2026-03-25 16:13:27,763:INFO: Loading Deep MeshFlows: ./data/NUS_dataset/MyTest/original/motions/mesh/test_video/32.npy
2026-03-25 16:13:27,763:INFO: Total Length: -28
2026-03-25 16:13:27,763:INFO: Loading Deep MeshFlows: ./data/NUS_dataset/MyTest/original/motions/mesh/test_video/33.npy
2026-03-25 16:13:27,763:INFO: Total Length: -28
2026-03-25 16:13:27,764:INFO: Loading Deep MeshFlows: ./data/NUS_dataset/MyTest/original/motions/mesh/test_video/34.npy
2026-03-25 16:13:27,764:INFO: Total Length: -28
2026-03-25 16:13:27,764:INFO: Loading Deep MeshFlows: ./data/NUS_dataset/MyTest/original/motions/mesh/test_video/35.npy
2026-03-25 16:13:27,764:INFO: Total Length: -28
2026-03-25 16:13:27,764:INFO: Loading Deep MeshFlows: ./data/NUS_dataset/MyTest/original/motions/mesh/test_video/36.npy
2026-03-25 16:13:27,765:INFO: Total Length: -28
2026-03-25 16:13:27,765:INFO: Loading Deep MeshFlows: ./data/NUS_dataset/MyTest/original/motions/mesh/test_video/37.npy
2026-03-25 16:13:27,765:INFO: Total Length: -28
2026-03-25 16:13:27,765:INFO: Loading Deep MeshFlows: ./data/NUS_dataset/MyTest/original/motions/mesh/test_video/38.npy
2026-03-25 16:13:27,765:INFO: Total Length: -28
2026-03-25 16:13:27,766:INFO: Loading Deep MeshFlows: ./data/NUS_dataset/MyTest/original/motions/mesh/test_video/39.npy
2026-03-25 16:13:27,766:INFO: Total Length: -28
2026-03-25 16:13:27,766:INFO: Loading Deep MeshFlows: ./data/NUS_dataset/MyTest/original/motions/mesh/test_video/40.npy
2026-03-25 16:13:27,766:INFO: Total Length: -28
2026-03-25 16:13:27,767:INFO: Loading Deep MeshFlows: ./data/NUS_dataset/MyTest/original/motions/mesh/test_video/41.npy
2026-03-25 16:13:27,767:INFO: Total Length: -28
2026-03-25 16:13:27,767:INFO: Loading Deep MeshFlows: ./data/NUS_dataset/MyTest/original/motions/mesh/test_video/42.npy
2026-03-25 16:13:27,767:INFO: Total Length: -28
2026-03-25 16:13:27,768:INFO: Loading Deep MeshFlows: ./data/NUS_dataset/MyTest/original/motions/mesh/test_video/43.npy
2026-03-25 16:13:27,768:INFO: Total Length: -28
2026-03-25 16:13:27,768:INFO: Loading Deep MeshFlows: ./data/NUS_dataset/MyTest/original/motions/mesh/test_video/44.npy
2026-03-25 16:13:27,768:INFO: Total Length: -28
2026-03-25 16:13:27,768:INFO: Loading Deep MeshFlows: ./data/NUS_dataset/MyTest/original/motions/mesh/test_video/45.npy
2026-03-25 16:13:27,769:INFO: Total Length: -28
2026-03-25 16:13:27,769:INFO: Loading Deep MeshFlows: ./data/NUS_dataset/MyTest/original/motions/mesh/test_video/46.npy
2026-03-25 16:13:27,769:INFO: Total Length: -28
2026-03-25 16:13:27,769:INFO: Loading Deep MeshFlows: ./data/NUS_dataset/MyTest/original/motions/mesh/test_video/47.npy
2026-03-25 16:13:27,770:INFO: Total Length: -28
2026-03-25 16:13:27,770:INFO: Loading Deep MeshFlows: ./data/NUS_dataset/MyTest/original/motions/mesh/test_video/48.npy
2026-03-25 16:13:27,770:INFO: Total Length: -28
2026-03-25 16:13:27,770:INFO: Loading Deep MeshFlows: ./data/NUS_dataset/MyTest/original/motions/mesh/test_video/49.npy
2026-03-25 16:13:27,770:INFO: Total Length: -28
2026-03-25 16:13:27,771:INFO: Loading Deep MeshFlows: ./data/NUS_dataset/MyTest/original/motions/mesh/test_video/50.npy
2026-03-25 16:13:27,771:INFO: Total Length: -28
2026-03-25 16:13:27,771:INFO: Loading Deep MeshFlows: ./data/NUS_dataset/MyTest/original/motions/mesh/test_video/51.npy
2026-03-25 16:13:27,771:INFO: Total Length: -28
2026-03-25 16:13:27,771:INFO: Loading Deep MeshFlows: ./data/NUS_dataset/MyTest/original/motions/mesh/test_video/52.npy
2026-03-25 16:13:27,772:INFO: Total Length: -28
2026-03-25 16:13:27,772:INFO: Loading Deep MeshFlows: ./data/NUS_dataset/MyTest/original/motions/mesh/test_video/53.npy
2026-03-25 16:13:27,772:INFO: Total Length: -28
2026-03-25 16:13:27,772:INFO: Loading Deep MeshFlows: ./data/NUS_dataset/MyTest/original/motions/mesh/test_video/54.npy
2026-03-25 16:13:27,772:INFO: Total Length: -28
2026-03-25 16:13:27,773:INFO: Loading Deep MeshFlows: ./data/NUS_dataset/MyTest/original/motions/mesh/test_video/55.npy
2026-03-25 16:13:27,773:INFO: Total Length: -28
2026-03-25 16:13:27,773:INFO: Loading Deep MeshFlows: ./data/NUS_dataset/MyTest/original/motions/mesh/test_video/56.npy
2026-03-25 16:13:27,773:INFO: Total Length: -28
2026-03-25 16:13:27,773:INFO: Loading Deep MeshFlows: ./data/NUS_dataset/MyTest/original/motions/mesh/test_video/57.npy
2026-03-25 16:13:27,774:INFO: Total Length: -28
2026-03-25 16:13:27,774:INFO: Loading Deep MeshFlows: ./data/NUS_dataset/MyTest/original/motions/mesh/test_video/58.npy
2026-03-25 16:13:27,774:INFO: Total Length: -28
2026-03-25 16:13:27,774:INFO: Loading Deep MeshFlows: ./data/NUS_dataset/MyTest/original/motions/mesh/test_video/59.npy
2026-03-25 16:13:27,775:INFO: Total Length: -28
2026-03-25 16:13:27,775:INFO: Loading Deep MeshFlows: ./data/NUS_dataset/MyTest/original/motions/mesh/test_video/60.npy
2026-03-25 16:13:27,775:INFO: Total Length: -28
2026-03-25 16:13:27,775:INFO: Loading Deep MeshFlows: ./data/NUS_dataset/MyTest/original/motions/mesh/test_video/61.npy
2026-03-25 16:13:27,775:INFO: Total Length: -28
2026-03-25 16:13:27,776:INFO: Loading Deep MeshFlows: ./data/NUS_dataset/MyTest/original/motions/mesh/test_video/62.npy
2026-03-25 16:13:27,776:INFO: Total Length: -28
2026-03-25 16:13:27,776:INFO: Loading Deep MeshFlows: ./data/NUS_dataset/MyTest/original/motions/mesh/test_video/63.npy
2026-03-25 16:13:27,776:INFO: Total Length: -28
2026-03-25 16:13:27,776:INFO: Loading Deep MeshFlows: ./data/NUS_dataset/MyTest/original/motions/mesh/test_video/64.npy
2026-03-25 16:13:27,777:INFO: Total Length: -28
2026-03-25 16:13:27,777:INFO: Loading Deep MeshFlows: ./data/NUS_dataset/MyTest/original/motions/mesh/test_video/65.npy
2026-03-25 16:13:27,777:INFO: Total Length: -28
2026-03-25 16:13:27,777:INFO: Loading Deep MeshFlows: ./data/NUS_dataset/MyTest/original/motions/mesh/test_video/66.npy
2026-03-25 16:13:27,778:INFO: Total Length: -28
2026-03-25 16:13:27,778:INFO: Loading Deep MeshFlows: ./data/NUS_dataset/MyTest/original/motions/mesh/test_video/67.npy
2026-03-25 16:13:27,778:INFO: Total Length: -28
2026-03-25 16:13:27,778:INFO: Loading Deep MeshFlows: ./data/NUS_dataset/MyTest/original/motions/mesh/test_video/68.npy
2026-03-25 16:13:27,778:INFO: Total Length: -28
2026-03-25 16:13:27,779:INFO: Loading Deep MeshFlows: ./data/NUS_dataset/MyTest/original/motions/mesh/test_video/69.npy
2026-03-25 16:13:27,779:INFO: Total Length: -28
2026-03-25 16:13:27,779:INFO: Loading Deep MeshFlows: ./data/NUS_dataset/MyTest/original/motions/mesh/test_video/70.npy
2026-03-25 16:13:27,779:INFO: Total Length: -28
2026-03-25 16:13:27,779:INFO: Loading Deep MeshFlows: ./data/NUS_dataset/MyTest/original/motions/mesh/test_video/71.npy
2026-03-25 16:13:27,780:INFO: Total Length: -28
2026-03-25 16:13:27,780:INFO: Loading Deep MeshFlows: ./data/NUS_dataset/MyTest/original/motions/mesh/test_video/72.npy
2026-03-25 16:13:27,780:INFO: Total Length: -28
2026-03-25 16:13:27,780:INFO: Loading Deep MeshFlows: ./data/NUS_dataset/MyTest/original/motions/mesh/test_video/73.npy
2026-03-25 16:13:27,780:INFO: Total Length: -28
2026-03-25 16:13:27,781:INFO: Loading Deep MeshFlows: ./data/NUS_dataset/MyTest/original/motions/mesh/test_video/74.npy
2026-03-25 16:13:27,781:INFO: Total Length: -28
2026-03-25 16:13:27,781:INFO: Loading Deep MeshFlows: ./data/NUS_dataset/MyTest/original/motions/mesh/test_video/75.npy
2026-03-25 16:13:27,781:INFO: Total Length: -28
2026-03-25 16:13:27,781:INFO: Loading Deep MeshFlows: ./data/NUS_dataset/MyTest/original/motions/mesh/test_video/76.npy
2026-03-25 16:13:27,782:INFO: Total Length: -28
2026-03-25 16:13:27,782:INFO: Loading Deep MeshFlows: ./data/NUS_dataset/MyTest/original/motions/mesh/test_video/77.npy
2026-03-25 16:13:27,782:INFO: Total Length: -28
2026-03-25 16:13:27,782:INFO: Loading Deep MeshFlows: ./data/NUS_dataset/MyTest/original/motions/mesh/test_video/78.npy
2026-03-25 16:13:27,783:INFO: Total Length: -28
2026-03-25 16:13:27,783:INFO: Loading Deep MeshFlows: ./data/NUS_dataset/MyTest/original/motions/mesh/test_video/79.npy
2026-03-25 16:13:27,783:INFO: Total Length: -28
2026-03-25 16:13:27,783:INFO: Loading Deep MeshFlows: ./data/NUS_dataset/MyTest/original/motions/mesh/test_video/80.npy
2026-03-25 16:13:27,783:INFO: Total Length: -28
2026-03-25 16:13:27,784:INFO: Loading Deep MeshFlows: ./data/NUS_dataset/MyTest/original/motions/mesh/test_video/81.npy
2026-03-25 16:13:27,784:INFO: Total Length: -28
2026-03-25 16:13:27,784:INFO: Loading Deep MeshFlows: ./data/NUS_dataset/MyTest/original/motions/mesh/test_video/82.npy
2026-03-25 16:13:27,784:INFO: Total Length: -28
2026-03-25 16:13:27,784:INFO: Loading Deep MeshFlows: ./data/NUS_dataset/MyTest/original/motions/mesh/test_video/83.npy
2026-03-25 16:13:27,785:INFO: Total Length: -28
2026-03-25 16:13:27,785:INFO: Loading Deep MeshFlows: ./data/NUS_dataset/MyTest/original/motions/mesh/test_video/84.npy
2026-03-25 16:13:27,785:INFO: Total Length: -28
2026-03-25 16:13:27,785:INFO: Loading Deep MeshFlows: ./data/NUS_dataset/MyTest/original/motions/mesh/test_video/85.npy
2026-03-25 16:13:27,786:INFO: Total Length: -28
2026-03-25 16:13:27,786:INFO: Loading Deep MeshFlows: ./data/NUS_dataset/MyTest/original/motions/mesh/test_video/86.npy
2026-03-25 16:13:27,786:INFO: Total Length: -28
2026-03-25 16:13:27,786:INFO: Loading Deep MeshFlows: ./data/NUS_dataset/MyTest/original/motions/mesh/test_video/87.npy
2026-03-25 16:13:27,786:INFO: Total Length: -28
2026-03-25 16:13:27,787:INFO: Loading Deep MeshFlows: ./data/NUS_dataset/MyTest/original/motions/mesh/test_video/88.npy
2026-03-25 16:13:27,787:INFO: Total Length: -28
2026-03-25 16:13:27,787:INFO: Loading Deep MeshFlows: ./data/NUS_dataset/MyTest/original/motions/mesh/test_video/89.npy
2026-03-25 16:13:27,787:INFO: Total Length: -28
2026-03-25 16:13:27,787:INFO: Loading Deep MeshFlows: ./data/NUS_dataset/MyTest/original/motions/mesh/test_video/90.npy
2026-03-25 16:13:27,788:INFO: Total Length: -28
2026-03-25 16:13:27,788:INFO: Loading Deep MeshFlows: ./data/NUS_dataset/MyTest/original/motions/mesh/test_video/91.npy
2026-03-25 16:13:27,788:INFO: Total Length: -28
2026-03-25 16:13:27,788:INFO: Loading Deep MeshFlows: ./data/NUS_dataset/MyTest/original/motions/mesh/test_video/92.npy
2026-03-25 16:13:27,788:INFO: Total Length: -28
2026-03-25 16:13:27,789:INFO: Loading Deep MeshFlows: ./data/NUS_dataset/MyTest/original/motions/mesh/test_video/93.npy
2026-03-25 16:13:27,789:INFO: Total Length: -28
2026-03-25 16:13:27,789:INFO: Loading Deep MeshFlows: ./data/NUS_dataset/MyTest/original/motions/mesh/test_video/94.npy
2026-03-25 16:13:27,789:INFO: Total Length: -28
2026-03-25 16:13:27,789:INFO: Loading Deep MeshFlows: ./data/NUS_dataset/MyTest/original/motions/mesh/test_video/95.npy
2026-03-25 16:13:27,790:INFO: Total Length: -28
2026-03-25 16:13:27,790:INFO: Loading Deep MeshFlows: ./data/NUS_dataset/MyTest/original/motions/mesh/test_video/96.npy
2026-03-25 16:13:27,790:INFO: Total Length: -28
2026-03-25 16:13:27,790:INFO: Loading Deep MeshFlows: ./data/NUS_dataset/MyTest/original/motions/mesh/test_video/97.npy
2026-03-25 16:13:27,791:INFO: Total Length: -28
2026-03-25 16:13:27,791:INFO: Loading Deep MeshFlows: ./data/NUS_dataset/MyTest/original/motions/mesh/test_video/98.npy
2026-03-25 16:13:27,791:INFO: Total Length: -28
2026-03-25 16:13:27,791:INFO: Loading Deep MeshFlows: ./data/NUS_dataset/MyTest/original/motions/mesh/test_video/99.npy
2026-03-25 16:13:27,791:INFO: Total Length: -28
2026-03-25 16:13:27,791:INFO: Loading Deep MeshFlows: ./data/NUS_dataset/MyTest/original/motions/mesh/test_video/100.npy
2026-03-25 16:13:27,792:INFO: Total Length: -28
2026-03-25 16:13:27,792:INFO: Loading Deep MeshFlows: ./data/NUS_dataset/MyTest/original/motions/mesh/test_video/101.npy
2026-03-25 16:13:27,792:INFO: Total Length: -28
2026-03-25 16:13:27,792:INFO: Loading Deep MeshFlows: ./data/NUS_dataset/MyTest/original/motions/mesh/test_video/102.npy
2026-03-25 16:13:27,793:INFO: Total Length: -28
2026-03-25 16:13:27,793:INFO: Loading Deep MeshFlows: ./data/NUS_dataset/MyTest/original/motions/mesh/test_video/103.npy
2026-03-25 16:13:27,793:INFO: Total Length: -28
2026-03-25 16:13:27,793:INFO: Loading Deep MeshFlows: ./data/NUS_dataset/MyTest/original/motions/mesh/test_video/104.npy
2026-03-25 16:13:27,794:INFO: Total Length: -28
2026-03-25 16:13:27,794:INFO: Loading Deep MeshFlows: ./data/NUS_dataset/MyTest/original/motions/mesh/test_video/105.npy
2026-03-25 16:13:27,794:INFO: Total Length: -28
2026-03-25 16:13:27,794:INFO: Loading Deep MeshFlows: ./data/NUS_dataset/MyTest/original/motions/mesh/test_video/106.npy
2026-03-25 16:13:27,794:INFO: Total Length: -28
2026-03-25 16:13:27,795:INFO: Loading Deep MeshFlows: ./data/NUS_dataset/MyTest/original/motions/mesh/test_video/107.npy
2026-03-25 16:13:27,795:INFO: Total Length: -28
2026-03-25 16:13:27,795:INFO: Loading Deep MeshFlows: ./data/NUS_dataset/MyTest/original/motions/mesh/test_video/108.npy
2026-03-25 16:13:27,795:INFO: Total Length: -28
2026-03-25 16:13:27,795:INFO: Loading Deep MeshFlows: ./data/NUS_dataset/MyTest/original/motions/mesh/test_video/109.npy
2026-03-25 16:13:27,796:INFO: Total Length: -28
2026-03-25 16:13:27,796:INFO: Loading Deep MeshFlows: ./data/NUS_dataset/MyTest/original/motions/mesh/test_video/110.npy
2026-03-25 16:13:27,796:INFO: Total Length: -28
2026-03-25 16:13:27,796:INFO: Loading Deep MeshFlows: ./data/NUS_dataset/MyTest/original/motions/mesh/test_video/111.npy
2026-03-25 16:13:27,797:INFO: Total Length: -28
2026-03-25 16:13:27,797:INFO: Loading Deep MeshFlows: ./data/NUS_dataset/MyTest/original/motions/mesh/test_video/112.npy
2026-03-25 16:13:27,797:INFO: Total Length: -28
2026-03-25 16:13:27,797:INFO: Loading Deep MeshFlows: ./data/NUS_dataset/MyTest/original/motions/mesh/test_video/113.npy
2026-03-25 16:13:27,797:INFO: Total Length: -28
2026-03-25 16:13:27,798:INFO: Loading Deep MeshFlows: ./data/NUS_dataset/MyTest/original/motions/mesh/test_video/114.npy
2026-03-25 16:13:27,798:INFO: Total Length: -28
2026-03-25 16:13:27,798:INFO: Loading Deep MeshFlows: ./data/NUS_dataset/MyTest/original/motions/mesh/test_video/115.npy
2026-03-25 16:13:27,798:INFO: Total Length: -28
2026-03-25 16:13:27,798:INFO: Loading Deep MeshFlows: ./data/NUS_dataset/MyTest/original/motions/mesh/test_video/116.npy
2026-03-25 16:13:27,799:INFO: Total Length: -28
2026-03-25 16:13:27,799:INFO: Loading Deep MeshFlows: ./data/NUS_dataset/MyTest/original/motions/mesh/test_video/117.npy
2026-03-25 16:13:27,799:INFO: Total Length: -28
2026-03-25 16:13:27,799:INFO: Loading Deep MeshFlows: ./data/NUS_dataset/MyTest/original/motions/mesh/test_video/118.npy
2026-03-25 16:13:27,800:INFO: Total Length: -28
2026-03-25 16:13:27,800:INFO: Loading Deep MeshFlows: ./data/NUS_dataset/MyTest/original/motions/mesh/test_video/119.npy
2026-03-25 16:13:27,800:INFO: Total Length: -28
2026-03-25 16:13:27,800:INFO: Loading Deep MeshFlows: ./data/NUS_dataset/MyTest/original/motions/mesh/test_video/120.npy
2026-03-25 16:13:27,800:INFO: Total Length: -28
2026-03-25 16:13:27,800:INFO: Loading Deep MeshFlows: ./data/NUS_dataset/MyTest/original/motions/mesh/test_video/121.npy
2026-03-25 16:13:27,801:INFO: Total Length: -28
2026-03-25 16:13:27,801:INFO: Loading Deep MeshFlows: ./data/NUS_dataset/MyTest/original/motions/mesh/test_video/122.npy
2026-03-25 16:13:27,801:INFO: Total Length: -28
2026-03-25 16:13:27,801:INFO: Loading Deep MeshFlows: ./data/NUS_dataset/MyTest/original/motions/mesh/test_video/123.npy
2026-03-25 16:13:27,802:INFO: Total Length: -28
2026-03-25 16:13:27,802:INFO: Loading Deep MeshFlows: ./data/NUS_dataset/MyTest/original/motions/mesh/test_video/124.npy
2026-03-25 16:13:27,802:INFO: Total Length: -28
2026-03-25 16:13:27,802:INFO: Loading Deep MeshFlows: ./data/NUS_dataset/MyTest/original/motions/mesh/test_video/125.npy
2026-03-25 16:13:27,803:INFO: Total Length: -28
2026-03-25 16:13:27,803:INFO: Loading Deep MeshFlows: ./data/NUS_dataset/MyTest/original/motions/mesh/test_video/126.npy
2026-03-25 16:13:27,803:INFO: Total Length: -28
2026-03-25 16:13:27,803:INFO: Loading Deep MeshFlows: ./data/NUS_dataset/MyTest/original/motions/mesh/test_video/127.npy
2026-03-25 16:13:27,803:INFO: Total Length: -28
2026-03-25 16:13:27,804:INFO: Loading Deep MeshFlows: ./data/NUS_dataset/MyTest/original/motions/mesh/test_video/128.npy
2026-03-25 16:13:27,804:INFO: Total Length: -28
2026-03-25 16:13:27,804:INFO: Loading Deep MeshFlows: ./data/NUS_dataset/MyTest/original/motions/mesh/test_video/129.npy
2026-03-25 16:13:27,804:INFO: Total Length: -28
2026-03-25 16:13:27,804:INFO: Loading Deep MeshFlows: ./data/NUS_dataset/MyTest/original/motions/mesh/test_video/130.npy
2026-03-25 16:13:27,805:INFO: Total Length: -28
2026-03-25 16:13:27,805:INFO: Loading Deep MeshFlows: ./data/NUS_dataset/MyTest/original/motions/mesh/test_video/131.npy
2026-03-25 16:13:27,805:INFO: Total Length: -28
2026-03-25 16:13:27,805:INFO: Loading Deep MeshFlows: ./data/NUS_dataset/MyTest/original/motions/mesh/test_video/132.npy
2026-03-25 16:13:27,806:INFO: Total Length: -28
2026-03-25 16:13:27,806:INFO: Loading Deep MeshFlows: ./data/NUS_dataset/MyTest/original/motions/mesh/test_video/133.npy
2026-03-25 16:13:27,806:INFO: Total Length: -28
2026-03-25 16:13:27,806:INFO: Loading Deep MeshFlows: ./data/NUS_dataset/MyTest/original/motions/mesh/test_video/134.npy
2026-03-25 16:13:27,806:INFO: Total Length: -28
2026-03-25 16:13:27,807:INFO: Loading Deep MeshFlows: ./data/NUS_dataset/MyTest/original/motions/mesh/test_video/135.npy
2026-03-25 16:13:27,807:INFO: Total Length: -28
2026-03-25 16:13:27,807:INFO: Loading Deep MeshFlows: ./data/NUS_dataset/MyTest/original/motions/mesh/test_video/136.npy
2026-03-25 16:13:27,807:INFO: Total Length: -28
2026-03-25 16:13:27,807:INFO: Loading Deep MeshFlows: ./data/NUS_dataset/MyTest/original/motions/mesh/test_video/137.npy
2026-03-25 16:13:27,808:INFO: Total Length: -28
2026-03-25 16:13:27,808:INFO: Loading Deep MeshFlows: ./data/NUS_dataset/MyTest/original/motions/mesh/test_video/138.npy
2026-03-25 16:13:27,808:INFO: Total Length: -28
2026-03-25 16:13:27,808:INFO: Loading Deep MeshFlows: ./data/NUS_dataset/MyTest/original/motions/mesh/test_video/139.npy
2026-03-25 16:13:27,809:INFO: Total Length: -28
2026-03-25 16:13:27,809:INFO: Loading Deep MeshFlows: ./data/NUS_dataset/MyTest/original/motions/mesh/test_video/140.npy
2026-03-25 16:13:27,809:INFO: Total Length: -28
2026-03-25 16:13:27,809:INFO: Loading Deep MeshFlows: ./data/NUS_dataset/MyTest/original/motions/mesh/test_video/141.npy
2026-03-25 16:13:27,809:INFO: Total Length: -28
2026-03-25 16:13:27,810:INFO: Loading Deep MeshFlows: ./data/NUS_dataset/MyTest/original/motions/mesh/test_video/142.npy
2026-03-25 16:13:27,810:INFO: Total Length: -28
2026-03-25 16:13:27,810:INFO: Loading Deep MeshFlows: ./data/NUS_dataset/MyTest/original/motions/mesh/test_video/143.npy
2026-03-25 16:13:27,810:INFO: Total Length: -28
2026-03-25 16:13:27,810:INFO: Loading Deep MeshFlows: ./data/NUS_dataset/MyTest/original/motions/mesh/test_video/144.npy
2026-03-25 16:13:27,811:INFO: Total Length: -28
2026-03-25 16:13:27,811:INFO: Loading Deep MeshFlows: ./data/NUS_dataset/MyTest/original/motions/mesh/test_video/145.npy
2026-03-25 16:13:27,811:INFO: Total Length: -28
2026-03-25 16:13:27,811:INFO: Loading Deep MeshFlows: ./data/NUS_dataset/MyTest/original/motions/mesh/test_video/146.npy
2026-03-25 16:13:27,812:INFO: Total Length: -28
2026-03-25 16:13:27,812:INFO: Loading Deep MeshFlows: ./data/NUS_dataset/MyTest/original/motions/mesh/test_video/147.npy
2026-03-25 16:13:27,812:INFO: Total Length: -28
2026-03-25 16:13:27,812:INFO: Loading Deep MeshFlows: ./data/NUS_dataset/MyTest/original/motions/mesh/test_video/148.npy
2026-03-25 16:13:27,812:INFO: Total Length: -28
2026-03-25 16:13:27,813:INFO: Loading Deep MeshFlows: ./data/NUS_dataset/MyTest/original/motions/mesh/test_video/149.npy
2026-03-25 16:13:27,813:INFO: Total Length: -28
2026-03-25 16:13:27,813:INFO: Loading Deep MeshFlows: ./data/NUS_dataset/MyTest/original/motions/mesh/test_video/150.npy
2026-03-25 16:13:27,813:INFO: Total Length: -28
2026-03-25 16:13:27,813:INFO: Loading Deep MeshFlows: ./data/NUS_dataset/MyTest/original/motions/mesh/test_video/151.npy
2026-03-25 16:13:27,814:INFO: Total Length: -28
2026-03-25 16:13:27,814:INFO: Loading Deep MeshFlows: ./data/NUS_dataset/MyTest/original/motions/mesh/test_video/152.npy
2026-03-25 16:13:27,814:INFO: Total Length: -28
2026-03-25 16:13:27,814:INFO: Loading Deep MeshFlows: ./data/NUS_dataset/MyTest/original/motions/mesh/test_video/153.npy
2026-03-25 16:13:27,815:INFO: Total Length: -28
2026-03-25 16:13:27,815:INFO: Loading Deep MeshFlows: ./data/NUS_dataset/MyTest/original/motions/mesh/test_video/154.npy
2026-03-25 16:13:27,815:INFO: Total Length: -28
2026-03-25 16:13:27,815:INFO: Loading Deep MeshFlows: ./data/NUS_dataset/MyTest/original/motions/mesh/test_video/155.npy
2026-03-25 16:13:27,815:INFO: Total Length: -28
2026-03-25 16:13:27,816:INFO: Loading Deep MeshFlows: ./data/NUS_dataset/MyTest/original/motions/mesh/test_video/156.npy
2026-03-25 16:13:27,816:INFO: Total Length: -28
2026-03-25 16:13:27,816:INFO: Loading Deep MeshFlows: ./data/NUS_dataset/MyTest/original/motions/mesh/test_video/157.npy
2026-03-25 16:13:27,816:INFO: Total Length: -28
2026-03-25 16:13:27,816:INFO: Loading Deep MeshFlows: ./data/NUS_dataset/MyTest/original/motions/mesh/test_video/158.npy
2026-03-25 16:13:27,817:INFO: Total Length: -28
2026-03-25 16:13:27,817:INFO: Loading Deep MeshFlows: ./data/NUS_dataset/MyTest/original/motions/mesh/test_video/159.npy
2026-03-25 16:13:27,817:INFO: Total Length: -28
2026-03-25 16:13:27,817:INFO: Loading Deep MeshFlows: ./data/NUS_dataset/MyTest/original/motions/mesh/test_video/160.npy
2026-03-25 16:13:27,818:INFO: Total Length: -28
2026-03-25 16:13:27,818:INFO: Loading Deep MeshFlows: ./data/NUS_dataset/MyTest/original/motions/mesh/test_video/161.npy
2026-03-25 16:13:27,818:INFO: Total Length: -28
2026-03-25 16:13:27,818:INFO: Loading Deep MeshFlows: ./data/NUS_dataset/MyTest/original/motions/mesh/test_video/162.npy
2026-03-25 16:13:27,818:INFO: Total Length: -28
2026-03-25 16:13:27,819:INFO: Loading Deep MeshFlows: ./data/NUS_dataset/MyTest/original/motions/mesh/test_video/163.npy
2026-03-25 16:13:27,819:INFO: Total Length: -28
2026-03-25 16:13:27,819:INFO: Loading Deep MeshFlows: ./data/NUS_dataset/MyTest/original/motions/mesh/test_video/164.npy
2026-03-25 16:13:27,819:INFO: Total Length: -28
2026-03-25 16:13:27,819:INFO: Loading Deep MeshFlows: ./data/NUS_dataset/MyTest/original/motions/mesh/test_video/165.npy
2026-03-25 16:13:27,820:INFO: Total Length: -28
2026-03-25 16:13:27,820:INFO: Loading Deep MeshFlows: ./data/NUS_dataset/MyTest/original/motions/mesh/test_video/166.npy
2026-03-25 16:13:27,820:INFO: Total Length: -28
2026-03-25 16:13:27,820:INFO: Loading Deep MeshFlows: ./data/NUS_dataset/MyTest/original/motions/mesh/test_video/167.npy
2026-03-25 16:13:27,821:INFO: Total Length: -28
2026-03-25 16:13:27,821:INFO: Loading Deep MeshFlows: ./data/NUS_dataset/MyTest/original/motions/mesh/test_video/168.npy
2026-03-25 16:13:27,821:INFO: Total Length: -28
2026-03-25 16:13:27,821:INFO: Loading Deep MeshFlows: ./data/NUS_dataset/MyTest/original/motions/mesh/test_video/169.npy
2026-03-25 16:13:27,821:INFO: Total Length: -28
2026-03-25 16:13:27,822:INFO: Loading Deep MeshFlows: ./data/NUS_dataset/MyTest/original/motions/mesh/test_video/170.npy
2026-03-25 16:13:27,822:INFO: Total Length: -28
2026-03-25 16:13:27,822:INFO: Loading Deep MeshFlows: ./data/NUS_dataset/MyTest/original/motions/mesh/test_video/171.npy
2026-03-25 16:13:27,822:INFO: Total Length: -28
2026-03-25 16:13:27,823:INFO: Loading Deep MeshFlows: ./data/NUS_dataset/MyTest/original/motions/mesh/test_video/172.npy
2026-03-25 16:13:27,823:INFO: Total Length: -28
2026-03-25 16:13:27,823:INFO: Loading Deep MeshFlows: ./data/NUS_dataset/MyTest/original/motions/mesh/test_video/173.npy
2026-03-25 16:13:27,823:INFO: Total Length: -28
2026-03-25 16:13:27,824:INFO: Loading Deep MeshFlows: ./data/NUS_dataset/MyTest/original/motions/mesh/test_video/174.npy
2026-03-25 16:13:27,824:INFO: Total Length: -28
2026-03-25 16:13:27,824:INFO: Loading Deep MeshFlows: ./data/NUS_dataset/MyTest/original/motions/mesh/test_video/175.npy
2026-03-25 16:13:27,824:INFO: Total Length: -28
2026-03-25 16:13:27,824:INFO: Loading Deep MeshFlows: ./data/NUS_dataset/MyTest/original/motions/mesh/test_video/176.npy
2026-03-25 16:13:27,825:INFO: Total Length: -28
2026-03-25 16:13:27,825:INFO: Loading Deep MeshFlows: ./data/NUS_dataset/MyTest/original/motions/mesh/test_video/177.npy
2026-03-25 16:13:27,825:INFO: Total Length: -28
2026-03-25 16:13:27,825:INFO: Loading Deep MeshFlows: ./data/NUS_dataset/MyTest/original/motions/mesh/test_video/178.npy
2026-03-25 16:13:27,826:INFO: Total Length: -28
2026-03-25 16:13:27,826:INFO: Loading Deep MeshFlows: ./data/NUS_dataset/MyTest/original/motions/mesh/test_video/179.npy
2026-03-25 16:13:27,826:INFO: Total Length: -28
2026-03-25 16:13:27,826:INFO: Loading Deep MeshFlows: ./data/NUS_dataset/MyTest/original/motions/mesh/test_video/180.npy
2026-03-25 16:13:27,826:INFO: Total Length: -28
2026-03-25 16:13:27,827:INFO: Loading Deep MeshFlows: ./data/NUS_dataset/MyTest/original/motions/mesh/test_video/181.npy
2026-03-25 16:13:27,827:INFO: Total Length: -28
2026-03-25 16:13:27,827:INFO: Loading Deep MeshFlows: ./data/NUS_dataset/MyTest/original/motions/mesh/test_video/182.npy
2026-03-25 16:13:27,827:INFO: Total Length: -28
2026-03-25 16:13:27,827:INFO: Loading Deep MeshFlows: ./data/NUS_dataset/MyTest/original/motions/mesh/test_video/183.npy
2026-03-25 16:13:27,828:INFO: Total Length: -28
2026-03-25 16:13:27,828:INFO: Loading Deep MeshFlows: ./data/NUS_dataset/MyTest/original/motions/mesh/test_video/184.npy
2026-03-25 16:13:27,828:INFO: Total Length: -28
2026-03-25 16:13:27,828:INFO: Loading Deep MeshFlows: ./data/NUS_dataset/MyTest/original/motions/mesh/test_video/185.npy
2026-03-25 16:13:27,828:INFO: Total Length: -28
2026-03-25 16:13:27,829:INFO: Loading Deep MeshFlows: ./data/NUS_dataset/MyTest/original/motions/mesh/test_video/186.npy
2026-03-25 16:13:27,829:INFO: Total Length: -28
2026-03-25 16:13:27,829:INFO: Loading Deep MeshFlows: ./data/NUS_dataset/MyTest/original/motions/mesh/test_video/187.npy
2026-03-25 16:13:27,829:INFO: Total Length: -28
2026-03-25 16:13:27,829:INFO: Loading Deep MeshFlows: ./data/NUS_dataset/MyTest/original/motions/mesh/test_video/188.npy
2026-03-25 16:13:27,830:INFO: Total Length: -28
2026-03-25 16:13:27,830:INFO: Loading Deep MeshFlows: ./data/NUS_dataset/MyTest/original/motions/mesh/test_video/189.npy
2026-03-25 16:13:27,830:INFO: Total Length: -28
2026-03-25 16:13:27,830:INFO: Loading Deep MeshFlows: ./data/NUS_dataset/MyTest/original/motions/mesh/test_video/190.npy
2026-03-25 16:13:27,831:INFO: Total Length: -28
2026-03-25 16:13:27,831:INFO: Loading Deep MeshFlows: ./data/NUS_dataset/MyTest/original/motions/mesh/test_video/191.npy
2026-03-25 16:13:27,831:INFO: Total Length: -28
2026-03-25 16:13:27,831:INFO: Loading Deep MeshFlows: ./data/NUS_dataset/MyTest/original/motions/mesh/test_video/192.npy
2026-03-25 16:13:27,831:INFO: Total Length: -28
2026-03-25 16:13:27,832:INFO: Loading Deep MeshFlows: ./data/NUS_dataset/MyTest/original/motions/mesh/test_video/193.npy
2026-03-25 16:13:27,832:INFO: Total Length: -28
2026-03-25 16:13:27,832:INFO: Loading Deep MeshFlows: ./data/NUS_dataset/MyTest/original/motions/mesh/test_video/194.npy
2026-03-25 16:13:27,832:INFO: Total Length: -28
2026-03-25 16:13:27,832:INFO: Loading Deep MeshFlows: ./data/NUS_dataset/MyTest/original/motions/mesh/test_video/195.npy
2026-03-25 16:13:27,833:INFO: Total Length: -28
2026-03-25 16:13:27,833:INFO: Loading Deep MeshFlows: ./data/NUS_dataset/MyTest/original/motions/mesh/test_video/196.npy
2026-03-25 16:13:27,833:INFO: Total Length: -28
2026-03-25 16:13:27,833:INFO: Loading Deep MeshFlows: ./data/NUS_dataset/MyTest/original/motions/mesh/test_video/197.npy
2026-03-25 16:13:27,833:INFO: Total Length: -28
2026-03-25 16:13:27,834:INFO: Loading Deep MeshFlows: ./data/NUS_dataset/MyTest/original/motions/mesh/test_video/198.npy
2026-03-25 16:13:27,834:INFO: Total Length: -28
2026-03-25 16:13:27,834:INFO: Loading Deep MeshFlows: ./data/NUS_dataset/MyTest/original/motions/mesh/test_video/199.npy
2026-03-25 16:13:27,834:INFO: Total Length: -28
2026-03-25 16:13:27,835:INFO: Loading Deep MeshFlows: ./data/NUS_dataset/MyTest/original/motions/mesh/test_video/200.npy
2026-03-25 16:13:27,835:INFO: Total Length: -28
2026-03-25 16:13:27,835:INFO: Loading Deep MeshFlows: ./data/NUS_dataset/MyTest/original/motions/mesh/test_video/201.npy
2026-03-25 16:13:27,835:INFO: Total Length: -28
2026-03-25 16:13:27,835:INFO: Loading Deep MeshFlows: ./data/NUS_dataset/MyTest/original/motions/mesh/test_video/202.npy
2026-03-25 16:13:27,836:INFO: Total Length: -28
2026-03-25 16:13:27,836:INFO: Loading Deep MeshFlows: ./data/NUS_dataset/MyTest/original/motions/mesh/test_video/203.npy
2026-03-25 16:13:27,836:INFO: Total Length: -28
2026-03-25 16:13:27,836:INFO: Loading Deep MeshFlows: ./data/NUS_dataset/MyTest/original/motions/mesh/test_video/204.npy
2026-03-25 16:13:27,837:INFO: Total Length: -28
2026-03-25 16:13:27,837:INFO: Loading Deep MeshFlows: ./data/NUS_dataset/MyTest/original/motions/mesh/test_video/205.npy
2026-03-25 16:13:27,837:INFO: Total Length: -28
2026-03-25 16:13:27,837:INFO: Loading Deep MeshFlows: ./data/NUS_dataset/MyTest/original/motions/mesh/test_video/206.npy
2026-03-25 16:13:27,838:INFO: Total Length: -28
2026-03-25 16:13:27,838:INFO: Loading Deep MeshFlows: ./data/NUS_dataset/MyTest/original/motions/mesh/test_video/207.npy
2026-03-25 16:13:27,838:INFO: Total Length: -28
2026-03-25 16:13:27,838:INFO: Loading Deep MeshFlows: ./data/NUS_dataset/MyTest/original/motions/mesh/test_video/208.npy
2026-03-25 16:13:27,838:INFO: Total Length: -28
2026-03-25 16:13:27,839:INFO: Loading Deep MeshFlows: ./data/NUS_dataset/MyTest/original/motions/mesh/test_video/209.npy
2026-03-25 16:13:27,839:INFO: Total Length: -28
2026-03-25 16:13:27,839:INFO: Loading Deep MeshFlows: ./data/NUS_dataset/MyTest/original/motions/mesh/test_video/210.npy
2026-03-25 16:13:27,839:INFO: Total Length: -28
2026-03-25 16:13:27,839:INFO: Loading Deep MeshFlows: ./data/NUS_dataset/MyTest/original/motions/mesh/test_video/211.npy
2026-03-25 16:13:27,840:INFO: Total Length: -28
2026-03-25 16:13:27,840:INFO: Loading Deep MeshFlows: ./data/NUS_dataset/MyTest/original/motions/mesh/test_video/212.npy
2026-03-25 16:13:27,840:INFO: Total Length: -28
2026-03-25 16:13:27,840:INFO: Loading Deep MeshFlows: ./data/NUS_dataset/MyTest/original/motions/mesh/test_video/213.npy
2026-03-25 16:13:27,841:INFO: Total Length: -28
2026-03-25 16:13:27,841:INFO: Loading Deep MeshFlows: ./data/NUS_dataset/MyTest/original/motions/mesh/test_video/214.npy
2026-03-25 16:13:27,841:INFO: Total Length: -28
2026-03-25 16:13:27,841:INFO: Loading Deep MeshFlows: ./data/NUS_dataset/MyTest/original/motions/mesh/test_video/215.npy
2026-03-25 16:13:27,841:INFO: Total Length: -28
2026-03-25 16:13:27,842:INFO: Loading Deep MeshFlows: ./data/NUS_dataset/MyTest/original/motions/mesh/test_video/216.npy
2026-03-25 16:13:27,842:INFO: Total Length: -28
2026-03-25 16:13:27,842:INFO: Loading Deep MeshFlows: ./data/NUS_dataset/MyTest/original/motions/mesh/test_video/217.npy
2026-03-25 16:13:27,842:INFO: Total Length: -28
2026-03-25 16:13:27,842:INFO: Loading Deep MeshFlows: ./data/NUS_dataset/MyTest/original/motions/mesh/test_video/218.npy
2026-03-25 16:13:27,843:INFO: Total Length: -28
2026-03-25 16:13:27,843:INFO: Loading Deep MeshFlows: ./data/NUS_dataset/MyTest/original/motions/mesh/test_video/219.npy
2026-03-25 16:13:27,843:INFO: Total Length: -28
2026-03-25 16:13:27,843:INFO: Loading Deep MeshFlows: ./data/NUS_dataset/MyTest/original/motions/mesh/test_video/220.npy
2026-03-25 16:13:27,844:INFO: Total Length: -28
2026-03-25 16:13:27,844:INFO: Loading Deep MeshFlows: ./data/NUS_dataset/MyTest/original/motions/mesh/test_video/221.npy
2026-03-25 16:13:27,844:INFO: Total Length: -28
2026-03-25 16:13:27,844:INFO: Loading Deep MeshFlows: ./data/NUS_dataset/MyTest/original/motions/mesh/test_video/222.npy
2026-03-25 16:13:27,844:INFO: Total Length: -28
2026-03-25 16:13:27,845:INFO: Loading Deep MeshFlows: ./data/NUS_dataset/MyTest/original/motions/mesh/test_video/223.npy
2026-03-25 16:13:27,845:INFO: Total Length: -28
2026-03-25 16:13:27,845:INFO: Loading Deep MeshFlows: ./data/NUS_dataset/MyTest/original/motions/mesh/test_video/224.npy
2026-03-25 16:13:27,845:INFO: Total Length: -28
2026-03-25 16:13:27,845:INFO: Loading Deep MeshFlows: ./data/NUS_dataset/MyTest/original/motions/mesh/test_video/225.npy
2026-03-25 16:13:27,846:INFO: Total Length: -28
2026-03-25 16:13:27,846:INFO: Loading Deep MeshFlows: ./data/NUS_dataset/MyTest/original/motions/mesh/test_video/226.npy
2026-03-25 16:13:27,846:INFO: Total Length: -28
2026-03-25 16:13:27,846:INFO: Loading Deep MeshFlows: ./data/NUS_dataset/MyTest/original/motions/mesh/test_video/227.npy
2026-03-25 16:13:27,847:INFO: Total Length: -28
2026-03-25 16:13:27,847:INFO: Loading Deep MeshFlows: ./data/NUS_dataset/MyTest/original/motions/mesh/test_video/228.npy
2026-03-25 16:13:27,847:INFO: Total Length: -28
2026-03-25 16:13:27,847:INFO: Loading Deep MeshFlows: ./data/NUS_dataset/MyTest/original/motions/mesh/test_video/229.npy
2026-03-25 16:13:27,847:INFO: Total Length: -28
2026-03-25 16:13:27,848:INFO: Loading Deep MeshFlows: ./data/NUS_dataset/MyTest/original/motions/mesh/test_video/230.npy
2026-03-25 16:13:27,848:INFO: Total Length: -28
2026-03-25 16:13:27,848:INFO: Loading Deep MeshFlows: ./data/NUS_dataset/MyTest/original/motions/mesh/test_video/231.npy
2026-03-25 16:13:27,848:INFO: Total Length: -28
2026-03-25 16:13:27,848:INFO: Loading Deep MeshFlows: ./data/NUS_dataset/MyTest/original/motions/mesh/test_video/232.npy
2026-03-25 16:13:27,849:INFO: Total Length: -28
2026-03-25 16:13:27,849:INFO: Loading Deep MeshFlows: ./data/NUS_dataset/MyTest/original/motions/mesh/test_video/233.npy
2026-03-25 16:13:27,849:INFO: Total Length: -28
2026-03-25 16:13:27,849:INFO: Loading Deep MeshFlows: ./data/NUS_dataset/MyTest/original/motions/mesh/test_video/234.npy
2026-03-25 16:13:27,850:INFO: Total Length: -28
2026-03-25 16:13:27,850:INFO: Loading Deep MeshFlows: ./data/NUS_dataset/MyTest/original/motions/mesh/test_video/235.npy
2026-03-25 16:13:27,850:INFO: Total Length: -28
2026-03-25 16:13:27,850:INFO: Loading Deep MeshFlows: ./data/NUS_dataset/MyTest/original/motions/mesh/test_video/236.npy
2026-03-25 16:13:27,850:INFO: Total Length: -28
2026-03-25 16:13:27,851:INFO: Loading Deep MeshFlows: ./data/NUS_dataset/MyTest/original/motions/mesh/test_video/237.npy
2026-03-25 16:13:27,851:INFO: Total Length: -28
2026-03-25 16:13:27,851:INFO: Loading Deep MeshFlows: ./data/NUS_dataset/MyTest/original/motions/mesh/test_video/238.npy
2026-03-25 16:13:27,851:INFO: Total Length: -28
2026-03-25 16:13:27,851:INFO: Loading Deep MeshFlows: ./data/NUS_dataset/MyTest/original/motions/mesh/test_video/239.npy
2026-03-25 16:13:27,852:INFO: Total Length: -28
2026-03-25 16:13:27,852:INFO: Loading Deep MeshFlows: ./data/NUS_dataset/MyTest/original/motions/mesh/test_video/240.npy
2026-03-25 16:13:27,852:INFO: Total Length: -28
2026-03-25 16:13:27,852:INFO: Loading Deep MeshFlows: ./data/NUS_dataset/MyTest/original/motions/mesh/test_video/241.npy
2026-03-25 16:13:27,853:INFO: Total Length: -28
2026-03-25 16:13:27,853:INFO: Loading Deep MeshFlows: ./data/NUS_dataset/MyTest/original/motions/mesh/test_video/242.npy
2026-03-25 16:13:27,853:INFO: Total Length: -28
2026-03-25 16:13:27,853:INFO: Loading Deep MeshFlows: ./data/NUS_dataset/MyTest/original/motions/mesh/test_video/243.npy
2026-03-25 16:13:27,853:INFO: Total Length: -28
2026-03-25 16:13:27,854:INFO: Loading Deep MeshFlows: ./data/NUS_dataset/MyTest/original/motions/mesh/test_video/244.npy
2026-03-25 16:13:27,854:INFO: Total Length: -28
2026-03-25 16:13:27,854:INFO: Loading Deep MeshFlows: ./data/NUS_dataset/MyTest/original/motions/mesh/test_video/245.npy
2026-03-25 16:13:27,854:INFO: Total Length: -28
2026-03-25 16:13:27,854:INFO: Loading Deep MeshFlows: ./data/NUS_dataset/MyTest/original/motions/mesh/test_video/246.npy
2026-03-25 16:13:27,855:INFO: Total Length: -28
2026-03-25 16:13:27,855:INFO: Loading Deep MeshFlows: ./data/NUS_dataset/MyTest/original/motions/mesh/test_video/247.npy
2026-03-25 16:13:27,855:INFO: Total Length: -28
2026-03-25 16:13:27,855:INFO: Loading Deep MeshFlows: ./data/NUS_dataset/MyTest/original/motions/mesh/test_video/248.npy
2026-03-25 16:13:27,856:INFO: Total Length: -28
2026-03-25 16:13:27,856:INFO: Loading Deep MeshFlows: ./data/NUS_dataset/MyTest/original/motions/mesh/test_video/249.npy
2026-03-25 16:13:27,856:INFO: Total Length: -28
2026-03-25 16:13:27,856:INFO: Loading Deep MeshFlows: ./data/NUS_dataset/MyTest/original/motions/mesh/test_video/250.npy
2026-03-25 16:13:27,856:INFO: Total Length: -28
2026-03-25 16:13:27,857:INFO: Loading Deep MeshFlows: ./data/NUS_dataset/MyTest/original/motions/mesh/test_video/251.npy
2026-03-25 16:13:27,857:INFO: Total Length: -28
2026-03-25 16:13:27,857:INFO: Loading Deep MeshFlows: ./data/NUS_dataset/MyTest/original/motions/mesh/test_video/252.npy
2026-03-25 16:13:27,857:INFO: Total Length: -28
2026-03-25 16:13:27,857:INFO: Loading Deep MeshFlows: ./data/NUS_dataset/MyTest/original/motions/mesh/test_video/253.npy
2026-03-25 16:13:27,858:INFO: Total Length: -28
2026-03-25 16:13:27,858:INFO: Loading Deep MeshFlows: ./data/NUS_dataset/MyTest/original/motions/mesh/test_video/254.npy
2026-03-25 16:13:27,858:INFO: Total Length: -28
2026-03-25 16:13:27,858:INFO: Loading Deep MeshFlows: ./data/NUS_dataset/MyTest/original/motions/mesh/test_video/255.npy
2026-03-25 16:13:27,858:INFO: Total Length: -28
2026-03-25 16:13:27,859:INFO: Loading Deep MeshFlows: ./data/NUS_dataset/MyTest/original/motions/mesh/test_video/256.npy
2026-03-25 16:13:27,859:INFO: Total Length: -28
2026-03-25 16:13:27,859:INFO: Loading Deep MeshFlows: ./data/NUS_dataset/MyTest/original/motions/mesh/test_video/257.npy
2026-03-25 16:13:27,859:INFO: Total Length: -28
2026-03-25 16:13:27,859:INFO: Loading Deep MeshFlows: ./data/NUS_dataset/MyTest/original/motions/mesh/test_video/258.npy
2026-03-25 16:13:27,860:INFO: Total Length: -28
2026-03-25 16:13:27,860:INFO: Loading Deep MeshFlows: ./data/NUS_dataset/MyTest/original/motions/mesh/test_video/259.npy
2026-03-25 16:13:27,860:INFO: Total Length: -28
2026-03-25 16:13:27,860:INFO: Loading Deep MeshFlows: ./data/NUS_dataset/MyTest/original/motions/mesh/test_video/260.npy
2026-03-25 16:13:27,861:INFO: Total Length: -28
2026-03-25 16:13:27,861:INFO: Loading Deep MeshFlows: ./data/NUS_dataset/MyTest/original/motions/mesh/test_video/261.npy
2026-03-25 16:13:27,861:INFO: Total Length: -28
2026-03-25 16:13:27,861:INFO: Loading Deep MeshFlows: ./data/NUS_dataset/MyTest/original/motions/mesh/test_video/262.npy
2026-03-25 16:13:27,861:INFO: Total Length: -28
2026-03-25 16:13:27,862:INFO: Loading Deep MeshFlows: ./data/NUS_dataset/MyTest/original/motions/mesh/test_video/263.npy
2026-03-25 16:13:27,862:INFO: Total Length: -28
2026-03-25 16:13:27,862:INFO: Loading Deep MeshFlows: ./data/NUS_dataset/MyTest/original/motions/mesh/test_video/264.npy
2026-03-25 16:13:27,862:INFO: Total Length: -28
2026-03-25 16:13:27,862:INFO: Loading Deep MeshFlows: ./data/NUS_dataset/MyTest/original/motions/mesh/test_video/265.npy
2026-03-25 16:13:27,863:INFO: Total Length: -28
2026-03-25 16:13:27,863:INFO: Loading Deep MeshFlows: ./data/NUS_dataset/MyTest/original/motions/mesh/test_video/266.npy
2026-03-25 16:13:27,863:INFO: Total Length: -28
2026-03-25 16:13:27,863:INFO: Loading Deep MeshFlows: ./data/NUS_dataset/MyTest/original/motions/mesh/test_video/267.npy
2026-03-25 16:13:27,864:INFO: Total Length: -28
2026-03-25 16:13:27,864:INFO: Loading Deep MeshFlows: ./data/NUS_dataset/MyTest/original/motions/mesh/test_video/268.npy
2026-03-25 16:13:27,864:INFO: Total Length: -28
2026-03-25 16:13:27,864:INFO: Loading Deep MeshFlows: ./data/NUS_dataset/MyTest/original/motions/mesh/test_video/269.npy
2026-03-25 16:13:27,864:INFO: Total Length: -28
2026-03-25 16:13:27,865:INFO: Loading Deep MeshFlows: ./data/NUS_dataset/MyTest/original/motions/mesh/test_video/270.npy
2026-03-25 16:13:27,865:INFO: Total Length: -28
2026-03-25 16:13:27,865:INFO: Loading Deep MeshFlows: ./data/NUS_dataset/MyTest/original/motions/mesh/test_video/271.npy
2026-03-25 16:13:27,865:INFO: Total Length: -28
2026-03-25 16:13:27,865:INFO: Loading Deep MeshFlows: ./data/NUS_dataset/MyTest/original/motions/mesh/test_video/272.npy
2026-03-25 16:13:27,866:INFO: Total Length: -28
2026-03-25 16:13:27,866:INFO: Loading Deep MeshFlows: ./data/NUS_dataset/MyTest/original/motions/mesh/test_video/273.npy
2026-03-25 16:13:27,866:INFO: Total Length: -28
2026-03-25 16:13:27,866:INFO: Loading Deep MeshFlows: ./data/NUS_dataset/MyTest/original/motions/mesh/test_video/274.npy
2026-03-25 16:13:27,867:INFO: Total Length: -28
2026-03-25 16:13:27,867:INFO: Loading Deep MeshFlows: ./data/NUS_dataset/MyTest/original/motions/mesh/test_video/275.npy
2026-03-25 16:13:27,867:INFO: Total Length: -28
2026-03-25 16:13:27,867:INFO: Loading Deep MeshFlows: ./data/NUS_dataset/MyTest/original/motions/mesh/test_video/276.npy
2026-03-25 16:13:27,867:INFO: Total Length: -28
2026-03-25 16:13:27,868:INFO: Loading Deep MeshFlows: ./data/NUS_dataset/MyTest/original/motions/mesh/test_video/277.npy
2026-03-25 16:13:27,868:INFO: Total Length: -28
2026-03-25 16:13:27,868:INFO: Loading Deep MeshFlows: ./data/NUS_dataset/MyTest/original/motions/mesh/test_video/278.npy
2026-03-25 16:13:27,868:INFO: Total Length: -28
2026-03-25 16:13:27,868:INFO: Loading Deep MeshFlows: ./data/NUS_dataset/MyTest/original/motions/mesh/test_video/279.npy
2026-03-25 16:13:27,869:INFO: Total Length: -28
2026-03-25 16:13:27,869:INFO: Loading Deep MeshFlows: ./data/NUS_dataset/MyTest/original/motions/mesh/test_video/280.npy
2026-03-25 16:13:27,869:INFO: Total Length: -28
2026-03-25 16:13:27,869:INFO: Loading Deep MeshFlows: ./data/NUS_dataset/MyTest/original/motions/mesh/test_video/281.npy
2026-03-25 16:13:27,869:INFO: Total Length: -28
2026-03-25 16:13:27,870:INFO: Loading Deep MeshFlows: ./data/NUS_dataset/MyTest/original/motions/mesh/test_video/282.npy
2026-03-25 16:13:27,870:INFO: Total Length: -28
2026-03-25 16:13:27,870:INFO: Loading Deep MeshFlows: ./data/NUS_dataset/MyTest/original/motions/mesh/test_video/283.npy
2026-03-25 16:13:27,870:INFO: Total Length: -28
2026-03-25 16:13:27,871:INFO: Loading Deep MeshFlows: ./data/NUS_dataset/MyTest/original/motions/mesh/test_video/284.npy
2026-03-25 16:13:27,871:INFO: Total Length: -28
2026-03-25 16:13:27,871:INFO: Loading Deep MeshFlows: ./data/NUS_dataset/MyTest/original/motions/mesh/test_video/285.npy
2026-03-25 16:13:27,872:INFO: Total Length: -28
2026-03-25 16:13:27,872:INFO: Loading Deep MeshFlows: ./data/NUS_dataset/MyTest/original/motions/mesh/test_video/286.npy
2026-03-25 16:13:27,872:INFO: Total Length: -28
2026-03-25 16:13:27,872:INFO: Loading Deep MeshFlows: ./data/NUS_dataset/MyTest/original/motions/mesh/test_video/287.npy
2026-03-25 16:13:27,872:INFO: Total Length: -28
2026-03-25 16:13:27,873:INFO: Loading Deep MeshFlows: ./data/NUS_dataset/MyTest/original/motions/mesh/test_video/288.npy
2026-03-25 16:13:27,873:INFO: Total Length: -28
2026-03-25 16:13:27,873:INFO: Loading Deep MeshFlows: ./data/NUS_dataset/MyTest/original/motions/mesh/test_video/289.npy
2026-03-25 16:13:27,873:INFO: Total Length: -28
2026-03-25 16:13:27,873:INFO: Loading Deep MeshFlows: ./data/NUS_dataset/MyTest/original/motions/mesh/test_video/290.npy
2026-03-25 16:13:27,874:INFO: Total Length: -28
2026-03-25 16:13:27,874:INFO: Loading Deep MeshFlows: ./data/NUS_dataset/MyTest/original/motions/mesh/test_video/291.npy
2026-03-25 16:13:27,874:INFO: Total Length: -28
2026-03-25 16:13:27,874:INFO: Loading Deep MeshFlows: ./data/NUS_dataset/MyTest/original/motions/mesh/test_video/292.npy
2026-03-25 16:13:27,875:INFO: Total Length: -28
2026-03-25 16:13:27,875:INFO: Loading Deep MeshFlows: ./data/NUS_dataset/MyTest/original/motions/mesh/test_video/293.npy
2026-03-25 16:13:27,875:INFO: Total Length: -28
2026-03-25 16:13:27,875:INFO: Loading Deep MeshFlows: ./data/NUS_dataset/MyTest/original/motions/mesh/test_video/294.npy
2026-03-25 16:13:27,875:INFO: Total Length: -28
2026-03-25 16:13:27,876:INFO: Loading Deep MeshFlows: ./data/NUS_dataset/MyTest/original/motions/mesh/test_video/295.npy
2026-03-25 16:13:27,876:INFO: Total Length: -28
2026-03-25 16:13:27,876:INFO: Loading Deep MeshFlows: ./data/NUS_dataset/MyTest/original/motions/mesh/test_video/296.npy
2026-03-25 16:13:27,876:INFO: Total Length: -28
2026-03-25 16:13:27,876:INFO: Loading Deep MeshFlows: ./data/NUS_dataset/MyTest/original/motions/mesh/test_video/297.npy
2026-03-25 16:13:27,877:INFO: Total Length: -28
2026-03-25 16:13:27,877:INFO: Loading Deep MeshFlows: ./data/NUS_dataset/MyTest/original/motions/mesh/test_video/298.npy
2026-03-25 16:13:27,877:INFO: Total Length: -28
2026-03-25 16:13:27,877:INFO: Loading Deep MeshFlows: ./data/NUS_dataset/MyTest/original/motions/mesh/test_video/299.npy
2026-03-25 16:13:27,877:INFO: Total Length: -28
2026-03-25 16:13:27,878:INFO: Loading Deep MeshFlows: ./data/NUS_dataset/MyTest/original/motions/mesh/test_video/300.npy
2026-03-25 16:13:27,878:INFO: Total Length: -28
2026-03-25 16:13:27,878:INFO: Loading Deep MeshFlows: ./data/NUS_dataset/MyTest/original/motions/mesh/test_video/301.npy
2026-03-25 16:13:27,878:INFO: Total Length: -28
2026-03-25 16:13:27,878:INFO: Loading Deep MeshFlows: ./data/NUS_dataset/MyTest/original/motions/mesh/test_video/302.npy
2026-03-25 16:13:27,879:INFO: Total Length: -28
2026-03-25 16:13:27,879:INFO: Loading Deep MeshFlows: ./data/NUS_dataset/MyTest/original/motions/mesh/test_video/303.npy
2026-03-25 16:13:27,879:INFO: Total Length: -28
2026-03-25 16:13:27,879:INFO: Loading Deep MeshFlows: ./data/NUS_dataset/MyTest/original/motions/mesh/test_video/304.npy
2026-03-25 16:13:27,880:INFO: Total Length: -28
2026-03-25 16:13:27,880:INFO: Loading Deep MeshFlows: ./data/NUS_dataset/MyTest/original/motions/mesh/test_video/305.npy
2026-03-25 16:13:27,880:INFO: Total Length: -28
2026-03-25 16:13:27,880:INFO: Loading Deep MeshFlows: ./data/NUS_dataset/MyTest/original/motions/mesh/test_video/306.npy
2026-03-25 16:13:27,881:INFO: Total Length: -28
2026-03-25 16:13:27,881:INFO: Loading Deep MeshFlows: ./data/NUS_dataset/MyTest/original/motions/mesh/test_video/307.npy
2026-03-25 16:13:27,881:INFO: Total Length: -28
2026-03-25 16:13:27,881:INFO: Loading Deep MeshFlows: ./data/NUS_dataset/MyTest/original/motions/mesh/test_video/308.npy
2026-03-25 16:13:27,881:INFO: Total Length: -28
2026-03-25 16:13:27,882:INFO: Loading Deep MeshFlows: ./data/NUS_dataset/MyTest/original/motions/mesh/test_video/309.npy
2026-03-25 16:13:27,882:INFO: Total Length: -28
2026-03-25 16:13:27,882:INFO: Loading Deep MeshFlows: ./data/NUS_dataset/MyTest/original/motions/mesh/test_video/310.npy
2026-03-25 16:13:27,882:INFO: Total Length: -28
2026-03-25 16:13:27,882:INFO: Loading Deep MeshFlows: ./data/NUS_dataset/MyTest/original/motions/mesh/test_video/311.npy
2026-03-25 16:13:27,883:INFO: Total Length: -28
2026-03-25 16:13:27,883:INFO: Loading Deep MeshFlows: ./data/NUS_dataset/MyTest/original/motions/mesh/test_video/312.npy
2026-03-25 16:13:27,883:INFO: Total Length: -28
2026-03-25 16:13:27,883:INFO: Loading Deep MeshFlows: ./data/NUS_dataset/MyTest/original/motions/mesh/test_video/313.npy
2026-03-25 16:13:27,884:INFO: Total Length: -28
2026-03-25 16:13:27,884:INFO: Loading Deep MeshFlows: ./data/NUS_dataset/MyTest/original/motions/mesh/test_video/314.npy
2026-03-25 16:13:27,884:INFO: Total Length: -28
2026-03-25 16:13:27,884:INFO: Loading Deep MeshFlows: ./data/NUS_dataset/MyTest/original/motions/mesh/test_video/315.npy
2026-03-25 16:13:27,884:INFO: Total Length: -28
2026-03-25 16:13:27,885:INFO: Loading Deep MeshFlows: ./data/NUS_dataset/MyTest/original/motions/mesh/test_video/316.npy
2026-03-25 16:13:27,885:INFO: Total Length: -28
2026-03-25 16:13:27,885:INFO: Loading Deep MeshFlows: ./data/NUS_dataset/MyTest/original/motions/mesh/test_video/317.npy
2026-03-25 16:13:27,885:INFO: Total Length: -28
2026-03-25 16:13:27,886:INFO: Loading Deep MeshFlows: ./data/NUS_dataset/MyTest/original/motions/mesh/test_video/318.npy
2026-03-25 16:13:27,886:INFO: Total Length: -28
2026-03-25 16:13:27,886:INFO: Loading Deep MeshFlows: ./data/NUS_dataset/MyTest/original/motions/mesh/test_video/319.npy
2026-03-25 16:13:27,886:INFO: Total Length: -28
2026-03-25 16:13:27,886:INFO: Loading Deep MeshFlows: ./data/NUS_dataset/MyTest/original/motions/mesh/test_video/320.npy
2026-03-25 16:13:27,887:INFO: Total Length: -28
2026-03-25 16:13:27,887:INFO: Loading Deep MeshFlows: ./data/NUS_dataset/MyTest/original/motions/mesh/test_video/321.npy
2026-03-25 16:13:27,887:INFO: Total Length: -28
2026-03-25 16:13:27,887:INFO: Loading Deep MeshFlows: ./data/NUS_dataset/MyTest/original/motions/mesh/test_video/322.npy
2026-03-25 16:13:27,887:INFO: Total Length: -28
2026-03-25 16:13:27,888:INFO: Loading Deep MeshFlows: ./data/NUS_dataset/MyTest/original/motions/mesh/test_video/323.npy
2026-03-25 16:13:27,888:INFO: Total Length: -28
2026-03-25 16:13:27,888:INFO: Loading Deep MeshFlows: ./data/NUS_dataset/MyTest/original/motions/mesh/test_video/324.npy
2026-03-25 16:13:27,888:INFO: Total Length: -28
2026-03-25 16:13:27,888:INFO: Loading Deep MeshFlows: ./data/NUS_dataset/MyTest/original/motions/mesh/test_video/325.npy
2026-03-25 16:13:27,889:INFO: Total Length: -28
2026-03-25 16:13:27,889:INFO: Loading Deep MeshFlows: ./data/NUS_dataset/MyTest/original/motions/mesh/test_video/326.npy
2026-03-25 16:13:27,889:INFO: Total Length: -28
2026-03-25 16:13:27,889:INFO: Loading Deep MeshFlows: ./data/NUS_dataset/MyTest/original/motions/mesh/test_video/327.npy
2026-03-25 16:13:27,890:INFO: Total Length: -28
2026-03-25 16:13:27,890:INFO: Loading Deep MeshFlows: ./data/NUS_dataset/MyTest/original/motions/mesh/test_video/328.npy
2026-03-25 16:13:27,890:INFO: Total Length: -28
2026-03-25 16:13:27,890:INFO: Loading Deep MeshFlows: ./data/NUS_dataset/MyTest/original/motions/mesh/test_video/329.npy
2026-03-25 16:13:27,890:INFO: Total Length: -28
2026-03-25 16:13:27,891:INFO: Loading Deep MeshFlows: ./data/NUS_dataset/MyTest/original/motions/mesh/test_video/330.npy
2026-03-25 16:13:27,891:INFO: Total Length: -28
2026-03-25 16:13:27,891:INFO: Loading Deep MeshFlows: ./data/NUS_dataset/MyTest/original/motions/mesh/test_video/331.npy
2026-03-25 16:13:27,891:INFO: Total Length: -28
2026-03-25 16:13:27,891:INFO: Loading Deep MeshFlows: ./data/NUS_dataset/MyTest/original/motions/mesh/test_video/332.npy
2026-03-25 16:13:27,892:INFO: Total Length: -28
2026-03-25 16:13:27,892:INFO: Loading Deep MeshFlows: ./data/NUS_dataset/MyTest/original/motions/mesh/test_video/333.npy
2026-03-25 16:13:27,892:INFO: Total Length: -28
2026-03-25 16:13:27,892:INFO: Loading Deep MeshFlows: ./data/NUS_dataset/MyTest/original/motions/mesh/test_video/334.npy
2026-03-25 16:13:27,893:INFO: Total Length: -28
2026-03-25 16:13:27,893:INFO: Loading Deep MeshFlows: ./data/NUS_dataset/MyTest/original/motions/mesh/test_video/335.npy
2026-03-25 16:13:27,893:INFO: Total Length: -28
2026-03-25 16:13:27,893:INFO: Loading Deep MeshFlows: ./data/NUS_dataset/MyTest/original/motions/mesh/test_video/336.npy
2026-03-25 16:13:27,893:INFO: Total Length: -28
2026-03-25 16:13:27,894:INFO: Loading Deep MeshFlows: ./data/NUS_dataset/MyTest/original/motions/mesh/test_video/337.npy
2026-03-25 16:13:27,894:INFO: Total Length: -28
2026-03-25 16:13:27,894:INFO: Loading Deep MeshFlows: ./data/NUS_dataset/MyTest/original/motions/mesh/test_video/338.npy
2026-03-25 16:13:27,894:INFO: Total Length: -28
2026-03-25 16:13:27,894:INFO: Loading Deep MeshFlows: ./data/NUS_dataset/MyTest/original/motions/mesh/test_video/339.npy
2026-03-25 16:13:27,895:INFO: Total Length: -28
2026-03-25 16:13:27,895:INFO: Loading Deep MeshFlows: ./data/NUS_dataset/MyTest/original/motions/mesh/test_video/340.npy
2026-03-25 16:13:27,895:INFO: Total Length: -28
2026-03-25 16:13:27,895:INFO: Loading Deep MeshFlows: ./data/NUS_dataset/MyTest/original/motions/mesh/test_video/341.npy
2026-03-25 16:13:27,896:INFO: Total Length: -28
2026-03-25 16:13:27,896:INFO: Loading Deep MeshFlows: ./data/NUS_dataset/MyTest/original/motions/mesh/test_video/342.npy
2026-03-25 16:13:27,896:INFO: Total Length: -28
2026-03-25 16:13:27,896:INFO: Loading Deep MeshFlows: ./data/NUS_dataset/MyTest/original/motions/mesh/test_video/343.npy
2026-03-25 16:13:27,896:INFO: Total Length: -28
2026-03-25 16:13:27,897:INFO: Loading Deep MeshFlows: ./data/NUS_dataset/MyTest/original/motions/mesh/test_video/344.npy
2026-03-25 16:13:27,897:INFO: Total Length: -28
2026-03-25 16:13:27,897:INFO: Loading Deep MeshFlows: ./data/NUS_dataset/MyTest/original/motions/mesh/test_video/345.npy
2026-03-25 16:13:27,897:INFO: Total Length: -28
2026-03-25 16:13:27,897:INFO: Loading Deep MeshFlows: ./data/NUS_dataset/MyTest/original/motions/mesh/test_video/346.npy
2026-03-25 16:13:27,898:INFO: Total Length: -28
2026-03-25 16:13:27,898:INFO: Loading Deep MeshFlows: ./data/NUS_dataset/MyTest/original/motions/mesh/test_video/347.npy
2026-03-25 16:13:27,898:INFO: Total Length: -28
2026-03-25 16:13:27,898:INFO: Loading Deep MeshFlows: ./data/NUS_dataset/MyTest/original/motions/mesh/test_video/348.npy
2026-03-25 16:13:27,899:INFO: Total Length: -28
2026-03-25 16:13:27,899:INFO: Loading Deep MeshFlows: ./data/NUS_dataset/MyTest/original/motions/mesh/test_video/349.npy
2026-03-25 16:13:27,899:INFO: Total Length: -28
2026-03-25 16:13:27,899:INFO: Loading Deep MeshFlows: ./data/NUS_dataset/MyTest/original/motions/mesh/test_video/350.npy
2026-03-25 16:13:27,899:INFO: Total Length: -28
2026-03-25 16:13:27,900:INFO: Loading Deep MeshFlows: ./data/NUS_dataset/MyTest/original/motions/mesh/test_video/351.npy
2026-03-25 16:13:27,900:INFO: Total Length: -28
2026-03-25 16:13:27,900:INFO: Loading Deep MeshFlows: ./data/NUS_dataset/MyTest/original/motions/mesh/test_video/352.npy
2026-03-25 16:13:27,900:INFO: Total Length: -28
2026-03-25 16:13:27,900:INFO: Loading Deep MeshFlows: ./data/NUS_dataset/MyTest/original/motions/mesh/test_video/353.npy
2026-03-25 16:13:27,901:INFO: Total Length: -28
2026-03-25 16:13:27,901:INFO: Loading Deep MeshFlows: ./data/NUS_dataset/MyTest/original/motions/mesh/test_video/354.npy
2026-03-25 16:13:27,901:INFO: Total Length: -28
2026-03-25 16:13:27,901:INFO: Loading Deep MeshFlows: ./data/NUS_dataset/MyTest/original/motions/mesh/test_video/355.npy
2026-03-25 16:13:27,902:INFO: Total Length: -28
2026-03-25 16:13:27,902:INFO: Loading Deep MeshFlows: ./data/NUS_dataset/MyTest/original/motions/mesh/test_video/356.npy
2026-03-25 16:13:27,902:INFO: Total Length: -28
2026-03-25 16:13:27,902:INFO: Loading Deep MeshFlows: ./data/NUS_dataset/MyTest/original/motions/mesh/test_video/357.npy
2026-03-25 16:13:27,902:INFO: Total Length: -28
2026-03-25 16:13:27,903:INFO: Loading Deep MeshFlows: ./data/NUS_dataset/MyTest/original/motions/mesh/test_video/358.npy
2026-03-25 16:13:27,903:INFO: Total Length: -28
2026-03-25 16:13:27,903:INFO: Loading Deep MeshFlows: ./data/NUS_dataset/MyTest/original/motions/mesh/test_video/359.npy
2026-03-25 16:13:27,903:INFO: Total Length: -28
2026-03-25 16:13:27,903:INFO: Loading Deep MeshFlows: ./data/NUS_dataset/MyTest/original/motions/mesh/test_video/360.npy
2026-03-25 16:13:27,904:INFO: Total Length: -28
2026-03-25 16:13:27,904:INFO: Loading Deep MeshFlows: ./data/NUS_dataset/MyTest/original/motions/mesh/test_video/361.npy
2026-03-25 16:13:27,904:INFO: Total Length: -28
2026-03-25 16:13:27,904:INFO: Loading Deep MeshFlows: ./data/NUS_dataset/MyTest/original/motions/mesh/test_video/362.npy
2026-03-25 16:13:27,904:INFO: Total Length: -28
2026-03-25 16:13:27,905:INFO: Loading Deep MeshFlows: ./data/NUS_dataset/MyTest/original/motions/mesh/test_video/363.npy
2026-03-25 16:13:27,905:INFO: Total Length: -28
2026-03-25 16:13:27,905:INFO: Loading Deep MeshFlows: ./data/NUS_dataset/MyTest/original/motions/mesh/test_video/364.npy
2026-03-25 16:13:27,905:INFO: Total Length: -28
2026-03-25 16:13:27,905:INFO: Loading Deep MeshFlows: ./data/NUS_dataset/MyTest/original/motions/mesh/test_video/365.npy
2026-03-25 16:13:27,906:INFO: Total Length: -28
2026-03-25 16:13:27,906:INFO: Loading Deep MeshFlows: ./data/NUS_dataset/MyTest/original/motions/mesh/test_video/366.npy
2026-03-25 16:13:27,906:INFO: Total Length: -28
2026-03-25 16:13:27,906:INFO: Loading Deep MeshFlows: ./data/NUS_dataset/MyTest/original/motions/mesh/test_video/367.npy
2026-03-25 16:13:27,907:INFO: Total Length: -28
2026-03-25 16:13:27,907:INFO: Loading Deep MeshFlows: ./data/NUS_dataset/MyTest/original/motions/mesh/test_video/368.npy
2026-03-25 16:13:27,907:INFO: Total Length: -28
2026-03-25 16:13:27,907:INFO: Loading Deep MeshFlows: ./data/NUS_dataset/MyTest/original/motions/mesh/test_video/369.npy
2026-03-25 16:13:27,908:INFO: Total Length: -28
2026-03-25 16:13:27,908:INFO: Loading Deep MeshFlows: ./data/NUS_dataset/MyTest/original/motions/mesh/test_video/370.npy
2026-03-25 16:13:27,908:INFO: Total Length: -28
2026-03-25 16:13:27,908:INFO: Loading Deep MeshFlows: ./data/NUS_dataset/MyTest/original/motions/mesh/test_video/371.npy
2026-03-25 16:13:27,908:INFO: Total Length: -28
2026-03-25 16:13:27,908:INFO: Loading Deep MeshFlows: ./data/NUS_dataset/MyTest/original/motions/mesh/test_video/372.npy
2026-03-25 16:13:27,909:INFO: Total Length: -28
2026-03-25 16:13:27,909:INFO: Loading Deep MeshFlows: ./data/NUS_dataset/MyTest/original/motions/mesh/test_video/373.npy
2026-03-25 16:13:27,909:INFO: Total Length: -28
2026-03-25 16:13:27,909:INFO: Loading Deep MeshFlows: ./data/NUS_dataset/MyTest/original/motions/mesh/test_video/374.npy
2026-03-25 16:13:27,910:INFO: Total Length: -28
2026-03-25 16:13:27,910:INFO: Loading Deep MeshFlows: ./data/NUS_dataset/MyTest/original/motions/mesh/test_video/375.npy
2026-03-25 16:13:27,910:INFO: Total Length: -28
2026-03-25 16:13:27,910:INFO: Loading Deep MeshFlows: ./data/NUS_dataset/MyTest/original/motions/mesh/test_video/376.npy
2026-03-25 16:13:27,910:INFO: Total Length: -28
2026-03-25 16:13:27,911:INFO: Loading Deep MeshFlows: ./data/NUS_dataset/MyTest/original/motions/mesh/test_video/377.npy
2026-03-25 16:13:27,911:INFO: Total Length: -28
2026-03-25 16:13:27,911:INFO: Loading Deep MeshFlows: ./data/NUS_dataset/MyTest/original/motions/mesh/test_video/378.npy
2026-03-25 16:13:27,911:INFO: Total Length: -28
2026-03-25 16:13:27,911:INFO: Loading Deep MeshFlows: ./data/NUS_dataset/MyTest/original/motions/mesh/test_video/379.npy
2026-03-25 16:13:27,912:INFO: Total Length: -28
2026-03-25 16:13:27,912:INFO: Loading Deep MeshFlows: ./data/NUS_dataset/MyTest/original/motions/mesh/test_video/380.npy
2026-03-25 16:13:27,912:INFO: Total Length: -28
2026-03-25 16:13:27,912:INFO: Loading Deep MeshFlows: ./data/NUS_dataset/MyTest/original/motions/mesh/test_video/381.npy
2026-03-25 16:13:27,913:INFO: Total Length: -28
2026-03-25 16:13:27,913:INFO: Loading Deep MeshFlows: ./data/NUS_dataset/MyTest/original/motions/mesh/test_video/382.npy
2026-03-25 16:13:27,913:INFO: Total Length: -28
2026-03-25 16:13:27,913:INFO: Loading Deep MeshFlows: ./data/NUS_dataset/MyTest/original/motions/mesh/test_video/383.npy
2026-03-25 16:13:27,913:INFO: Total Length: -28
2026-03-25 16:13:27,914:INFO: Loading Deep MeshFlows: ./data/NUS_dataset/MyTest/original/motions/mesh/test_video/384.npy
2026-03-25 16:13:27,914:INFO: Total Length: -28
2026-03-25 16:13:27,914:INFO: Loading Deep MeshFlows: ./data/NUS_dataset/MyTest/original/motions/mesh/test_video/385.npy
2026-03-25 16:13:27,914:INFO: Total Length: -28
2026-03-25 16:13:27,915:INFO: Loading Deep MeshFlows: ./data/NUS_dataset/MyTest/original/motions/mesh/test_video/386.npy
2026-03-25 16:13:27,915:INFO: Total Length: -28
2026-03-25 16:13:27,915:INFO: Loading Deep MeshFlows: ./data/NUS_dataset/MyTest/original/motions/mesh/test_video/387.npy
2026-03-25 16:13:27,915:INFO: Total Length: -28
2026-03-25 16:13:27,915:INFO: Loading Deep MeshFlows: ./data/NUS_dataset/MyTest/original/motions/mesh/test_video/388.npy
2026-03-25 16:13:27,916:INFO: Total Length: -28
2026-03-25 16:13:27,916:INFO: Loading Deep MeshFlows: ./data/NUS_dataset/MyTest/original/motions/mesh/test_video/389.npy
2026-03-25 16:13:27,916:INFO: Total Length: -28
2026-03-25 16:13:27,916:INFO: Loading Deep MeshFlows: ./data/NUS_dataset/MyTest/original/motions/mesh/test_video/390.npy
2026-03-25 16:13:27,916:INFO: Total Length: -28
2026-03-25 16:13:27,917:INFO: Loading Deep MeshFlows: ./data/NUS_dataset/MyTest/original/motions/mesh/test_video/391.npy
2026-03-25 16:13:27,917:INFO: Total Length: -28
2026-03-25 16:13:27,917:INFO: Loading Deep MeshFlows: ./data/NUS_dataset/MyTest/original/motions/mesh/test_video/392.npy
2026-03-25 16:13:27,917:INFO: Total Length: -28
2026-03-25 16:13:27,917:INFO: Loading Deep MeshFlows: ./data/NUS_dataset/MyTest/original/motions/mesh/test_video/393.npy
2026-03-25 16:13:27,918:INFO: Total Length: -28
2026-03-25 16:13:27,918:INFO: Loading Deep MeshFlows: ./data/NUS_dataset/MyTest/original/motions/mesh/test_video/394.npy
2026-03-25 16:13:27,918:INFO: Total Length: -28
2026-03-25 16:13:27,918:INFO: Loading Deep MeshFlows: ./data/NUS_dataset/MyTest/original/motions/mesh/test_video/395.npy
2026-03-25 16:13:27,919:INFO: Total Length: -28
2026-03-25 16:13:27,919:INFO: Loading Deep MeshFlows: ./data/NUS_dataset/MyTest/original/motions/mesh/test_video/396.npy
2026-03-25 16:13:27,919:INFO: Total Length: -28
2026-03-25 16:13:27,919:INFO: Loading Deep MeshFlows: ./data/NUS_dataset/MyTest/original/motions/mesh/test_video/397.npy
2026-03-25 16:13:27,919:INFO: Total Length: -28
2026-03-25 16:13:27,920:INFO: Loading Deep MeshFlows: ./data/NUS_dataset/MyTest/original/motions/mesh/test_video/398.npy
2026-03-25 16:13:27,920:INFO: Total Length: -28
2026-03-25 16:13:27,920:INFO: Loading Deep MeshFlows: ./data/NUS_dataset/MyTest/original/motions/mesh/test_video/399.npy
2026-03-25 16:13:27,920:INFO: Total Length: -28
2026-03-25 16:13:27,920:INFO: Loading Deep MeshFlows: ./data/NUS_dataset/MyTest/original/motions/mesh/test_video/400.npy
2026-03-25 16:13:27,921:INFO: Total Length: -28
2026-03-25 16:13:27,921:INFO: Loading Deep MeshFlows: ./data/NUS_dataset/MyTest/original/motions/mesh/test_video/401.npy
2026-03-25 16:13:27,921:INFO: Total Length: -28
2026-03-25 16:13:27,921:INFO: Loading Deep MeshFlows: ./data/NUS_dataset/MyTest/original/motions/mesh/test_video/402.npy
2026-03-25 16:13:27,921:INFO: Total Length: -28
2026-03-25 16:13:27,922:INFO: Loading Deep MeshFlows: ./data/NUS_dataset/MyTest/original/motions/mesh/test_video/403.npy
2026-03-25 16:13:27,922:INFO: Total Length: -28
2026-03-25 16:13:27,922:INFO: Loading Deep MeshFlows: ./data/NUS_dataset/MyTest/original/motions/mesh/test_video/404.npy
2026-03-25 16:13:27,922:INFO: Total Length: -28
2026-03-25 16:13:27,923:INFO: Loading Deep MeshFlows: ./data/NUS_dataset/MyTest/original/motions/mesh/test_video/405.npy
2026-03-25 16:13:27,923:INFO: Total Length: -28
2026-03-25 16:13:27,923:INFO: Loading Deep MeshFlows: ./data/NUS_dataset/MyTest/original/motions/mesh/test_video/406.npy
2026-03-25 16:13:27,923:INFO: Total Length: -28
2026-03-25 16:13:27,923:INFO: Loading Deep MeshFlows: ./data/NUS_dataset/MyTest/original/motions/mesh/test_video/407.npy
2026-03-25 16:13:27,924:INFO: Total Length: -28
2026-03-25 16:13:27,924:INFO: Loading Deep MeshFlows: ./data/NUS_dataset/MyTest/original/motions/mesh/test_video/408.npy
2026-03-25 16:13:27,924:INFO: Total Length: -28
2026-03-25 16:13:27,924:INFO: Loading Deep MeshFlows: ./data/NUS_dataset/MyTest/original/motions/mesh/test_video/409.npy
2026-03-25 16:13:27,925:INFO: Total Length: -28
2026-03-25 16:13:27,925:INFO: Loading Deep MeshFlows: ./data/NUS_dataset/MyTest/original/motions/mesh/test_video/410.npy
2026-03-25 16:13:27,925:INFO: Total Length: -28
2026-03-25 16:13:27,925:INFO: Loading Deep MeshFlows: ./data/NUS_dataset/MyTest/original/motions/mesh/test_video/411.npy
2026-03-25 16:13:27,925:INFO: Total Length: -28
2026-03-25 16:13:27,926:INFO: Loading Deep MeshFlows: ./data/NUS_dataset/MyTest/original/motions/mesh/test_video/412.npy
2026-03-25 16:13:27,926:INFO: Total Length: -28
2026-03-25 16:13:27,926:INFO: Loading Deep MeshFlows: ./data/NUS_dataset/MyTest/original/motions/mesh/test_video/413.npy
2026-03-25 16:13:27,926:INFO: Total Length: -28
2026-03-25 16:13:27,926:INFO: Loading Deep MeshFlows: ./data/NUS_dataset/MyTest/original/motions/mesh/test_video/414.npy
2026-03-25 16:13:27,927:INFO: Total Length: -28
2026-03-25 16:13:27,927:INFO: Loading Deep MeshFlows: ./data/NUS_dataset/MyTest/original/motions/mesh/test_video/415.npy
2026-03-25 16:13:27,927:INFO: Total Length: -28
2026-03-25 16:13:27,927:INFO: Loading Deep MeshFlows: ./data/NUS_dataset/MyTest/original/motions/mesh/test_video/416.npy
2026-03-25 16:13:27,928:INFO: Total Length: -28
2026-03-25 16:13:27,928:INFO: Loading Deep MeshFlows: ./data/NUS_dataset/MyTest/original/motions/mesh/test_video/417.npy
2026-03-25 16:13:27,928:INFO: Total Length: -28
2026-03-25 16:13:27,928:INFO: Loading Deep MeshFlows: ./data/NUS_dataset/MyTest/original/motions/mesh/test_video/418.npy
2026-03-25 16:13:27,928:INFO: Total Length: -28
2026-03-25 16:13:27,929:INFO: Loading Deep MeshFlows: ./data/NUS_dataset/MyTest/original/motions/mesh/test_video/419.npy
2026-03-25 16:13:27,929:INFO: Total Length: -28
2026-03-25 16:13:27,929:INFO: Loading Deep MeshFlows: ./data/NUS_dataset/MyTest/original/motions/mesh/test_video/420.npy
2026-03-25 16:13:27,929:INFO: Total Length: -28
2026-03-25 16:13:27,930:INFO: Loading Deep MeshFlows: ./data/NUS_dataset/MyTest/original/motions/mesh/test_video/421.npy
2026-03-25 16:13:27,930:INFO: Total Length: -28
2026-03-25 16:13:27,930:INFO: Loading Deep MeshFlows: ./data/NUS_dataset/MyTest/original/motions/mesh/test_video/422.npy
2026-03-25 16:13:27,930:INFO: Total Length: -28
2026-03-25 16:13:27,930:INFO: Loading Deep MeshFlows: ./data/NUS_dataset/MyTest/original/motions/mesh/test_video/423.npy
2026-03-25 16:13:27,931:INFO: Total Length: -28
2026-03-25 16:13:27,931:INFO: Loading Deep MeshFlows: ./data/NUS_dataset/MyTest/original/motions/mesh/test_video/424.npy
2026-03-25 16:13:27,931:INFO: Total Length: -28
2026-03-25 16:13:27,931:INFO: Loading Deep MeshFlows: ./data/NUS_dataset/MyTest/original/motions/mesh/test_video/425.npy
2026-03-25 16:13:27,931:INFO: Total Length: -28
2026-03-25 16:13:27,932:INFO: Loading Deep MeshFlows: ./data/NUS_dataset/MyTest/original/motions/mesh/test_video/426.npy
2026-03-25 16:13:27,932:INFO: Total Length: -28
2026-03-25 16:13:27,932:INFO: Loading Deep MeshFlows: ./data/NUS_dataset/MyTest/original/motions/mesh/test_video/427.npy
2026-03-25 16:13:27,932:INFO: Total Length: -28
2026-03-25 16:13:27,932:INFO: Loading Deep MeshFlows: ./data/NUS_dataset/MyTest/original/motions/mesh/test_video/428.npy
2026-03-25 16:13:27,933:INFO: Total Length: -28
2026-03-25 16:13:27,933:INFO: Loading Deep MeshFlows: ./data/NUS_dataset/MyTest/original/motions/mesh/test_video/429.npy
2026-03-25 16:13:27,933:INFO: Total Length: -28
2026-03-25 16:13:27,933:INFO: Loading Deep MeshFlows: ./data/NUS_dataset/MyTest/original/motions/mesh/test_video/430.npy
2026-03-25 16:13:27,934:INFO: Total Length: -28
2026-03-25 16:13:27,934:INFO: Loading Deep MeshFlows: ./data/NUS_dataset/MyTest/original/motions/mesh/test_video/431.npy
2026-03-25 16:13:27,934:INFO: Total Length: -28
2026-03-25 16:13:27,934:WARNING: Dosya bulunamadı, atlanıyor: ./data/NUS_dataset/MyTest/original/motions/mesh/test_video/432.npy
2026-03-25 16:13:27,934:INFO: Total Length: 0
2026-03-25 16:13:27,934:INFO: Loading Pretrained Model From: ./pretrained/pretrained_model.pth.tar
2026-03-25 16:13:34,294:INFO: Starting Evaluation...
2026-03-25 16:13:34,294:INFO: Eval Video: 0
2026-03-25 16:19:43,449:INFO: Loading Datasets...
2026-03-25 16:19:43,449:INFO: Video Dir: ./data/NUS_dataset/MyTest/original/videos
2026-03-25 16:19:43,449:INFO: Motion Dir: ./data/NUS_dataset/MyTest/original/motions/mesh
2026-03-25 16:19:43,450:INFO: Fetch Evaluate Dataloaders...
2026-03-25 16:19:43,450:WARNING: Dosya bulunamadı, atlanıyor: ./data/NUS_dataset/MyTest/original/motions/mesh/0.npy
2026-03-25 16:19:43,450:INFO: Total Length: 0
2026-03-25 16:19:43,451:INFO: Loading Pretrained Model From: ./pretrained/pretrained_model.pth.tar
2026-03-25 16:19:49,728:INFO: Starting Evaluation...
2026-03-25 16:19:49,729:INFO: Eval Video: 0
2026-03-25 16:20:13,502:INFO: Loading Datasets...
2026-03-25 16:20:13,502:INFO: Video Dir: ./data/NUS_dataset/MyTest/original/videos
2026-03-25 16:20:13,502:INFO: Motion Dir: ./data/NUS_dataset/MyTest/original/motions/mesh
2026-03-25 16:20:13,503:INFO: Fetch Evaluate Dataloaders...
2026-03-25 16:20:13,540:INFO: Loading Deep MeshFlows: ./data/NUS_dataset/MyTest/original/motions/mesh/0.npy
2026-03-25 16:20:13,544:INFO: Total Length: 403
2026-03-25 16:20:13,548:INFO: Loading Pretrained Model From: ./pretrained/pretrained_model.pth.tar
2026-03-25 16:20:19,989:INFO: Starting Evaluation...
2026-03-25 16:20:19,989:INFO: Eval Video: 0
2026-03-25 16:23:40,604:INFO: Loading Datasets...
2026-03-25 16:23:40,604:INFO: Video Dir: ./data/NUS_dataset/MyTest/original/videos
2026-03-25 16:23:40,604:INFO: Motion Dir: ./data/NUS_dataset/MyTest/original/motions/mesh
2026-03-25 16:23:40,604:INFO: Fetch Evaluate Dataloaders...
2026-03-25 16:23:40,638:INFO: Loading Deep MeshFlows: ./data/NUS_dataset/MyTest/original/motions/mesh/0.npy
2026-03-25 16:23:40,642:INFO: Total Length: 403
2026-03-25 16:23:40,646:INFO: Loading Pretrained Model From: ./pretrained/pretrained_model.pth.tar
2026-03-25 16:23:47,003:INFO: Starting Evaluation...
2026-03-25 16:23:47,004:INFO: Eval Video: 0
2026-03-25 16:27:46,762:INFO: Loading Datasets...
2026-03-25 16:27:46,763:INFO: Video Dir: ./data/NUS_dataset/MyTest/original/videos
2026-03-25 16:27:46,763:INFO: Motion Dir: ./data/NUS_dataset/MyTest/original/motions/mesh
2026-03-25 16:27:46,763:INFO: Fetch Evaluate Dataloaders...
2026-03-25 16:27:46,777:INFO: Loading Deep MeshFlows: ./data/NUS_dataset/MyTest/original/motions/mesh/0.npy
2026-03-25 16:27:46,781:INFO: Total Length: 403
2026-03-25 16:27:46,783:INFO: Loading Pretrained Model From: ./pretrained/pretrained_model.pth.tar
2026-03-25 16:27:53,166:INFO: Starting Evaluation...
2026-03-25 16:27:53,166:INFO: Eval Video: 0
2026-03-25 16:34:46,329:INFO: Loading Datasets...
2026-03-25 16:34:46,330:INFO: Video Dir: ./data/NUS_dataset/MyTest/original/videos
2026-03-25 16:34:46,330:INFO: Motion Dir: ./data/NUS_dataset/MyTest/original/motions/mesh
2026-03-25 16:34:46,331:INFO: Fetch Evaluate Dataloaders...
2026-03-25 16:34:46,360:INFO: Loading Deep MeshFlows: ./data/NUS_dataset/MyTest/original/motions/mesh/0.npy
2026-03-25 16:34:46,364:INFO: Total Length: 403
2026-03-25 16:34:46,366:INFO: Loading Pretrained Model From: ./pretrained/pretrained_model.pth.tar
2026-03-25 16:34:54,629:INFO: Starting Evaluation...
2026-03-25 16:34:54,629:INFO: Eval Video: 0
2026-03-25 17:34:02,079:INFO: Loading Datasets...
2026-03-25 17:34:02,079:INFO: Video Dir: ./data/NUS_dataset/MyTest/original/videos
2026-03-25 17:34:02,080:INFO: Motion Dir: ./data/NUS_dataset/MyTest/original/motions/mesh
2026-03-25 17:34:02,080:INFO: Fetch Evaluate Dataloaders...
2026-03-25 17:34:02,083:INFO: Loading Deep MeshFlows: ./data/NUS_dataset/MyTest/original/motions/mesh/0.npy
2026-03-25 17:34:02,085:INFO: Total Length: 403
2026-03-25 17:34:02,087:INFO: Loading Pretrained Model From: ./pretrained/pretrained_model.pth.tar
2026-03-25 17:34:08,442:INFO: Starting Evaluation...
2026-03-25 17:34:08,442:INFO: Eval Video: 0
2026-03-25 17:35:10,733:INFO: Loading Datasets...
2026-03-25 17:35:10,733:INFO: Video Dir: ./data/NUS_dataset/MyTest/original/videos
2026-03-25 17:35:10,733:INFO: Motion Dir: ./data/NUS_dataset/MyTest/original/motions/mesh
2026-03-25 17:35:10,734:INFO: Fetch Evaluate Dataloaders...
2026-03-25 17:35:10,737:INFO: Loading Deep MeshFlows: ./data/NUS_dataset/MyTest/original/motions/mesh/0.npy
2026-03-25 17:35:10,741:INFO: Total Length: 403
2026-03-25 17:35:10,743:INFO: Loading Pretrained Model From: ./pretrained/pretrained_model.pth.tar
2026-03-25 17:35:18,958:INFO: Starting Evaluation...
2026-03-25 17:35:18,958:INFO: Eval Video: 0
2026-03-25 17:37:08,988:INFO: Loading Datasets...
2026-03-25 17:37:08,989:INFO: Video Dir: ./data/NUS_dataset/MyTest/original/videos
2026-03-25 17:37:08,989:INFO: Motion Dir: ./data/NUS_dataset/MyTest/original/motions/mesh
2026-03-25 17:37:08,989:INFO: Fetch Evaluate Dataloaders...
2026-03-25 17:37:08,992:INFO: Loading Deep MeshFlows: ./data/NUS_dataset/MyTest/original/motions/mesh/0.npy
2026-03-25 17:37:09,000:INFO: Total Length: 403
2026-03-25 17:37:09,002:INFO: Loading Pretrained Model From: ./pretrained/pretrained_model.pth.tar
2026-03-25 17:37:17,282:INFO: Starting Evaluation...
2026-03-25 17:37:17,282:INFO: Eval Video: 0
2026-03-25 17:38:20,811:INFO: Loading Datasets...
2026-03-25 17:38:20,812:INFO: Video Dir: ./data/NUS_dataset/MyTest/original/videos
2026-03-25 17:38:20,812:INFO: Motion Dir: ./data/NUS_dataset/MyTest/original/motions/mesh
2026-03-25 17:38:20,812:INFO: Fetch Evaluate Dataloaders...
2026-03-25 17:38:20,815:INFO: Loading Deep MeshFlows: ./data/NUS_dataset/MyTest/original/motions/mesh/0.npy
2026-03-25 17:38:20,823:INFO: Total Length: 403
2026-03-25 17:38:20,825:INFO: Loading Pretrained Model From: ./pretrained/pretrained_model.pth.tar
2026-03-25 17:38:29,079:INFO: Starting Evaluation...
2026-03-25 17:38:29,079:INFO: Eval Video: 0
2026-03-25 17:38:39,257:INFO: Crop Ratio: 0.914
2026-03-25 17:38:39,257:INFO: Min Crop Ratio: 0.809
2026-03-25 17:38:39,257:INFO: Distortion Value: 0.921
2026-03-25 17:38:39,257:INFO: Stability Score: 0.442
2026-03-25 17:38:39,257:INFO: Avg Crop Ratio: 0.914
2026-03-25 17:38:39,257:INFO: Avg Distortion Value: 0.921
2026-03-25 17:38:39,257:INFO: Avg Stability Score: 0.442
2026-03-25 17:38:39,366:INFO: Finished...
2026-06-03 15:12:57,484:INFO: Loading Datasets...
2026-06-03 15:12:57,486:INFO: Video Dir: ./data/NUS_dataset/MyTest/original/videos
2026-06-03 15:12:57,486:INFO: Motion Dir: ./data/NUS_dataset/MyTest/original/motions/mesh
2026-06-03 15:12:57,486:INFO: Fetch Evaluate Dataloaders...
2026-06-03 15:12:57,679:INFO: Loading Deep MeshFlows: ./data/NUS_dataset/MyTest/original/motions/mesh/0.npy
2026-06-03 15:12:57,782:INFO: Total Length: 403
2026-06-03 15:12:57,796:INFO: Loading Pretrained Model From: ./pretrained/pretrained_model.pth.tar
2026-06-03 15:13:39,678:INFO: Starting Evaluation...
2026-06-03 15:13:39,678:INFO: Eval Video: 0
2026-06-03 15:14:25,837:INFO: Crop Ratio: 0.914
2026-06-03 15:14:25,838:INFO: Min Crop Ratio: 0.809
2026-06-03 15:14:25,838:INFO: Distortion Value: 0.921
2026-06-03 15:14:25,839:INFO: Stability Score: 0.442
2026-06-03 15:14:25,840:INFO: Avg Crop Ratio: 0.914
2026-06-03 15:14:25,840:INFO: Avg Distortion Value: 0.921
2026-06-03 15:14:25,840:INFO: Avg Stability Score: 0.442
2026-06-03 15:14:25,955:INFO: Finished...
2026-06-03 16:14:50,758:INFO: Loading Datasets...
2026-06-03 16:14:50,758:INFO: Video Dir: ./data/NUS_dataset/MyTest/original/videos
2026-06-03 16:14:50,758:INFO: Motion Dir: ./data/NUS_dataset/MyTest/original/motions/mesh
2026-06-03 16:14:50,758:INFO: Fetch Evaluate Dataloaders...
2026-06-03 16:14:50,763:INFO: Loading Deep MeshFlows: ./data/NUS_dataset/MyTest/original/motions/mesh/0.npy
2026-06-03 16:14:51,097:INFO: Total Length: 9755
2026-06-03 16:14:51,110:INFO: Loading Pretrained Model From: ./pretrained/pretrained_model.pth.tar
2026-06-03 16:15:34,120:INFO: Starting Evaluation...
2026-06-03 16:15:34,121:INFO: Eval Video: 0
2026-06-04 09:28:01,815:INFO: Loading Datasets...
2026-06-04 09:28:01,816:INFO: Video Dir: ./data/NUS_dataset/MyTest/original/videos
2026-06-04 09:28:01,816:INFO: Motion Dir: ./data/NUS_dataset/MyTest/original/motions/mesh
2026-06-04 09:28:01,816:INFO: Fetch Evaluate Dataloaders...
2026-06-04 09:28:02,021:INFO: Loading Deep MeshFlows: ./data/NUS_dataset/MyTest/original/motions/mesh/0.npy
2026-06-04 09:28:02,853:INFO: Total Length: 9755
2026-06-04 09:28:02,859:INFO: Loading Pretrained Model From: ./pretrained/pretrained_model.pth.tar
2026-06-04 09:28:42,822:INFO: Starting Evaluation...
2026-06-04 09:28:42,823:INFO: Eval Video: 0
2026-07-09 10:29:01,672:INFO: Loading Datasets...
2026-07-09 10:29:01,673:INFO: Video Dir: ./data/NUS_dataset/MyTest/original/videos
2026-07-09 10:29:01,673:INFO: Motion Dir: ./data/NUS_dataset/MyTest/original/motions/mesh
2026-07-09 10:29:01,673:INFO: Fetch Evaluate Dataloaders...
2026-07-09 10:29:01,695:INFO: Loading Deep MeshFlows: ./data/NUS_dataset/MyTest/original/motions/mesh/0.npy
2026-07-09 10:29:02,196:INFO: Total Length: 9755
2026-07-09 10:29:02,207:INFO: Loading Pretrained Model From: ./pretrained/pretrained_model.pth.tar
2026-07-09 10:29:26,918:INFO: Starting Evaluation...
2026-07-09 10:29:26,919:INFO: Eval Video: 0
2026-07-09 10:32:23,718:INFO: Loading Datasets...
2026-07-09 10:32:23,718:INFO: Video Dir: ./data/NUS_dataset/MyTest/original/videos
2026-07-09 10:32:23,718:INFO: Motion Dir: ./data/NUS_dataset/MyTest/original/motions/mesh
2026-07-09 10:32:23,718:INFO: Fetch Evaluate Dataloaders...
2026-07-09 10:32:23,723:INFO: Loading Deep MeshFlows: ./data/NUS_dataset/MyTest/original/motions/mesh/0.npy
2026-07-09 10:32:23,758:INFO: Total Length: 9755
2026-07-09 10:32:23,761:INFO: Loading Pretrained Model From: ./pretrained/pretrained_model.pth.tar
2026-07-09 10:32:40,555:INFO: Starting Evaluation...
2026-07-09 10:32:40,556:INFO: Eval Video: 0
2026-07-09 11:38:28,030:INFO: Loading Datasets...
2026-07-09 11:38:28,031:INFO: Video Dir: ./data/NUS_dataset/MyTest/original/videos
2026-07-09 11:38:28,031:INFO: Motion Dir: ./data/NUS_dataset/MyTest/original/motions/mesh
2026-07-09 11:38:28,031:INFO: Fetch Evaluate Dataloaders...
2026-07-09 11:38:28,041:INFO: Loading Deep MeshFlows: ./data/NUS_dataset/MyTest/original/motions/mesh/0.npy
2026-07-09 11:38:28,194:INFO: Total Length: 9755
2026-07-09 11:38:28,199:INFO: Loading Pretrained Model From: ./pretrained/pretrained_model.pth.tar
2026-07-09 11:38:55,962:INFO: Starting Evaluation...
2026-07-09 11:38:55,962:INFO: Eval Video: 0
2026-07-09 11:47:07,078:INFO: Loading Datasets...
2026-07-09 11:47:07,078:INFO: Video Dir: ./data/NUS_dataset/MyTest/original/videos
2026-07-09 11:47:07,078:INFO: Motion Dir: ./data/NUS_dataset/MyTest/original/motions/mesh
2026-07-09 11:47:07,078:INFO: Fetch Evaluate Dataloaders...
2026-07-09 11:47:07,083:INFO: Loading Deep MeshFlows: ./data/NUS_dataset/MyTest/original/motions/mesh/0.npy
2026-07-09 11:47:07,104:INFO: Total Length: 1770
2026-07-09 11:47:07,107:INFO: Loading Pretrained Model From: ./pretrained/pretrained_model.pth.tar
2026-07-09 11:47:23,076:INFO: Starting Evaluation...
2026-07-09 11:47:23,077:INFO: Eval Video: 0
2026-07-09 11:50:22,642:INFO: Crop Ratio: 0.971
2026-07-09 11:50:22,642:INFO: Min Crop Ratio: 0.911
2026-07-09 11:50:22,642:INFO: Distortion Value: 0.946
2026-07-09 11:50:22,643:INFO: Stability Score: 0.806
2026-07-09 11:50:22,643:INFO: Avg Crop Ratio: 0.971
2026-07-09 11:50:22,643:INFO: Avg Distortion Value: 0.946
2026-07-09 11:50:22,643:INFO: Avg Stability Score: 0.806
2026-07-09 11:50:23,031:INFO: Finished...
2026-07-10 10:29:05,305:INFO: Loading Datasets...
2026-07-10 10:29:05,306:INFO: Video Dir: ./data/NUS_dataset/MyTest/original/videos
2026-07-10 10:29:05,306:INFO: Motion Dir: ./data/NUS_dataset/MyTest/original/motions/mesh
2026-07-10 10:29:05,306:INFO: Fetch Evaluate Dataloaders...
2026-07-10 10:29:05,309:INFO: Loading Deep MeshFlows: ./data/NUS_dataset/MyTest/original/motions/mesh/0.npy
2026-07-10 10:29:05,323:INFO: Total Length: 1769
2026-07-10 10:29:05,324:INFO: Loading Pretrained Model From: ./pretrained/pretrained_model.pth.tar
2026-07-10 10:29:17,221:INFO: Starting Evaluation...
2026-07-10 10:29:17,221:INFO: Eval Video: 0
2026-07-10 10:29:51,798:INFO: Crop Ratio: 0.963
2026-07-10 10:29:51,798:INFO: Min Crop Ratio: 0.868
2026-07-10 10:29:51,798:INFO: Distortion Value: 0.925
2026-07-10 10:29:51,798:INFO: Stability Score: 0.884
2026-07-10 10:29:51,798:INFO: Avg Crop Ratio: 0.963
2026-07-10 10:29:51,798:INFO: Avg Distortion Value: 0.925
2026-07-10 10:29:51,798:INFO: Avg Stability Score: 0.884
2026-07-10 10:29:52,051:INFO: Finished...
