timestamp_ms,x,y,z
1778672357831,0.33518823981285095,9.950302124023438,0.2298433631658554
1778672357864,-0.31603461503982544,9.835380554199219,-0.15322890877723694
1778672357875,-0.12449848651885986,9.797073364257812,0.2777273952960968
1778672357902,-0.4118026793003082,9.806650161743164,-0.019153613597154617
1778672357915,-0.47884035110473633,9.873687744140625,-0.07661445438861847
1778672357949,-0.40222588181495667,9.892841339111328,0.2777273952960968
1778672357955,-0.49799394607543945,9.835380554199219,-0.09576806426048279
1778672357981,-0.4884171485900879,9.825803756713867,0.4596867263317108
1778672357995,-0.3926490843296051,9.873687744140625,-0.15322890877723694
1778672358022,-0.6129156351089478,9.998186111450195,0.17238251864910126
1778672358036,-0.4118026793003082,9.864110946655273,0.4213795065879822
1778672358063,-0.5937620401382446,9.825803756713867,-0.047884032130241394
1778672358075,-0.3256114423274994,9.806650161743164,0.24899697303771973
1778672358101,-0.35434186458587646,9.864110946655273,0.33518823981285095
1778672358116,-0.3734954595565796,9.921571731567383,0.2106897532939911
1778672358141,-0.2968810200691223,9.835380554199219,0.45010992884635925
1778672358156,-0.3447650372982025,9.835380554199219,-0.26815059781074524
1778672358183,-0.23942017555236816,9.950302124023438,0.5841852426528931
1778672358195,-0.12449848651885986,9.911994934082031,-0.10534487664699554
1778672358221,-0.22026655077934265,9.931148529052734,0.07661445438861847
1778672358236,-0.08619125932455063,9.854534149169922,0.2585737705230713
1778672358263,-0.4118026793003082,9.892841339111328,-0.12449848651885986
1778672358275,-0.19153612852096558,9.873687744140625,0.17238251864910126
1778672358303,-0.24899697303771973,9.921571731567383,-0.181959331035614
1778672358317,-0.5363011956214905,9.787496566772461,0.10534487664699554
1778672358342,-0.33518823981285095,9.873687744140625,0.35434186458587646
1778672358356,-0.3734954595565796,9.84495735168457,-0.019153613597154617
1778672358383,-0.5650315880775452,9.911994934082031,0.24899697303771973
1778672358397,-0.5267243981361389,9.90241813659668,-0.26815059781074524
1778672358423,-0.5171475410461426,9.873687744140625,0.14365209639072418
1778672358435,-0.6224924325942993,9.90241813659668,0.10534487664699554
1778672358462,-0.6129156351089478,9.835380554199219,-0.19153612852096558
1778672358475,-0.6129156351089478,9.873687744140625,0.2968810200691223
1778672358502,-0.5937620401382446,9.797073364257812,0.13407529890537262
1778672358516,-0.6320692300796509,9.911994934082031,0.1628057211637497
1778672358541,-0.6512228846549988,9.931148529052734,0.1628057211637497
1778672358555,-0.6129156351089478,9.892841339111328,0.038307227194309235
1778672358583,-0.5937620401382446,9.873687744140625,0.5841852426528931
1778672358597,-0.7086837291717529,9.931148529052734,-0.15322890877723694
1778672358622,-0.4596867263317108,9.883264541625977,0.19153612852096558
1778672358636,-0.6224924325942993,9.864110946655273,0.22026655077934265
1778672358664,-0.4884171485900879,9.797073364257812,0.05746084079146385
1778672358676,-0.6607996821403503,9.77791976928711,0.1628057211637497
1778672358702,-0.7086837291717529,9.825803756713867,0.0
1778672358716,-0.4213795065879822,9.921571731567383,0.2106897532939911
1778672358741,-0.6129156351089478,9.873687744140625,0.14365209639072418
1778672358756,-0.545877993106842,9.90241813659668,-0.1149216815829277
1778672358782,-0.4884171485900879,9.940725326538086,0.5267243981361389
1778672358797,-0.6320692300796509,9.90241813659668,-0.23942017555236816
1778672358821,-0.4596867263317108,9.950302124023438,0.1628057211637497
1778672358835,-0.45010992884635925,9.84495735168457,0.009576806798577309
1778672358862,-0.40222588181495667,9.892841339111328,-0.17238251864910126
1778672358875,-0.4596867263317108,9.911994934082031,0.2777273952960968
1778672358902,-0.4884171485900879,9.911994934082031,-0.23942017555236816
1778672358916,-0.2777273952960968,9.90241813659668,0.19153612852096558
1778672358943,-0.43095630407333374,9.854534149169922,0.08619125932455063
1778672358955,-0.40222588181495667,9.950302124023438,-0.047884032130241394
1778672358982,-0.23942017555236816,9.787496566772461,0.363918662071228
1778672358996,-0.3734954595565796,9.797073364257812,-0.028730420395731926
1778672359022,-0.13407529890537262,9.854534149169922,0.19153612852096558
1778672359035,-0.2968810200691223,9.931148529052734,-0.09576806426048279
1778672359062,-0.08619125932455063,9.931148529052734,-0.19153612852096558
1778672359075,-0.20111294090747833,9.883264541625977,0.40222588181495667
1778672359103,-0.22026655077934265,9.873687744140625,-0.15322890877723694
1778672359115,-0.009576806798577309,9.979032516479492,0.43095630407333374
1778672359142,-0.14365209639072418,9.873687744140625,0.05746084079146385
1778672359156,-0.009576806798577309,9.940725326538086,0.20111294090747833
1778672359182,-0.028730420395731926,9.873687744140625,0.6129156351089478
1778672359197,-0.10534487664699554,9.873687744140625,-0.2968810200691223
1778672359223,0.1628057211637497,9.806650161743164,0.19153612852096558
1778672359237,-0.05746084079146385,9.825803756713867,-0.028730420395731926
1778672359263,0.1149216815829277,9.873687744140625,0.038307227194309235
1778672359275,0.15322890877723694,9.864110946655273,0.363918662071228
1778672359301,0.08619125932455063,9.835380554199219,-0.2585737705230713
1778672359315,0.40222588181495667,9.84495735168457,0.4405331015586853
1778672359342,0.22026655077934265,9.730035781860352,0.08619125932455063
1778672359357,0.181959331035614,9.806650161743164,0.45010992884635925
1778672359382,0.4405331015586853,9.797073364257812,0.2106897532939911
1778672359396,0.4118026793003082,9.835380554199219,-0.009576806798577309
1778672359425,0.6224924325942993,9.90241813659668,0.2968810200691223
1778672359435,0.4596867263317108,9.864110946655273,0.12449848651885986
1778672359462,0.507570743560791,9.787496566772461,-0.019153613597154617
1778672359475,0.6224924325942993,9.816226959228516,0.35434186458587646
1778672359502,0.4884171485900879,9.825803756713867,0.1149216815829277
1778672359518,0.7086837291717529,9.84495735168457,0.5267243981361389
1778672359541,0.4884171485900879,9.739612579345703,0.038307227194309235
1778672359555,0.6991068720817566,9.892841339111328,0.4118026793003082
1778672359582,0.7182605266571045,9.84495735168457,0.3256114423274994
1778672359596,0.6033388376235962,9.816226959228516,-0.047884032130241394
1778672359622,0.8140285611152649,9.768342971801758,0.45010992884635925
1778672359636,0.7757213711738586,9.816226959228516,0.019153613597154617
1778672359662,0.8331822156906128,9.96945571899414,0.2298433631658554
1778672359675,0.871489405632019,9.825803756713867,0.6224924325942993
1778672359702,0.8044517636299133,9.758766174316406,0.1628057211637497
1778672359715,1.0821791887283325,9.816226959228516,0.43095630407333374
1778672359741,0.9481038451194763,9.883264541625977,0.10534487664699554
1778672359756,1.0055646896362305,9.883264541625977,0.3734954595565796
1778672359782,0.9672574996948242,9.739612579345703,0.28730419278144836
1778672359796,1.0342950820922852,9.797073364257812,0.19153612852096558
1778672359822,1.0821791887283325,9.864110946655273,0.3734954595565796
1778672359835,1.0438719987869263,9.825803756713867,0.09576806426048279
1778672359862,1.0342950820922852,9.797073364257812,0.33518823981285095
1778672359875,1.1779472827911377,9.873687744140625,0.31603461503982544
1778672359902,1.0534487962722778,9.873687744140625,0.17238251864910126
1778672359916,1.2066776752471924,9.77791976928711,0.28730419278144836
1778672359941,1.1204863786697388,9.84495735168457,0.26815059781074524
1778672359957,1.1204863786697388,9.816226959228516,0.5267243981361389
1778672359982,1.1492167711257935,9.77791976928711,0.5171475410461426
1778672359995,1.091755986213684,9.787496566772461,0.12449848651885986
1778672360022,1.2066776752471924,9.806650161743164,0.4596867263317108
1778672360035,1.072602391242981,9.720458984375,0.009576806798577309
1778672360064,1.1492167711257935,9.84495735168457,0.43095630407333374
1778672360076,1.2258312702178955,9.806650161743164,0.12449848651885986
1778672360103,1.1492167711257935,9.90241813659668,-0.1149216815829277
1778672360115,1.2641384601593018,9.854534149169922,0.5746083855628967
1778672360141,1.2066776752471924,9.892841339111328,0.17238251864910126
1778672360156,1.235408067703247,9.758766174316406,0.3064578175544739
1778672360183,1.3120225667953491,9.84495735168457,0.38307225704193115
1778672360199,1.2449848651885986,9.864110946655273,0.05746084079146385
1778672360222,1.3311761617660522,9.921571731567383,0.4213795065879822
1778672360237,1.1971008777618408,9.749189376831055,-0.1149216815829277
1778672360263,1.1971008777618408,9.77791976928711,0.3734954595565796
1778672360275,1.2449848651885986,9.864110946655273,0.26815059781074524
1778672360301,1.2641384601593018,9.892841339111328,0.09576806426048279
1778672360315,1.1492167711257935,9.84495735168457,0.28730419278144836
1778672360341,1.1683704853057861,9.825803756713867,0.09576806426048279
1778672360356,1.1013327836990356,9.825803756713867,0.3256114423274994
1778672360382,1.216254472732544,9.883264541625977,0.15322890877723694
1778672360397,1.0821791887283325,9.873687744140625,-0.09576806426048279
1778672360421,1.1875240802764893,9.90241813659668,0.7757213711738586
1778672360436,1.091755986213684,9.84495735168457,-0.08619125932455063
1778672360463,1.158793568611145,9.959878921508789,0.5554547905921936
1778672360475,0.9959878921508789,9.797073364257812,0.43095630407333374
1778672360503,0.9768342971801758,9.787496566772461,0.2106897532939911
1778672360516,1.0055646896362305,9.892841339111328,0.4405331015586853
1778672360541,0.8044517636299133,9.720458984375,0.09576806426048279
1778672360556,0.9481038451194763,9.892841339111328,0.26815059781074524
1778672360584,0.8619126081466675,9.864110946655273,0.2298433631658554
1778672360597,0.9002198576927185,9.864110946655273,0.1149216815829277
1778672360621,0.8906430602073669,9.816226959228516,0.3926490843296051
1778672360635,0.7661445140838623,9.816226959228516,0.009576806798577309
1778672360663,0.9768342971801758,9.835380554199219,0.545877993106842
1778672360675,0.8044517636299133,9.816226959228516,0.14365209639072418
1778672360702,0.7565677165985107,9.806650161743164,0.26815059781074524
1778672360717,0.7757213711738586,9.758766174316406,0.1628057211637497
1778672360742,0.7757213711738586,9.835380554199219,-0.09576806426048279
1778672360755,0.6512228846549988,9.701305389404297,0.3064578175544739
1778672360781,0.7661445140838623,9.911994934082031,-0.15322890877723694
1778672360798,0.6991068720817566,9.873687744140625,0.07661445438861847
1778672360822,0.6416460275650024,9.883264541625977,0.4405331015586853
1778672360835,0.4596867263317108,9.854534149169922,0.038307227194309235
1778672360864,0.7182605266571045,9.825803756713867,0.363918662071228
1778672360876,0.45010992884635925,9.892841339111328,0.047884032130241394
1778672360902,0.5650315880775452,10.007762908935547,0.028730420395731926
1778672360916,0.3734954595565796,9.873687744140625,0.4884171485900879
1778672360975,0.3926490843296051,9.854534149169922,-0.22026655077934265
1778672360977,0.3734954595565796,9.835380554199219,0.24899697303771973
1778672360983,0.3256114423274994,9.749189376831055,0.0
1778672360995,0.40222588181495667,9.883264541625977,0.22026655077934265
1778672361021,0.22026655077934265,9.739612579345703,0.4213795065879822
1778672361036,0.2106897532939911,9.835380554199219,0.019153613597154617
1778672361063,0.4213795065879822,9.921571731567383,0.28730419278144836
1778672361075,0.1149216815829277,9.911994934082031,-0.028730420395731926
1778672361102,0.13407529890537262,9.90241813659668,0.028730420395731926
1778672361116,0.22026655077934265,9.873687744140625,0.3064578175544739
1778672361141,0.05746084079146385,9.892841339111328,0.019153613597154617
1778672361159,0.17238251864910126,9.835380554199219,0.363918662071228
1778672361181,-0.05746084079146385,9.768342971801758,-0.15322890877723694
1778672361195,-0.07661445438861847,9.787496566772461,0.181959331035614
1778672361222,-0.07661445438861847,9.825803756713867,0.2106897532939911
1778672361235,-0.1628057211637497,9.921571731567383,-0.10534487664699554
1778672361264,-0.047884032130241394,9.883264541625977,0.31603461503982544
1778672361275,-0.1628057211637497,9.854534149169922,-0.019153613597154617
1778672361302,-0.14365209639072418,9.959878921508789,0.08619125932455063
1778672361316,-0.15322890877723694,9.854534149169922,0.6512228846549988
1778672361341,-0.35434186458587646,9.806650161743164,-0.12449848651885986
1778672361356,-0.14365209639072418,9.940725326538086,0.45010992884635925
1778672361382,-0.3256114423274994,9.758766174316406,0.06703764945268631
1778672361399,-0.24899697303771973,9.931148529052734,0.05746084079146385
1778672361421,-0.2298433631658554,9.873687744140625,0.13407529890537262
1778672361435,-0.43095630407333374,9.854534149169922,-0.06703764945268631
1778672361465,-0.2585737705230713,9.854534149169922,0.2585737705230713
1778672361475,-0.2585737705230713,9.835380554199219,0.009576806798577309
1778672361502,-0.31603461503982544,9.873687744140625,-0.028730420395731926
1778672361516,-0.31603461503982544,9.911994934082031,0.3926490843296051
1778672361542,-0.4118026793003082,9.854534149169922,-0.20111294090747833
1778672361556,-0.20111294090747833,9.883264541625977,0.1149216815829277
1778672361583,-0.3064578175544739,9.883264541625977,-0.3256114423274994
1778672361597,-0.47884035110473633,9.96945571899414,0.09576806426048279
1778672361622,-0.4405331015586853,9.892841339111328,0.38307225704193115
1778672361635,-0.3926490843296051,9.911994934082031,0.019153613597154617
1778672361666,-0.35434186458587646,9.90241813659668,0.3447650372982025
1778672361675,-0.47884035110473633,9.940725326538086,-0.13407529890537262
1778672361702,-0.49799394607543945,9.950302124023438,0.05746084079146385
1778672361716,-0.38307225704193115,9.90241813659668,0.31603461503982544
1778672361741,-0.5841852426528931,9.84495735168457,-0.2968810200691223
1778672361756,-0.31603461503982544,9.931148529052734,0.10534487664699554
1778672361782,-0.363918662071228,9.84495735168457,0.1149216815829277
1778672361797,-0.545877993106842,9.883264541625977,-0.1149216815829277
1778672361822,-0.35434186458587646,9.806650161743164,0.28730419278144836
1778672361835,-0.5267243981361389,9.90241813659668,-0.19153612852096558
1778672361869,-0.31603461503982544,9.825803756713867,0.22026655077934265
1778672361875,-0.3447650372982025,9.950302124023438,-0.2298433631658554
1778672361901,-0.45010992884635925,9.940725326538086,-0.05746084079146385
1778672361915,-0.3447650372982025,9.825803756713867,0.24899697303771973
1778672361942,-0.40222588181495667,9.797073364257812,-0.181959331035614
1778672361955,-0.2968810200691223,9.873687744140625,0.24899697303771973
1778672361981,-0.33518823981285095,9.816226959228516,-0.14365209639072418
1778672361998,-0.40222588181495667,9.883264541625977,0.14365209639072418
1778672362021,-0.2585737705230713,9.787496566772461,0.3256114423274994
1778672362036,-0.3064578175544739,9.892841339111328,-0.06703764945268631
1778672362063,-0.26815059781074524,9.854534149169922,0.4118026793003082
1778672362076,-0.20111294090747833,9.90241813659668,-0.05746084079146385
1778672362101,-0.24899697303771973,9.873687744140625,0.0
1778672362116,-0.2777273952960968,9.883264541625977,0.28730419278144836
1778672362141,-0.2585737705230713,9.921571731567383,-0.3064578175544739
1778672362156,-0.10534487664699554,9.864110946655273,0.3447650372982025
1778672362181,-0.10534487664699554,9.739612579345703,0.17238251864910126
1778672362196,-0.181959331035614,9.911994934082031,-0.047884032130241394
1778672362222,-0.019153613597154617,9.90241813659668,0.3256114423274994
1778672362235,-0.08619125932455063,9.950302124023438,0.019153613597154617
1778672362265,0.038307227194309235,9.911994934082031,0.17238251864910126
1778672362275,0.019153613597154617,9.864110946655273,-0.2585737705230713
1778672362302,-0.009576806798577309,9.940725326538086,0.22026655077934265
1778672362316,-0.019153613597154617,9.816226959228516,0.15322890877723694
1778672362342,0.047884032130241394,9.921571731567383,-0.06703764945268631
1778672362355,0.09576806426048279,9.835380554199219,0.1628057211637497
1778672362381,0.08619125932455063,9.940725326538086,-0.10534487664699554
1778672362398,0.0,9.84495735168457,0.07661445438861847
1778672362422,0.019153613597154617,9.864110946655273,0.3926490843296051
1778672362436,0.1628057211637497,9.854534149169922,-0.1628057211637497
1778672362464,0.23942017555236816,9.911994934082031,0.5363011956214905
1778672362475,0.19153612852096558,9.84495735168457,0.038307227194309235
1778672362502,0.3256114423274994,9.940725326538086,0.24899697303771973
1778672362516,0.24899697303771973,9.816226959228516,0.3256114423274994
1778672362541,0.19153612852096558,9.90241813659668,0.13407529890537262
1778672362556,0.4213795065879822,9.950302124023438,0.19153612852096558
1778672362583,0.33518823981285095,9.940725326538086,0.047884032130241394
1778672362598,0.2585737705230713,9.825803756713867,0.09576806426048279
1778672362622,0.3447650372982025,9.835380554199219,0.3734954595565796
1778672362636,0.45010992884635925,9.787496566772461,0.0
1778672362664,0.5171475410461426,9.84495735168457,0.4596867263317108
1778672362676,0.4884171485900879,9.854534149169922,0.009576806798577309
1778672362703,0.5554547905921936,9.931148529052734,0.4405331015586853
1778672362715,0.45010992884635925,9.749189376831055,0.1149216815829277
1778672362741,0.5937620401382446,9.864110946655273,-0.28730419278144836
1778672362755,0.6703764796257019,9.873687744140625,0.47884035110473633
1778672362783,0.5650315880775452,9.950302124023438,-0.06703764945268631
1778672362797,0.6991068720817566,9.797073364257812,0.35434186458587646
1778672362822,0.5841852426528931,9.768342971801758,0.3064578175544739
1778672362835,0.6703764796257019,9.835380554199219,-0.047884032130241394
1778672362862,0.7565677165985107,9.864110946655273,0.5554547905921936
1778672362875,0.6512228846549988,9.825803756713867,0.07661445438861847
1778672362902,0.8236053586006165,9.806650161743164,0.3926490843296051
1778672362915,0.8236053586006165,9.84495735168457,0.20111294090747833
1778672362942,0.8140285611152649,9.825803756713867,0.07661445438861847
1778672362956,1.0438719987869263,9.883264541625977,0.38307225704193115
1778672362982,0.7948749661445618,9.77791976928711,0.09576806426048279
1778672362997,0.9002198576927185,9.854534149169922,0.09576806426048279
1778672363022,0.9193734526634216,9.77791976928711,0.15322890877723694
1778672363035,0.8140285611152649,9.854534149169922,-0.24899697303771973
1778672363064,1.0438719987869263,9.835380554199219,0.3926490843296051
1778672363075,0.8140285611152649,9.797073364257812,-0.019153613597154617
1778672363101,0.9864110946655273,9.950302124023438,0.26815059781074524
1778672363115,1.0342950820922852,9.883264541625977,0.19153612852096558
1778672363142,1.0247182846069336,9.797073364257812,0.0
1778672363155,1.1013327836990356,9.797073364257812,0.5650315880775452
1778672363181,1.0247182846069336,9.825803756713867,-0.15322890877723694
1778672363196,1.216254472732544,9.883264541625977,0.3447650372982025
1778672363222,1.1109095811843872,9.758766174316406,0.0
1778672363236,1.1013327836990356,9.864110946655273,0.06703764945268631
1778672363262,1.091755986213684,9.825803756713867,0.5267243981361389
1778672363275,0.9768342971801758,9.84495735168457,0.047884032130241394
1778672363303,1.1204863786697388,9.816226959228516,0.31603461503982544
1778672363315,1.1013327836990356,9.720458984375,0.5554547905921936
1778672363343,1.0630255937576294,9.864110946655273,-0.05746084079146385
1778672363356,1.1875240802764893,9.84495735168457,0.5937620401382446
1778672363382,1.0438719987869263,9.768342971801758,0.07661445438861847
1778672363397,1.0630255937576294,9.84495735168457,0.1628057211637497
1778672363421,1.072602391242981,9.758766174316406,0.38307225704193115
1778672363435,0.9768342971801758,9.806650161743164,0.1628057211637497
1778672363463,1.2066776752471924,9.873687744140625,0.49799394607543945
1778672363480,0.9481038451194763,9.959878921508789,0.17238251864910126
1778672363501,1.1013327836990356,9.77791976928711,0.38307225704193115
1778672363515,1.091755986213684,9.806650161743164,0.5746083855628967
1778672363542,1.0821791887283325,9.873687744140625,-0.028730420395731926
1778672363556,1.1109095811843872,9.84495735168457,0.4213795065879822
1778672363581,0.8427590131759644,9.77791976928711,-0.06703764945268631
1778672363599,1.1875240802764893,9.825803756713867,0.40222588181495667
1778672363622,0.9768342971801758,9.835380554199219,0.3447650372982025
1778672363636,0.9959878921508789,9.84495735168457,0.1149216815829277
1778672363664,0.9481038451194763,9.806650161743164,0.38307225704193115
1778672363677,0.9002198576927185,9.90241813659668,0.028730420395731926
1778672363701,0.9289502501487732,9.931148529052734,0.10534487664699554
1778672363716,1.072602391242981,9.931148529052734,0.09576806426048279
1778672363743,0.8044517636299133,9.921571731567383,0.019153613597154617
1778672363756,0.9672574996948242,9.883264541625977,0.6416460275650024
1778672363781,0.8044517636299133,9.77791976928711,0.15322890877723694
1778672363798,0.8331822156906128,9.873687744140625,0.4213795065879822
1778672363822,0.8331822156906128,9.84495735168457,0.2298433631658554
1778672363835,0.8331822156906128,9.84495735168457,-0.12449848651885986
1778672363862,0.8619126081466675,9.816226959228516,0.4118026793003082
1778672363875,0.7086837291717529,9.921571731567383,-0.05746084079146385
1778672363902,0.8236053586006165,9.873687744140625,0.12449848651885986
1778672363915,0.7852981686592102,9.873687744140625,0.2968810200691223
1778672363942,0.6703764796257019,9.84495735168457,-0.05746084079146385
1778672363955,0.8044517636299133,9.90241813659668,0.4884171485900879
1778672363982,0.6033388376235962,9.816226959228516,-0.05746084079146385
1778672363996,0.6129156351089478,9.797073364257812,0.3926490843296051
1778672364022,0.6129156351089478,9.816226959228516,0.019153613597154617
1778672364036,0.40222588181495667,9.921571731567383,-0.047884032130241394
1778672364063,0.5841852426528931,9.825803756713867,0.3447650372982025
1778672364076,0.5363011956214905,9.883264541625977,0.06703764945268631
1778672364102,0.35434186458587646,9.84495735168457,0.2106897532939911
1778672364115,0.49799394607543945,9.883264541625977,0.3256114423274994
1778672364142,0.2777273952960968,9.864110946655273,0.0
1778672364155,0.3926490843296051,9.84495735168457,0.31603461503982544
1778672364183,0.33518823981285095,9.950302124023438,0.038307227194309235
1778672364197,0.3447650372982025,9.921571731567383,0.24899697303771973
1778672364222,0.3064578175544739,9.816226959228516,0.31603461503982544
1778672364236,0.24899697303771973,9.816226959228516,-0.26815059781074524
1778672364263,0.35434186458587646,9.806650161743164,0.33518823981285095
1778672364275,0.2585737705230713,9.835380554199219,0.019153613597154617
1778672364301,0.2777273952960968,9.864110946655273,0.38307225704193115
1778672364315,0.17238251864910126,9.825803756713867,0.019153613597154617
1778672364342,0.22026655077934265,9.911994934082031,-0.047884032130241394
1778672364356,0.1628057211637497,9.816226959228516,0.33518823981285095
1778672364382,0.009576806798577309,9.892841339111328,-0.06703764945268631
1778672364397,0.028730420395731926,9.864110946655273,0.23942017555236816
1778672364422,0.17238251864910126,9.892841339111328,-0.15322890877723694
1778672364435,-0.06703764945268631,9.921571731567383,-0.009576806798577309
1778672364462,0.038307227194309235,9.90241813659668,0.4118026793003082
1778672364478,-0.047884032130241394,9.758766174316406,0.038307227194309235
1778672364513,0.009576806798577309,9.90241813659668,0.33518823981285095
1778672364516,0.009576806798577309,9.892841339111328,0.2298433631658554
1778672364541,-0.08619125932455063,9.911994934082031,0.2298433631658554
1778672364556,-0.17238251864910126,9.787496566772461,0.4405331015586853
1778672364582,-0.1628057211637497,9.883264541625977,-0.13407529890537262
1778672364595,-0.06703764945268631,9.921571731567383,0.3447650372982025
1778672364622,-0.1149216815829277,9.84495735168457,0.2106897532939911
1778672364635,-0.07661445438861847,9.84495735168457,-0.019153613597154617
1778672364664,-0.14365209639072418,9.883264541625977,0.35434186458587646
1778672364675,-0.15322890877723694,9.931148529052734,-0.15322890877723694
1778672364702,-0.038307227194309235,9.931148529052734,0.33518823981285095
1778672364715,-0.15322890877723694,9.84495735168457,-0.06703764945268631
1778672364742,-0.07661445438861847,9.998186111450195,-0.1149216815829277
1778672364756,-0.20111294090747833,9.710882186889648,0.26815059781074524
1778672364782,-0.35434186458587646,9.864110946655273,0.028730420395731926
1778672364799,-0.14365209639072418,9.911994934082031,0.45010992884635925
1778672364821,-0.2585737705230713,9.739612579345703,0.0
1778672364839,-0.13407529890537262,9.90241813659668,-0.10534487664699554
1778672364864,-0.28730419278144836,9.84495735168457,0.363918662071228
1778672364877,-0.3064578175544739,9.864110946655273,-0.1149216815829277
1778672364901,-0.13407529890537262,9.96945571899414,0.4596867263317108
1778672364916,-0.3926490843296051,9.84495735168457,0.028730420395731926
1778672364942,-0.26815059781074524,9.90241813659668,0.15322890877723694
1778672364955,-0.40222588181495667,9.787496566772461,0.31603461503982544
1778672364981,-0.3926490843296051,9.90241813659668,0.047884032130241394
1778672364998,-0.15322890877723694,9.854534149169922,0.507570743560791
1778672365022,-0.3256114423274994,9.806650161743164,0.14365209639072418
1778672365036,-0.181959331035614,9.940725326538086,-0.15322890877723694
1778672365063,-0.24899697303771973,9.892841339111328,0.3256114423274994
1778672365075,-0.3734954595565796,9.883264541625977,0.06703764945268631
1778672365102,-0.08619125932455063,9.90241813659668,0.47884035110473633
1778672365115,-0.2585737705230713,9.825803756713867,0.07661445438861847
1778672365142,-0.26815059781074524,9.911994934082031,0.2106897532939911
1778672365156,-0.10534487664699554,9.90241813659668,0.1149216815829277
1778672365182,-0.3926490843296051,9.672574996948242,-0.08619125932455063
1778672365196,-0.08619125932455063,9.825803756713867,0.3926490843296051
1778672365222,-0.2298433631658554,9.90241813659668,-0.14365209639072418
1778672365235,-0.10534487664699554,9.892841339111328,0.05746084079146385
1778672365262,-0.07661445438861847,9.816226959228516,0.22026655077934265
1778672365276,-0.23942017555236816,9.892841339111328,-0.09576806426048279
1778672365301,-0.12449848651885986,9.979032516479492,0.35434186458587646
1778672365315,-0.20111294090747833,9.835380554199219,0.1628057211637497
1778672365341,-0.12449848651885986,9.988609313964844,0.0
1778672365355,-0.12449848651885986,9.892841339111328,0.15322890877723694
1778672365382,-0.05746084079146385,9.979032516479492,-0.10534487664699554
1778672365396,-0.009576806798577309,9.892841339111328,0.4213795065879822
1778672365422,0.019153613597154617,9.90241813659668,-0.2106897532939911
1778672365435,0.038307227194309235,9.873687744140625,-0.08619125932455063
1778672365465,-0.009576806798577309,9.825803756713867,0.33518823981285095
1778672365477,-0.10534487664699554,9.797073364257812,-0.13407529890537262
1778672365502,0.13407529890537262,9.911994934082031,0.2298433631658554
1778672365517,-0.05746084079146385,9.892841339111328,-0.019153613597154617
1778672365541,0.047884032130241394,9.854534149169922,0.009576806798577309
1778672365557,0.10534487664699554,9.873687744140625,0.009576806798577309
1778672365581,0.019153613597154617,9.806650161743164,-0.12449848651885986
1778672365597,0.19153612852096558,9.892841339111328,0.28730419278144836
1778672365621,0.15322890877723694,9.806650161743164,0.22026655077934265
1778672365635,0.09576806426048279,9.90241813659668,0.019153613597154617
1778672365663,0.1149216815829277,9.758766174316406,0.38307225704193115
1778672365676,0.2106897532939911,9.90241813659668,0.13407529890537262
1778672365701,0.2968810200691223,9.864110946655273,0.49799394607543945
1778672365715,0.363918662071228,9.797073364257812,0.22026655077934265
1778672365741,0.26815059781074524,9.797073364257812,0.047884032130241394
1778672365756,0.45010992884635925,9.816226959228516,0.6703764796257019
1778672365783,0.4213795065879822,9.864110946655273,-0.05746084079146385
1778672365795,0.4405331015586853,9.883264541625977,0.4692635238170624
1778672365821,0.38307225704193115,9.797073364257812,0.3926490843296051
1778672365835,0.38307225704193115,9.84495735168457,0.028730420395731926
1778672365862,0.5363011956214905,9.864110946655273,0.35434186458587646
1778672365875,0.28730419278144836,9.758766174316406,0.15322890877723694
1778672365902,0.6129156351089478,9.758766174316406,0.3256114423274994
1778672365915,0.5841852426528931,9.816226959228516,-0.15322890877723694
1778672365942,0.6607996821403503,9.931148529052734,0.0
1778672365955,0.6320692300796509,9.854534149169922,0.4405331015586853
1778672365981,0.4596867263317108,9.768342971801758,-0.06703764945268631
1778672365995,0.5554547905921936,9.873687744140625,0.33518823981285095
1778672366027,0.6416460275650024,9.84495735168457,0.06703764945268631
1778672366035,0.5554547905921936,9.816226959228516,0.24899697303771973
1778672366062,0.6991068720817566,9.730035781860352,0.33518823981285095
1778672366075,0.6799532771110535,9.854534149169922,0.038307227194309235
1778672366101,0.7469909191131592,9.77791976928711,0.4118026793003082
1778672366116,0.7469909191131592,9.806650161743164,0.33518823981285095
1778672366141,0.7469909191131592,9.883264541625977,-0.047884032130241394
1778672366155,0.8140285611152649,9.979032516479492,0.5746083855628967
1778672366181,0.6129156351089478,9.816226959228516,0.0
1778672366198,0.871489405632019,9.979032516479492,0.6320692300796509
1778672366222,0.8331822156906128,9.90241813659668,0.1149216815829277
1778672366235,0.7852981686592102,9.921571731567383,0.17238251864910126
1778672366262,0.8810662031173706,9.816226959228516,0.5267243981361389
1778672366284,0.7182605266571045,9.768342971801758,0.1628057211637497
1778672366301,0.7661445140838623,9.864110946655273,0.35434186458587646
1778672366315,0.7852981686592102,9.883264541625977,0.1149216815829277
1778672366344,0.871489405632019,10.007762908935547,0.028730420395731926
1778672366355,0.9097966551780701,9.873687744140625,0.3734954595565796
1778672366382,0.8523358106613159,9.864110946655273,-0.028730420395731926
1778672366399,0.8427590131759644,9.979032516479492,0.43095630407333374
1778672366422,0.9002198576927185,9.797073364257812,0.2585737705230713
1778672366437,0.9097966551780701,9.854534149169922,0.09576806426048279
1778672366465,0.9193734526634216,9.77791976928711,0.20111294090747833
1778672366475,0.9097966551780701,9.921571731567383,-0.009576806798577309
1778672366502,0.9481038451194763,9.950302124023438,0.43095630407333374
1778672366517,0.9193734526634216,9.77791976928711,0.31603461503982544
1778672366542,0.9385270476341248,9.835380554199219,-0.06703764945268631
1778672366557,1.0247182846069336,9.911994934082031,0.7757213711738586
1778672366583,0.9097966551780701,9.921571731567383,-0.12449848651885986
1778672366597,1.0821791887283325,9.864110946655273,0.5937620401382446
1778672366622,0.9097966551780701,9.768342971801758,0.2298433631658554
1778672366636,0.9959878921508789,9.864110946655273,0.12449848651885986
1778672366664,0.9672574996948242,9.816226959228516,0.43095630407333374
1778672366676,0.9193734526634216,9.84495735168457,-0.14365209639072418
1778672366702,0.9481038451194763,9.96945571899414,0.3447650372982025
1778672366715,0.9864110946655273,9.873687744140625,0.10534487664699554
1778672366743,1.0821791887283325,9.84495735168457,0.1628057211637497
1778672366756,0.9385270476341248,9.816226959228516,0.33518823981285095
1778672366782,0.9289502501487732,9.710882186889648,-0.019153613597154617
1778672366796,0.9576807022094727,9.854534149169922,0.3447650372982025
1778672366822,0.9576807022094727,9.806650161743164,0.28730419278144836
1778672366835,0.9097966551780701,9.892841339111328,-0.038307227194309235
1778672366863,0.9002198576927185,9.873687744140625,0.4213795065879822
1778672366875,0.9385270476341248,9.835380554199219,-0.14365209639072418
1778672366902,0.9481038451194763,9.816226959228516,0.3256114423274994
1778672366915,0.8523358106613159,9.758766174316406,0.24899697303771973
1778672366941,0.871489405632019,9.787496566772461,0.05746084079146385
1778672366955,0.8906430602073669,9.911994934082031,0.4884171485900879
1778672366982,0.8331822156906128,9.797073364257812,-0.2106897532939911
1778672366996,0.9385270476341248,9.768342971801758,0.38307225704193115
1778672367022,0.727837324142456,9.797073364257812,0.3926490843296051
1778672367035,0.8044517636299133,9.835380554199219,0.047884032130241394
1778672367063,0.8523358106613159,9.787496566772461,0.507570743560791
1778672367075,0.6703764796257019,9.84495735168457,0.22026655077934265
1778672367102,0.7086837291717529,9.950302124023438,0.10534487664699554
1778672367115,0.7757213711738586,9.835380554199219,0.1628057211637497
1778672367142,0.689530074596405,9.854534149169922,0.10534487664699554
1778672367156,0.7757213711738586,9.931148529052734,0.507570743560791
1778672367182,0.5554547905921936,9.787496566772461,0.028730420395731926
1778672367202,0.727837324142456,9.854534149169922,0.3256114423274994
1778672367222,0.6320692300796509,9.787496566772461,0.43095630407333374
1778672367235,0.6224924325942993,9.873687744140625,-0.06703764945268631
1778672367263,0.6607996821403503,9.825803756713867,0.47884035110473633
1778672367275,0.47884035110473633,9.854534149169922,0.047884032130241394
1778672367302,0.6129156351089478,9.921571731567383,0.31603461503982544
1778672367315,0.4405331015586853,9.892841339111328,0.20111294090747833
1778672367342,0.47884035110473633,9.873687744140625,-0.028730420395731926
1778672367356,0.7374141216278076,9.90241813659668,0.7374141216278076
1778672367382,0.43095630407333374,9.873687744140625,0.22026655077934265
1778672367397,0.3734954595565796,9.988609313964844,0.23942017555236816
1778672367422,0.4596867263317108,9.892841339111328,0.5650315880775452
1778672367435,0.3447650372982025,9.873687744140625,-0.028730420395731926
1778672367462,0.28730419278144836,9.950302124023438,0.26815059781074524
1778672367475,0.3256114423274994,9.835380554199219,0.6033388376235962
1778672367503,0.26815059781074524,9.854534149169922,0.09576806426048279
1778672367516,0.2298433631658554,9.883264541625977,0.43095630407333374
1778672367542,0.28730419278144836,9.892841339111328,0.2777273952960968
1778672367555,0.181959331035614,9.950302124023438,-0.13407529890537262
1778672367581,0.3734954595565796,9.940725326538086,0.6703764796257019
1778672367597,0.28730419278144836,9.816226959228516,0.06703764945268631
1778672367623,0.1149216815829277,9.864110946655273,-0.1628057211637497
1778672367636,0.19153612852096558,9.90241813659668,0.4692635238170624
1778672367663,0.12449848651885986,9.77791976928711,0.06703764945268631
1778672367676,0.047884032130241394,9.892841339111328,0.047884032130241394
1778672367702,0.13407529890537262,9.883264541625977,0.4118026793003082
1778672367716,-0.047884032130241394,9.883264541625977,-0.1628057211637497
1778672367741,0.07661445438861847,9.96945571899414,0.3447650372982025
1778672367755,0.15322890877723694,9.931148529052734,0.2585737705230713
1778672367781,0.028730420395731926,9.931148529052734,-0.23942017555236816
1778672367797,0.13407529890537262,9.911994934082031,0.3734954595565796
1778672367822,-0.047884032130241394,9.864110946655273,0.028730420395731926
1778672367835,-0.14365209639072418,9.950302124023438,0.28730419278144836
1778672367862,-0.06703764945268631,9.835380554199219,0.3064578175544739
1778672367876,-0.12449848651885986,9.873687744140625,-0.08619125932455063
1778672367902,-0.038307227194309235,9.864110946655273,0.19153612852096558
1778672367916,0.047884032130241394,9.883264541625977,0.4118026793003082
1778672367942,-0.07661445438861847,9.931148529052734,0.038307227194309235
1778672367956,-0.019153613597154617,9.90241813659668,0.33518823981285095
1778672367982,-0.14365209639072418,9.835380554199219,0.1628057211637497
1778672367995,-0.1628057211637497,9.787496566772461,-0.14365209639072418
1778672368022,-0.05746084079146385,9.90241813659668,0.1628057211637497
1778672368037,-0.1628057211637497,9.835380554199219,0.019153613597154617
1778672368063,-0.1149216815829277,9.883264541625977,0.1149216815829277
1778672368075,-0.13407529890537262,9.749189376831055,0.3447650372982025
1778672368102,-0.2968810200691223,9.979032516479492,-0.20111294090747833
1778672368117,-0.15322890877723694,9.873687744140625,0.22026655077934265
1778672368142,-0.14365209639072418,9.797073364257812,0.2585737705230713
1778672368157,-0.3064578175544739,9.84495735168457,-0.2106897532939911
1778672368182,-0.19153612852096558,9.854534149169922,0.22026655077934265
1778672368196,-0.12449848651885986,9.787496566772461,0.09576806426048279
1778672368222,-0.19153612852096558,9.806650161743164,-0.14365209639072418
1778672368236,-0.1628057211637497,9.84495735168457,0.3256114423274994
1778672368265,-0.12449848651885986,9.835380554199219,-0.08619125932455063
1778672368275,-0.15322890877723694,9.90241813659668,0.028730420395731926
1778672368301,-0.028730420395731926,9.873687744140625,0.38307225704193115
1778672368315,-0.1149216815829277,9.797073364257812,-0.019153613597154617
1778672368342,-0.15322890877723694,9.854534149169922,0.10534487664699554
1778672368358,-0.047884032130241394,9.84495735168457,0.2585737705230713
1778672368381,-0.12449848651885986,9.835380554199219,-0.181959331035614
1778672368396,0.009576806798577309,9.950302124023438,0.363918662071228
1778672368421,-0.009576806798577309,9.825803756713867,0.13407529890537262
1778672368436,0.047884032130241394,9.911994934082031,-0.20111294090747833
1778672368462,-0.009576806798577309,9.90241813659668,0.3447650372982025
1778672368476,-0.14365209639072418,9.84495735168457,-0.07661445438861847
1778672368502,-0.08619125932455063,9.90241813659668,0.07661445438861847
1778672368515,-0.038307227194309235,9.77791976928711,0.2106897532939911
1778672368541,-0.181959331035614,9.768342971801758,-0.09576806426048279
1778672368556,0.009576806798577309,9.931148529052734,0.4884171485900879
1778672368582,-0.06703764945268631,9.730035781860352,0.43095630407333374
1778672368596,-0.019153613597154617,9.940725326538086,-0.14365209639072418
1778672368622,0.14365209639072418,9.883264541625977,0.20111294090747833
1778672368636,0.019153613597154617,9.883264541625977,0.038307227194309235
1778672368662,0.028730420395731926,9.90241813659668,0.14365209639072418
1778672368675,0.181959331035614,9.931148529052734,0.5841852426528931
1778672368702,-0.028730420395731926,9.797073364257812,0.05746084079146385
1778672368716,0.13407529890537262,9.931148529052734,0.12449848651885986
1778672368742,0.1149216815829277,9.873687744140625,0.31603461503982544
1778672368756,0.06703764945268631,9.892841339111328,-0.028730420395731926
1778672368782,0.181959331035614,9.816226959228516,0.363918662071228
1778672368797,0.22026655077934265,9.883264541625977,0.33518823981285095
1778672368822,0.047884032130241394,9.950302124023438,-0.22026655077934265
1778672368837,0.33518823981285095,9.921571731567383,0.47884035110473633
1778672368862,0.17238251864910126,9.816226959228516,0.019153613597154617
1778672368876,0.23942017555236816,9.931148529052734,0.15322890877723694
1778672368905,0.23942017555236816,9.921571731567383,0.3734954595565796
1778672368915,0.2298433631658554,9.921571731567383,0.05746084079146385
1778672368942,0.2298433631658554,9.873687744140625,0.181959331035614
1778672368956,0.4405331015586853,9.892841339111328,0.2968810200691223
1778672368982,0.22026655077934265,9.979032516479492,-0.2585737705230713
1778672368996,0.35434186458587646,10.017339706420898,0.363918662071228
1778672369024,0.38307225704193115,9.835380554199219,-0.009576806798577309
1778672369036,0.3734954595565796,9.883264541625977,0.20111294090747833
1778672369062,0.3447650372982025,9.911994934082031,0.4213795065879822
1778672369075,0.3447650372982025,9.90241813659668,0.019153613597154617
1778672369101,0.38307225704193115,9.950302124023438,0.019153613597154617
1778672369115,0.6033388376235962,9.921571731567383,0.5746083855628967
1778672369141,0.3734954595565796,9.84495735168457,0.07661445438861847
1778672369158,0.4596867263317108,9.854534149169922,0.5746083855628967
1778672369182,0.5171475410461426,9.806650161743164,0.35434186458587646
1778672369198,0.5363011956214905,9.84495735168457,-0.05746084079146385
1778672369222,0.6033388376235962,9.931148529052734,0.2585737705230713
1778672369236,0.6512228846549988,9.816226959228516,0.2106897532939911
1778672369262,0.5267243981361389,9.77791976928711,-0.028730420395731926
1778672369276,0.689530074596405,9.806650161743164,0.4692635238170624
1778672369301,0.4884171485900879,9.816226959228516,-0.038307227194309235
1778672369315,0.6799532771110535,9.864110946655273,0.35434186458587646
1778672369341,0.7469909191131592,9.768342971801758,0.28730419278144836
1778672369360,0.6703764796257019,9.825803756713867,0.019153613597154617
1778672369382,0.7182605266571045,9.768342971801758,0.3447650372982025
1778672369396,0.689530074596405,9.806650161743164,0.507570743560791
1778672369422,0.6703764796257019,9.864110946655273,-0.15322890877723694
1778672369435,0.8810662031173706,9.835380554199219,0.45010992884635925
1778672369462,0.727837324142456,9.806650161743164,-0.038307227194309235
1778672369475,0.7469909191131592,9.873687744140625,0.038307227194309235
1778672369502,0.871489405632019,9.797073364257812,0.6224924325942993
1778672369515,0.7374141216278076,9.768342971801758,0.038307227194309235
1778672369542,0.7182605266571045,9.787496566772461,0.31603461503982544
1778672369556,0.9193734526634216,9.84495735168457,0.35434186458587646
1778672369581,0.7852981686592102,9.77791976928711,-0.09576806426048279
1778672369598,0.8906430602073669,9.892841339111328,0.49799394607543945
1778672369622,0.8906430602073669,9.768342971801758,0.38307225704193115
1778672369636,0.9193734526634216,9.77791976928711,-0.08619125932455063
1778672369664,0.9097966551780701,9.749189376831055,0.23942017555236816
1778672369675,0.8236053586006165,9.806650161743164,0.019153613597154617
1778672369701,0.8810662031173706,9.873687744140625,-0.009576806798577309
1778672369716,0.9193734526634216,9.84495735168457,0.2585737705230713
1778672369744,0.8044517636299133,9.84495735168457,-0.009576806798577309
1778672369756,0.9193734526634216,9.892841339111328,0.3064578175544739
1778672369782,0.8619126081466675,9.701305389404297,0.40222588181495667
1778672369795,0.9002198576927185,9.84495735168457,0.0
1778672369823,1.0534487962722778,9.883264541625977,0.3256114423274994
1778672369836,0.8619126081466675,9.892841339111328,0.0
1778672369863,0.9768342971801758,9.835380554199219,0.07661445438861847
1778672369875,1.015141487121582,9.873687744140625,0.6607996821403503
1778672369903,0.8906430602073669,9.691728591918945,0.19153612852096558
1778672369916,0.8427590131759644,9.931148529052734,0.181959331035614
1778672369942,0.8619126081466675,9.90241813659668,0.4884171485900879
1778672369958,0.9097966551780701,9.911994934082031,-0.047884032130241394
1778672369982,0.9481038451194763,9.921571731567383,0.5937620401382446
1778672369995,1.015141487121582,9.825803756713867,0.38307225704193115
1778672370023,0.8331822156906128,9.797073364257812,-0.06703764945268631
1778672370035,0.9576807022094727,9.892841339111328,0.6033388376235962
1778672370062,0.9576807022094727,9.892841339111328,0.19153612852096558
1778672370076,0.8523358106613159,9.825803756713867,-0.009576806798577309
1778672370104,0.8810662031173706,9.864110946655273,0.727837324142456
1778672370116,0.7374141216278076,9.758766174316406,0.19153612852096558
1778672370141,0.8523358106613159,9.835380554199219,0.4118026793003082
1778672370157,0.9672574996948242,9.797073364257812,0.2968810200691223
1778672370181,0.8044517636299133,9.873687744140625,-0.06703764945268631
1778672370196,0.8523358106613159,9.921571731567383,0.40222588181495667
1778672370222,0.8044517636299133,9.825803756713867,0.6033388376235962
1778672370236,0.7757213711738586,9.892841339111328,0.0
1778672370262,0.8427590131759644,9.873687744140625,0.5841852426528931
1778672370275,0.6129156351089478,9.883264541625977,-0.08619125932455063
1778672370301,0.7757213711738586,9.96945571899414,0.1149216815829277
1778672370316,0.7086837291717529,9.835380554199219,0.6799532771110535
1778672370342,0.6320692300796509,9.864110946655273,0.05746084079146385
1778672370357,0.8523358106613159,9.883264541625977,0.45010992884635925
1778672370381,0.5650315880775452,9.816226959228516,0.35434186458587646
1778672370396,0.6224924325942993,9.90241813659668,0.05746084079146385
1778672370422,0.7757213711738586,9.950302124023438,0.40222588181495667
1778672370435,0.6416460275650024,9.873687744140625,0.35434186458587646
1778672370463,0.6224924325942993,9.806650161743164,-0.05746084079146385
1778672370475,0.7565677165985107,9.835380554199219,0.4884171485900879
1778672370502,0.5363011956214905,9.739612579345703,0.14365209639072418
1778672370517,0.5937620401382446,9.892841339111328,0.09576806426048279
1778672370541,0.6033388376235962,9.873687744140625,0.24899697303771973
1778672370557,0.507570743560791,9.797073364257812,-0.019153613597154617
1778672370583,0.4884171485900879,9.84495735168457,0.2968810200691223
1778672370596,0.5554547905921936,9.825803756713867,0.4213795065879822
1778672370624,0.4213795065879822,9.77791976928711,-0.047884032130241394
1778672370635,0.545877993106842,9.873687744140625,0.545877993106842
1778672370662,0.3926490843296051,9.691728591918945,-0.10534487664699554
1778672370675,0.4692635238170624,9.84495735168457,0.12449848651885986
1778672370702,0.363918662071228,9.835380554199219,0.6607996821403503
1778672370715,0.38307225704193115,9.739612579345703,0.13407529890537262
1778672370741,0.35434186458587646,9.816226959228516,0.0
1778672370756,0.4692635238170624,9.816226959228516,0.6033388376235962
1778672370783,0.2968810200691223,9.77791976928711,-0.09576806426048279
1778672370796,0.3064578175544739,9.864110946655273,0.5650315880775452
1778672370822,0.4118026793003082,9.787496566772461,0.19153612852096558
1778672370835,0.2106897532939911,9.816226959228516,-0.10534487664699554
1778672370862,0.363918662071228,9.835380554199219,0.13407529890537262
1778672370877,0.2585737705230713,9.825803756713867,0.038307227194309235
1778672370902,0.2106897532939911,9.864110946655273,-0.10534487664699554
1778672370916,0.2968810200691223,9.84495735168457,0.38307225704193115
1778672370943,0.047884032130241394,9.835380554199219,-0.2585737705230713
1778672370956,0.181959331035614,9.911994934082031,0.15322890877723694
1778672370982,0.08619125932455063,9.691728591918945,0.2968810200691223
1778672370996,0.009576806798577309,9.84495735168457,-0.019153613597154617
1778672371024,0.19153612852096558,9.940725326538086,0.24899697303771973
1778672371035,0.038307227194309235,9.854534149169922,0.3734954595565796
1778672371063,0.047884032130241394,9.873687744140625,0.047884032130241394
1778672371075,0.23942017555236816,9.892841339111328,0.4596867263317108
1778672371104,-0.09576806426048279,9.825803756713867,-0.1628057211637497
1778672371116,0.028730420395731926,9.911994934082031,0.17238251864910126
1778672371141,0.10534487664699554,10.017339706420898,0.6320692300796509
1778672371156,-0.14365209639072418,9.873687744140625,0.07661445438861847
1778672371182,0.07661445438861847,9.873687744140625,0.3447650372982025
1778672371198,-0.019153613597154617,9.892841339111328,0.43095630407333374
1778672371222,-0.10534487664699554,9.873687744140625,-0.12449848651885986
1778672371235,0.019153613597154617,9.864110946655273,0.363918662071228
1778672371264,0.0,9.873687744140625,0.1149216815829277
1778672371275,-0.1149216815829277,9.911994934082031,-0.13407529890537262
1778672371302,0.08619125932455063,9.959878921508789,0.15322890877723694
1778672371316,-0.019153613597154617,9.854534149169922,-0.07661445438861847
1778672371341,-0.009576806798577309,9.854534149169922,-0.009576806798577309
1778672371356,-0.047884032130241394,9.835380554199219,0.33518823981285095
1778672371383,-0.24899697303771973,9.921571731567383,-0.009576806798577309
1778672371396,0.0,9.940725326538086,0.2968810200691223
1778672371423,-0.12449848651885986,9.873687744140625,0.3926490843296051
1778672371436,-0.07661445438861847,9.921571731567383,-0.019153613597154617
1778672371462,-0.038307227194309235,9.90241813659668,0.26815059781074524
1778672371476,-0.07661445438861847,9.940725326538086,-0.14365209639072418
1778672371501,-0.12449848651885986,9.959878921508789,0.09576806426048279
1778672371516,-0.009576806798577309,9.864110946655273,0.6129156351089478
1778672371541,-0.13407529890537262,9.959878921508789,0.181959331035614
1778672371556,-0.12449848651885986,9.979032516479492,0.14365209639072418
1778672371583,-0.06703764945268631,9.825803756713867,0.6129156351089478
1778672371597,-0.17238251864910126,9.883264541625977,-0.019153613597154617
1778672371622,-0.047884032130241394,10.046070098876953,0.4884171485900879
1778672371635,0.009576806798577309,9.90241813659668,0.17238251864910126
1778672371662,-0.12449848651885986,9.90241813659668,0.0
1778672371675,0.038307227194309235,9.921571731567383,0.3926490843296051
1778672371703,0.0,9.84495735168457,-0.019153613597154617
1778672371715,-0.20111294090747833,9.892841339111328,-0.14365209639072418
1778672371742,0.038307227194309235,9.931148529052734,0.4596867263317108
1778672371756,-0.22026655077934265,9.787496566772461,0.019153613597154617
1778672371782,-0.047884032130241394,9.816226959228516,0.35434186458587646
1778672371798,-0.038307227194309235,9.825803756713867,0.15322890877723694
1778672371822,-0.181959331035614,9.787496566772461,-0.08619125932455063
1778672371835,0.12449848651885986,9.787496566772461,0.363918662071228
1778672371863,0.047884032130241394,9.883264541625977,-0.009576806798577309
1778672371875,0.09576806426048279,9.873687744140625,0.028730420395731926
1778672371902,0.2585737705230713,9.816226959228516,0.4405331015586853
1778672371916,0.14365209639072418,9.787496566772461,0.028730420395731926
1778672371941,0.09576806426048279,9.921571731567383,0.19153612852096558
1778672371957,0.1149216815829277,9.84495735168457,0.689530074596405
1778672371982,0.10534487664699554,9.921571731567383,-0.019153613597154617
1778672372002,0.15322890877723694,9.931148529052734,0.4405331015586853
1778672372022,0.12449848651885986,9.749189376831055,0.35434186458587646
1778672372036,0.23942017555236816,9.835380554199219,0.019153613597154617
1778672372064,0.2106897532939911,9.787496566772461,0.2968810200691223
1778672372075,0.40222588181495667,9.806650161743164,0.13407529890537262
1778672372104,0.2777273952960968,9.921571731567383,-0.181959331035614
1778672372115,0.3447650372982025,9.835380554199219,0.4118026793003082
1778672372141,0.3256114423274994,9.797073364257812,0.10534487664699554
1778672372157,0.4692635238170624,9.854534149169922,0.2298433631658554
1778672372182,0.31603461503982544,9.77791976928711,0.38307225704193115
1778672372199,0.2777273952960968,9.825803756713867,0.028730420395731926
1778672372222,0.33518823981285095,9.825803756713867,0.2968810200691223
1778672372235,0.4213795065879822,9.806650161743164,0.47884035110473633
1778672372262,0.28730419278144836,9.787496566772461,-0.17238251864910126
1778672372276,0.5650315880775452,9.835380554199219,0.5267243981361389
1778672372302,0.4118026793003082,9.797073364257812,-0.07661445438861847
1778672372315,0.3734954595565796,9.90241813659668,0.181959331035614
1778672372342,0.507570743560791,9.90241813659668,0.40222588181495667
1778672372356,0.4213795065879822,9.84495735168457,0.23942017555236816
1778672372382,0.4596867263317108,9.84495735168457,0.23942017555236816
1778672372398,0.5937620401382446,9.864110946655273,0.5937620401382446
1778672372423,0.33518823981285095,9.749189376831055,-0.13407529890537262
1778672372436,0.6512228846549988,9.797073364257812,0.4213795065879822
1778672372462,0.5267243981361389,9.835380554199219,0.26815059781074524
1778672372476,0.507570743560791,9.883264541625977,0.038307227194309235
1778672372502,0.6416460275650024,9.854534149169922,0.33518823981285095
1778672372515,0.6991068720817566,9.825803756713867,-0.07661445438861847
1778672372542,0.5363011956214905,9.825803756713867,-0.2298433631658554
1778672372556,0.689530074596405,9.864110946655273,0.35434186458587646
1778672372583,0.49799394607543945,9.835380554199219,0.019153613597154617
1778672372596,0.6224924325942993,9.921571731567383,0.26815059781074524
1778672372622,0.6033388376235962,9.787496566772461,0.2968810200691223
1778672372636,0.507570743560791,9.835380554199219,-0.13407529890537262
1778672372662,0.6224924325942993,9.883264541625977,0.5841852426528931
1778672372676,0.7182605266571045,9.825803756713867,0.4405331015586853
1778672372702,0.727837324142456,9.988609313964844,0.047884032130241394
1778672372716,0.7757213711738586,9.940725326538086,0.5650315880775452
1778672372742,0.6799532771110535,9.873687744140625,0.17238251864910126
1778672372756,0.8236053586006165,9.96945571899414,0.22026655077934265
1778672372784,0.6991068720817566,9.892841339111328,0.5937620401382446
1778672372796,0.7374141216278076,9.854534149169922,0.13407529890537262
1778672372822,0.8044517636299133,9.959878921508789,0.507570743560791
1778672372836,0.7757213711738586,9.892841339111328,0.26815059781074524
1778672372866,0.8619126081466675,9.864110946655273,0.09576806426048279
1778672372875,0.7661445140838623,9.959878921508789,0.5363011956214905
1778672372902,0.7757213711738586,9.835380554199219,0.4692635238170624
1778672372915,0.727837324142456,9.864110946655273,-0.15322890877723694
1778672372941,0.8523358106613159,9.892841339111328,0.363918662071228
1778672372956,0.6512228846549988,9.84495735168457,0.08619125932455063
1778672372982,0.7469909191131592,9.854534149169922,0.4213795065879822
1778672373002,0.9289502501487732,9.797073364257812,0.33518823981285095
1778672373022,0.6703764796257019,9.749189376831055,0.13407529890537262
1778672373035,0.8236053586006165,9.77791976928711,0.363918662071228
1778672373063,0.9002198576927185,9.84495735168457,0.4596867263317108
1778672373075,0.7182605266571045,9.825803756713867,-0.028730420395731926
1778672373102,0.9481038451194763,9.864110946655273,0.4692635238170624
1778672373115,0.8331822156906128,9.739612579345703,0.10534487664699554
1778672373141,0.7852981686592102,9.749189376831055,0.33518823981285095
1778672373156,0.8331822156906128,9.768342971801758,0.5650315880775452
1778672373182,0.8331822156906128,9.84495735168457,0.047884032130241394
1778672373196,0.8044517636299133,9.883264541625977,0.23942017555236816
1778672373222,0.8619126081466675,9.730035781860352,0.5267243981361389
1778672373235,0.8140285611152649,9.739612579345703,0.019153613597154617
1778672373263,0.8906430602073669,9.797073364257812,0.5841852426528931
1778672373275,0.7661445140838623,9.720458984375,0.24899697303771973
1778672373301,0.8523358106613159,9.816226959228516,-0.10534487664699554
1778672373317,0.9576807022094727,9.768342971801758,0.43095630407333374
1778672373342,0.7757213711738586,9.768342971801758,0.047884032130241394
1778672373356,0.9002198576927185,9.950302124023438,0.05746084079146385
1778672373381,0.6703764796257019,9.691728591918945,0.35434186458587646
1778672373395,0.7086837291717529,9.77791976928711,0.06703764945268631
1778672373422,0.8236053586006165,9.825803756713867,0.19153612852096558
1778672373436,0.8044517636299133,9.739612579345703,0.5650315880775452
1778672373466,0.7852981686592102,9.806650161743164,-0.10534487664699554
1778672373475,0.8236053586006165,9.873687744140625,0.43095630407333374
1778672373502,0.7182605266571045,9.787496566772461,0.3926490843296051
1778672373518,0.7469909191131592,9.854534149169922,0.07661445438861847
1778672373541,0.727837324142456,9.873687744140625,0.43095630407333374
1778672373556,0.6703764796257019,9.825803756713867,0.047884032130241394
1778672373582,0.6991068720817566,9.835380554199219,0.09576806426048279
1778672373596,0.7374141216278076,9.854534149169922,0.5554547905921936
1778672373622,0.5267243981361389,9.739612579345703,0.31603461503982544
1778672373635,0.6129156351089478,9.931148529052734,0.49799394607543945
1778672373662,0.6991068720817566,9.911994934082031,0.2585737705230713
1778672373675,0.5171475410461426,9.883264541625977,0.028730420395731926
1778672373702,0.6512228846549988,9.883264541625977,0.2777273952960968
1778672373715,0.7086837291717529,9.892841339111328,0.09576806426048279
1778672373741,0.5554547905921936,9.84495735168457,0.028730420395731926
1778672373758,0.7852981686592102,9.950302124023438,0.5746083855628967
1778672373782,0.38307225704193115,9.892841339111328,-0.009576806798577309
1778672373798,0.5171475410461426,9.911994934082031,0.2106897532939911
1778672373822,0.5746083855628967,9.806650161743164,0.3734954595565796
1778672373835,0.45010992884635925,9.854534149169922,-0.12449848651885986
1778672373864,0.4692635238170624,9.806650161743164,0.43095630407333374
1778672373875,0.3734954595565796,9.816226959228516,0.40222588181495667
1778672373901,0.4118026793003082,9.883264541625977,-0.13407529890537262
1778672373915,0.5650315880775452,9.864110946655273,0.45010992884635925
1778672373941,0.23942017555236816,9.768342971801758,0.0
1778672373956,0.35434186458587646,9.921571731567383,0.047884032130241394
1778672373981,0.4213795065879822,9.911994934082031,0.689530074596405
1778672373995,0.20111294090747833,9.854534149169922,0.06703764945268631
1778672374022,0.40222588181495667,9.921571731567383,0.14365209639072418
1778672374037,0.22026655077934265,9.806650161743164,0.33518823981285095
1778672374062,0.33518823981285095,9.854534149169922,-0.05746084079146385
1778672374075,0.45010992884635925,9.90241813659668,0.4596867263317108
1778672374102,0.23942017555236816,9.787496566772461,0.363918662071228
1778672374115,0.2106897532939911,9.854534149169922,-0.06703764945268631
1778672374141,0.2585737705230713,9.873687744140625,0.3734954595565796
1778672374156,0.20111294090747833,9.739612579345703,-0.05746084079146385
1778672374182,0.24899697303771973,9.90241813659668,0.019153613597154617
1778672374196,0.181959331035614,9.864110946655273,0.3926490843296051
1778672374223,0.06703764945268631,9.730035781860352,0.08619125932455063
1778672374235,0.20111294090747833,9.854534149169922,0.4118026793003082
1778672374264,0.17238251864910126,9.883264541625977,0.28730419278144836
1778672374275,0.0,9.854534149169922,0.028730420395731926
1778672374302,0.181959331035614,9.959878921508789,0.4213795065879822
1778672374316,0.181959331035614,9.931148529052734,0.05746084079146385
1778672374341,0.15322890877723694,9.787496566772461,0.06703764945268631
1778672374356,0.038307227194309235,9.825803756713867,0.7565677165985107
1778672374382,0.038307227194309235,9.873687744140625,0.0
1778672374396,0.047884032130241394,9.921571731567383,0.17238251864910126
1778672374422,0.24899697303771973,9.816226959228516,0.33518823981285095
1778672374435,-0.009576806798577309,9.864110946655273,-0.047884032130241394
1778672374465,0.028730420395731926,9.931148529052734,0.35434186458587646
1778672374476,0.15322890877723694,9.911994934082031,0.5171475410461426
1778672374502,0.019153613597154617,9.940725326538086,-0.22026655077934265
1778672374516,0.07661445438861847,9.854534149169922,0.3926490843296051
1778672374541,0.038307227194309235,9.883264541625977,-0.2585737705230713
1778672374556,0.10534487664699554,9.96945571899414,-0.13407529890537262
1778672374583,0.17238251864910126,9.931148529052734,0.3734954595565796
1778672374598,-0.08619125932455063,9.892841339111328,0.009576806798577309
1778672374622,0.1149216815829277,9.84495735168457,-0.038307227194309235
1778672374635,-0.019153613597154617,9.84495735168457,0.3734954595565796
1778672374663,-0.047884032130241394,9.911994934082031,-0.2968810200691223
1778672374677,0.09576806426048279,9.911994934082031,0.2968810200691223
1778672374706,-0.038307227194309235,9.873687744140625,0.45010992884635925
1778672374716,-0.019153613597154617,9.921571731567383,0.019153613597154617
1778672374742,0.12449848651885986,9.921571731567383,0.3926490843296051
1778672374756,-0.009576806798577309,9.873687744140625,-0.13407529890537262
1778672374782,0.08619125932455063,10.02691650390625,-0.028730420395731926
1778672374795,0.028730420395731926,9.921571731567383,0.43095630407333374
1778672374822,-0.028730420395731926,9.787496566772461,0.13407529890537262
1778672374835,0.06703764945268631,9.892841339111328,0.07661445438861847
1778672374862,0.019153613597154617,9.825803756713867,0.3256114423274994
1778672374875,-0.028730420395731926,9.797073364257812,0.047884032130241394
1778672374902,0.17238251864910126,9.940725326538086,0.4405331015586853
1778672374915,0.22026655077934265,9.873687744140625,0.1628057211637497
1778672374942,0.038307227194309235,9.806650161743164,-0.07661445438861847
1778672374956,0.2298433631658554,9.84495735168457,0.3734954595565796
1778672374981,0.15322890877723694,9.854534149169922,-0.019153613597154617
1778672374997,0.12449848651885986,9.911994934082031,0.05746084079146385
1778672375022,0.06703764945268631,9.84495735168457,0.38307225704193115
1778672375035,0.07661445438861847,9.77791976928711,-0.009576806798577309
1778672375062,-0.009576806798577309,9.873687744140625,0.26815059781074524
1778672375075,0.13407529890537262,9.787496566772461,0.33518823981285095
1778672375102,0.038307227194309235,9.873687744140625,-0.1149216815829277
1778672375115,0.2106897532939911,9.883264541625977,0.38307225704193115
1778672375142,0.28730419278144836,9.911994934082031,0.019153613597154617
1778672375155,0.13407529890537262,9.950302124023438,-0.10534487664699554
1778672375182,0.23942017555236816,9.854534149169922,0.6224924325942993
1778672375197,0.09576806426048279,9.730035781860352,0.12449848651885986
1778672375222,0.24899697303771973,9.90241813659668,0.10534487664699554
1778672375235,0.26815059781074524,9.854534149169922,0.2777273952960968
1778672375264,0.23942017555236816,9.854534149169922,0.047884032130241394
1778672375275,0.23942017555236816,9.950302124023438,0.24899697303771973
1778672375302,0.2298433631658554,9.825803756713867,0.4692635238170624
1778672375315,0.2298433631658554,9.816226959228516,0.009576806798577309
1778672375341,0.43095630407333374,9.90241813659668,0.26815059781074524
1778672375355,0.23942017555236816,9.739612579345703,-0.08619125932455063
1778672375382,0.3256114423274994,9.892841339111328,-0.14365209639072418
1778672375396,0.4692635238170624,9.806650161743164,0.3256114423274994
1778672375422,0.13407529890537262,9.720458984375,0.08619125932455063
1778672375435,0.3256114423274994,9.758766174316406,0.15322890877723694
1778672375462,0.2777273952960968,9.768342971801758,0.40222588181495667
1778672375475,0.31603461503982544,9.730035781860352,-0.09576806426048279
1778672375502,0.38307225704193115,9.797073364257812,0.38307225704193115
1778672375515,0.4213795065879822,9.854534149169922,0.363918662071228
1778672375541,0.4118026793003082,9.864110946655273,0.009576806798577309
1778672375555,0.47884035110473633,9.84495735168457,0.5841852426528931
1778672375583,0.3926490843296051,9.797073364257812,0.019153613597154617
1778672375597,0.3734954595565796,9.749189376831055,0.2298433631658554
1778672375621,0.4692635238170624,9.864110946655273,0.507570743560791
1778672375635,0.45010992884635925,9.825803756713867,0.038307227194309235
1778672375664,0.49799394607543945,9.825803756713867,0.31603461503982544
1778672375676,0.545877993106842,9.835380554199219,0.4596867263317108
1778672375702,0.363918662071228,9.806650161743164,-0.1149216815829277
1778672375717,0.5363011956214905,9.854534149169922,0.40222588181495667
1778672375742,0.6033388376235962,9.835380554199219,0.10534487664699554
1778672375756,0.507570743560791,9.873687744140625,-0.10534487664699554
1778672375781,0.6703764796257019,9.931148529052734,0.5363011956214905
1778672375797,0.6703764796257019,9.864110946655273,-0.028730420395731926
1778672375822,0.5746083855628967,9.979032516479492,0.019153613597154617
1778672375835,0.5650315880775452,9.835380554199219,0.38307225704193115
1778672375862,0.43095630407333374,9.864110946655273,-0.15322890877723694
1778672375875,0.6416460275650024,9.96945571899414,0.24899697303771973
1778672375903,0.6033388376235962,9.797073364257812,0.4405331015586853
1778672375916,0.5746083855628967,9.835380554199219,-0.12449848651885986
1778672375941,0.689530074596405,9.931148529052734,0.24899697303771973
1778672375955,0.7182605266571045,9.816226959228516,0.09576806426048279
1778672375982,0.6320692300796509,9.959878921508789,-0.06703764945268631
1778672375996,0.7565677165985107,9.950302124023438,0.5650315880775452
1778672376022,0.47884035110473633,9.787496566772461,0.06703764945268631
1778672376036,0.727837324142456,9.883264541625977,0.13407529890537262
1778672376066,0.7757213711738586,9.806650161743164,0.31603461503982544
1778672376075,0.5841852426528931,9.787496566772461,0.15322890877723694
1778672376104,0.8044517636299133,9.84495735168457,0.5171475410461426
1778672376116,0.6799532771110535,9.873687744140625,0.3734954595565796
1778672376142,0.7565677165985107,9.825803756713867,-0.10534487664699554
1778672376155,0.9193734526634216,9.806650161743164,0.545877993106842
1778672376182,0.8140285611152649,9.816226959228516,0.181959331035614
1778672376195,0.8619126081466675,9.883264541625977,0.07661445438861847
1778672376222,0.9002198576927185,9.864110946655273,0.363918662071228
1778672376235,0.7182605266571045,9.806650161743164,-0.12449848651885986
1778672376262,0.6991068720817566,9.806650161743164,0.24899697303771973
1778672376275,0.7374141216278076,9.797073364257812,0.5841852426528931
1778672376301,0.6991068720817566,9.77791976928711,0.009576806798577309
1778672376315,0.7565677165985107,9.835380554199219,0.33518823981285095
1778672376342,0.7469909191131592,9.758766174316406,0.2585737705230713
1778672376358,0.7757213711738586,9.835380554199219,0.038307227194309235
1778672376382,0.7661445140838623,9.873687744140625,0.6512228846549988
1778672376396,0.6320692300796509,9.825803756713867,0.028730420395731926
1778672376422,0.6512228846549988,9.940725326538086,0.17238251864910126
1778672376435,0.727837324142456,9.84495735168457,0.6991068720817566
1778672376462,0.7661445140838623,9.873687744140625,-0.14365209639072418
1778672376476,0.7661445140838623,9.940725326538086,0.0
1778672376501,0.7565677165985107,9.864110946655273,0.5650315880775452
1778672376517,0.5267243981361389,9.806650161743164,-0.13407529890537262
1778672376542,0.871489405632019,9.84495735168457,0.35434186458587646
1778672376556,0.6416460275650024,9.797073364257812,0.028730420395731926
1778672376582,0.5746083855628967,9.835380554199219,-0.17238251864910126
1778672376599,0.8331822156906128,9.883264541625977,0.15322890877723694
1778672376621,0.7852981686592102,9.854534149169922,0.181959331035614
1778672376635,0.7469909191131592,9.931148529052734,0.05746084079146385
1778672376665,0.7086837291717529,9.84495735168457,0.35434186458587646
1778672376675,0.6033388376235962,9.816226959228516,-0.17238251864910126
1778672376702,0.6512228846549988,9.854534149169922,0.28730419278144836
1778672376715,0.6607996821403503,9.911994934082031,0.31603461503982544
1778672376742,0.47884035110473633,9.84495735168457,0.1628057211637497
1778672376756,0.6416460275650024,9.797073364257812,0.5267243981361389
1778672376781,0.6320692300796509,9.787496566772461,-0.019153613597154617
1778672376796,0.6129156351089478,9.854534149169922,0.09576806426048279
1778672376822,0.7086837291717529,9.854534149169922,0.4596867263317108
1778672376835,0.5937620401382446,9.864110946655273,0.038307227194309235
1778672376865,0.6416460275650024,9.90241813659668,0.181959331035614
1778672376877,0.5650315880775452,9.825803756713867,0.40222588181495667
1778672376901,0.545877993106842,9.90241813659668,0.17238251864910126
1778672376915,0.6129156351089478,9.816226959228516,0.43095630407333374
1778672376941,0.5650315880775452,9.739612579345703,0.19153612852096558
1778672376955,0.6033388376235962,9.883264541625977,-0.2777273952960968
1778672376982,0.6703764796257019,9.931148529052734,0.507570743560791
1778672376996,0.4884171485900879,9.787496566772461,0.019153613597154617
1778672377022,0.5554547905921936,9.90241813659668,-0.038307227194309235
1778672377035,0.5746083855628967,9.816226959228516,0.5746083855628967
1778672377062,0.4596867263317108,9.883264541625977,0.009576806798577309
1778672377076,0.5267243981361389,9.892841339111328,0.19153612852096558
1778672377102,0.3734954595565796,9.90241813659668,0.33518823981285095
1778672377115,0.3256114423274994,9.883264541625977,-0.2106897532939911
1778672377141,0.5171475410461426,9.988609313964844,0.33518823981285095
1778672377156,0.40222588181495667,9.84495735168457,0.38307225704193115
1778672377182,0.4118026793003082,9.911994934082031,-0.05746084079146385
1778672377199,0.5363011956214905,9.998186111450195,0.4596867263317108
1778672377222,0.38307225704193115,9.835380554199219,0.028730420395731926
1778672377235,0.3447650372982025,9.931148529052734,0.20111294090747833
1778672377265,0.33518823981285095,9.950302124023438,0.43095630407333374
1778672377275,0.26815059781074524,9.806650161743164,0.17238251864910126
1778672377302,0.3926490843296051,9.998186111450195,0.06703764945268631
1778672377315,0.45010992884635925,9.911994934082031,0.26815059781074524
1778672377342,0.3256114423274994,9.931148529052734,0.038307227194309235
1778672377356,0.43095630407333374,9.883264541625977,0.3926490843296051
1778672377381,0.3447650372982025,9.90241813659668,0.05746084079146385
1778672377396,0.22026655077934265,9.825803756713867,0.12449848651885986
1778672377422,0.4118026793003082,9.90241813659668,0.3256114423274994
1778672377451,0.3256114423274994,9.921571731567383,-0.22026655077934265
1778672377461,0.2968810200691223,9.988609313964844,0.19153612852096558
1778672377475,0.33518823981285095,9.787496566772461,0.5746083855628967
1778672377502,0.2106897532939911,9.768342971801758,-0.20111294090747833
1778672377515,0.17238251864910126,9.84495735168457,0.22026655077934265
1778672377545,0.24899697303771973,9.873687744140625,0.24899697303771973
1778672377555,0.20111294090747833,9.90241813659668,-0.14365209639072418
1778672377582,0.33518823981285095,9.979032516479492,0.40222588181495667
1778672377597,0.17238251864910126,9.797073364257812,0.028730420395731926
1778672377622,0.09576806426048279,9.988609313964844,0.14365209639072418
1778672377637,0.3064578175544739,9.835380554199219,0.5841852426528931
1778672377662,0.028730420395731926,9.825803756713867,-0.08619125932455063
1778672377675,0.22026655077934265,9.959878921508789,-0.038307227194309235
1778672377702,0.2106897532939911,9.931148529052734,0.5171475410461426
1778672377716,0.038307227194309235,9.892841339111328,-0.06703764945268631
1778672377741,0.22026655077934265,9.864110946655273,0.33518823981285095
1778672377756,0.06703764945268631,9.854534149169922,0.33518823981285095
1778672377781,0.047884032130241394,9.835380554199219,-0.2298433631658554
1778672377797,0.2106897532939911,9.950302124023438,0.2968810200691223
1778672377822,0.15322890877723694,9.864110946655273,0.028730420395731926
1778672377835,0.07661445438861847,9.921571731567383,-0.181959331035614
1778672377862,0.13407529890537262,9.883264541625977,0.2968810200691223
1778672377877,0.0,9.835380554199219,-0.12449848651885986
1778672377902,-0.05746084079146385,9.940725326538086,0.1628057211637497
1778672377915,0.038307227194309235,9.816226959228516,0.363918662071228
1778672377942,0.009576806798577309,9.84495735168457,0.12449848651885986
1778672377955,0.038307227194309235,9.911994934082031,0.4213795065879822
1778672377981,0.08619125932455063,9.90241813659668,0.2106897532939911
1778672377997,0.028730420395731926,9.787496566772461,-0.038307227194309235
1778672378022,0.15322890877723694,9.873687744140625,0.43095630407333374
1778672378035,0.009576806798577309,9.758766174316406,0.19153612852096558
1778672378062,-0.019153613597154617,9.873687744140625,-0.019153613597154617
1778672378075,0.12449848651885986,9.883264541625977,0.5650315880775452
1778672378103,-0.019153613597154617,9.854534149169922,0.009576806798577309
1778672378115,0.06703764945268631,9.854534149169922,0.14365209639072418
1778672378142,0.08619125932455063,9.835380554199219,0.17238251864910126
1778672378155,0.17238251864910126,9.911994934082031,-0.2585737705230713
1778672378182,0.19153612852096558,9.787496566772461,0.33518823981285095
1778672378197,0.17238251864910126,9.84495735168457,0.13407529890537262
1778672378222,0.1149216815829277,9.825803756713867,-0.2298433631658554
1778672378237,0.2298433631658554,9.864110946655273,0.3256114423274994
1778672378262,0.17238251864910126,9.864110946655273,-0.07661445438861847
1778672378276,0.1628057211637497,9.883264541625977,0.1149216815829277
1778672378302,0.14365209639072418,9.720458984375,0.24899697303771973
1778672378315,0.05746084079146385,9.892841339111328,-0.22026655077934265
1778672378342,0.24899697303771973,9.892841339111328,0.05746084079146385
1778672378355,0.1149216815829277,9.864110946655273,0.5267243981361389
1778672378381,0.15322890877723694,9.835380554199219,-0.24899697303771973
1778672378398,0.31603461503982544,9.90241813659668,0.3734954595565796
1778672378422,0.09576806426048279,9.739612579345703,0.08619125932455063
1778672378435,0.2106897532939911,9.931148529052734,0.2298433631658554
1778672378462,0.3256114423274994,9.988609313964844,0.3926490843296051
1778672378475,0.15322890877723694,9.883264541625977,0.06703764945268631
1778672378501,0.2968810200691223,9.950302124023438,0.038307227194309235
1778672378515,0.3447650372982025,9.96945571899414,0.2968810200691223
1778672378542,0.1628057211637497,9.921571731567383,-0.009576806798577309
1778672378556,0.4405331015586853,9.959878921508789,0.5841852426528931
1778672378581,0.3447650372982025,9.883264541625977,0.2298433631658554
1778672378596,0.28730419278144836,9.835380554199219,0.09576806426048279
1778672378623,0.4213795065879822,9.950302124023438,0.14365209639072418
1778672378635,0.33518823981285095,9.854534149169922,-0.07661445438861847
1778672378670,0.3447650372982025,9.998186111450195,-0.019153613597154617
1778672378675,0.43095630407333374,9.931148529052734,0.6224924325942993
1778672378701,0.26815059781074524,9.854534149169922,-0.047884032130241394
1778672378716,0.35434186458587646,9.90241813659668,0.5171475410461426
1778672378742,0.31603461503982544,9.873687744140625,0.22026655077934265
1778672378756,0.43095630407333374,9.892841339111328,-0.009576806798577309
1778672378782,0.3447650372982025,10.02691650390625,0.4884171485900879
1778672378798,0.3734954595565796,9.921571731567383,0.4213795065879822
1778672378822,0.4213795065879822,9.854534149169922,-0.1149216815829277
1778672378836,0.3926490843296051,9.806650161743164,0.6703764796257019
1778672378864,0.38307225704193115,9.873687744140625,-0.10534487664699554
1778672378877,0.5363011956214905,9.998186111450195,0.17238251864910126
1778672378902,0.4884171485900879,9.940725326538086,0.7469909191131592
1778672378915,0.47884035110473633,9.911994934082031,0.07661445438861847
1778672378941,0.4692635238170624,9.835380554199219,0.15322890877723694
1778672378956,0.5171475410461426,9.816226959228516,0.3926490843296051
1778672378981,0.4692635238170624,9.84495735168457,-0.2298433631658554
1778672378995,0.6512228846549988,9.940725326538086,0.26815059781074524
1778672379022,0.6033388376235962,9.816226959228516,0.24899697303771973
1778672379035,0.4692635238170624,9.835380554199219,-0.1628057211637497
1778672379062,0.6703764796257019,9.921571731567383,0.2298433631658554
1778672379075,0.5554547905921936,9.797073364257812,0.06703764945268631
1778672379102,0.45010992884635925,9.873687744140625,-0.07661445438861847
1778672379115,0.5363011956214905,9.84495735168457,0.2777273952960968
1778672379143,0.35434186458587646,9.835380554199219,0.05746084079146385
1778672379156,0.6129156351089478,9.911994934082031,0.23942017555236816
1778672379181,0.6512228846549988,9.787496566772461,0.363918662071228
1778672379197,0.49799394607543945,9.749189376831055,-0.05746084079146385
1778672379222,0.6991068720817566,9.892841339111328,0.15322890877723694
1778672379240,0.545877993106842,9.84495735168457,-0.05746084079146385
1778672379262,0.6129156351089478,9.911994934082031,0.19153612852096558
1778672379275,0.6799532771110535,9.835380554199219,0.8140285611152649
1778672379303,0.545877993106842,9.825803756713867,0.14365209639072418
1778672379316,0.6991068720817566,9.854534149169922,0.2298433631658554
1778672379343,0.6320692300796509,9.806650161743164,0.3926490843296051
1778672379357,0.49799394607543945,9.854534149169922,-0.12449848651885986
1778672379381,0.7469909191131592,9.921571731567383,0.3734954595565796
1778672379396,0.6512228846549988,9.787496566772461,0.2777273952960968
1778672379422,0.6991068720817566,9.825803756713867,-0.06703764945268631
1778672379435,0.7661445140838623,9.854534149169922,0.4118026793003082
1778672379462,0.6512228846549988,9.816226959228516,-0.13407529890537262
1778672379477,0.7374141216278076,9.873687744140625,-0.047884032130241394
1778672379501,0.7469909191131592,9.90241813659668,0.4884171485900879
1778672379516,0.6416460275650024,9.739612579345703,-0.22026655077934265
1778672379542,0.6320692300796509,9.825803756713867,0.08619125932455063
1778672379557,0.6129156351089478,9.739612579345703,0.4405331015586853
1778672379582,0.6033388376235962,9.854534149169922,-0.19153612852096558
1778672379596,0.8236053586006165,9.959878921508789,0.33518823981285095
1778672379622,0.6607996821403503,9.825803756713867,0.5267243981361389
1778672379635,0.7086837291717529,9.816226959228516,0.028730420395731926
1778672379662,0.6320692300796509,9.854534149169922,0.5363011956214905
1778672379675,0.6416460275650024,9.749189376831055,0.1628057211637497
1778672379701,0.689530074596405,9.797073364257812,0.06703764945268631
1778672379715,0.7852981686592102,9.825803756713867,0.3064578175544739
1778672379741,0.5363011956214905,9.864110946655273,0.13407529890537262
1778672379755,0.6512228846549988,9.864110946655273,0.3256114423274994
1778672379781,0.6799532771110535,9.749189376831055,0.5650315880775452
1778672379796,0.6129156351089478,9.873687744140625,-0.05746084079146385
1778672379822,0.6799532771110535,9.873687744140625,0.2585737705230713
1778672379836,0.7948749661445618,9.883264541625977,0.0
1778672379865,0.6991068720817566,9.90241813659668,-0.1149216815829277
1778672379877,0.7086837291717529,9.883264541625977,0.31603461503982544
1778672379901,0.6416460275650024,9.84495735168457,0.028730420395731926
1778672379916,0.5554547905921936,9.90241813659668,0.31603461503982544
1778672379942,0.6703764796257019,9.940725326538086,0.19153612852096558
1778672379956,0.45010992884635925,9.77791976928711,-0.10534487664699554
1778672379981,0.7565677165985107,10.046070098876953,0.4884171485900879
1778672379999,0.6991068720817566,9.883264541625977,0.35434186458587646
1778672380022,0.5363011956214905,9.892841339111328,-0.20111294090747833
1778672380035,0.6129156351089478,9.883264541625977,0.4596867263317108
1778672380062,0.6129156351089478,9.90241813659668,-0.10534487664699554
1778672380076,0.6991068720817566,9.979032516479492,0.10534487664699554
1778672380101,0.7086837291717529,9.998186111450195,0.6607996821403503
1778672380115,0.5171475410461426,9.806650161743164,-0.038307227194309235
1778672380141,0.6033388376235962,9.950302124023438,0.13407529890537262
1778672380156,0.6607996821403503,9.940725326538086,0.35434186458587646
1778672380237,0.4213795065879822,9.84495735168457,-0.06703764945268631
1778672380239,0.6991068720817566,9.892841339111328,0.26815059781074524
1778672380239,0.5937620401382446,9.940725326538086,0.3734954595565796
1778672380239,0.4596867263317108,9.911994934082031,-0.40222588181495667
1778672380263,0.6224924325942993,9.892841339111328,0.40222588181495667
1778672380275,0.5746083855628967,9.77791976928711,-0.10534487664699554
1778672380301,0.4884171485900879,9.931148529052734,-0.20111294090747833
1778672380315,0.5841852426528931,9.931148529052734,0.2585737705230713
1778672380343,0.4118026793003082,9.911994934082031,-0.038307227194309235
1778672380356,0.4213795065879822,9.816226959228516,0.3447650372982025
1778672380381,0.40222588181495667,9.854534149169922,0.3926490843296051
1778672380399,0.33518823981285095,9.835380554199219,-0.2106897532939911
1778672380421,0.45010992884635925,10.007762908935547,0.40222588181495667
1778672380437,0.47884035110473633,9.816226959228516,0.2777273952960968
1778672380462,0.28730419278144836,9.979032516479492,0.3256114423274994
1778672380476,0.45010992884635925,9.84495735168457,0.5937620401382446
1778672380502,0.3256114423274994,9.825803756713867,0.13407529890537262
1778672380515,0.2298433631658554,9.84495735168457,0.15322890877723694
1778672380542,0.31603461503982544,9.90241813659668,0.5650315880775452
1778672380556,0.2968810200691223,9.873687744140625,-0.038307227194309235
1778672380582,0.31603461503982544,9.90241813659668,0.20111294090747833
1778672380597,0.3064578175544739,9.77791976928711,0.2106897532939911
1778672380624,0.28730419278144836,9.911994934082031,0.038307227194309235
1778672380636,0.38307225704193115,9.854534149169922,0.2106897532939911
1778672380662,0.33518823981285095,9.864110946655273,0.05746084079146385
1778672380676,0.2298433631658554,9.816226959228516,-0.13407529890537262
1778672380701,0.363918662071228,9.931148529052734,0.5841852426528931
1778672380715,0.13407529890537262,9.806650161743164,-0.2106897532939911
1778672380742,0.17238251864910126,9.825803756713867,0.20111294090747833
1778672380755,0.15322890877723694,9.806650161743164,0.2777273952960968
1778672380782,0.028730420395731926,9.911994934082031,-0.15322890877723694
1778672380798,0.2777273952960968,9.931148529052734,0.22026655077934265
1778672380823,0.22026655077934265,9.835380554199219,0.5650315880775452
1778672380836,0.08619125932455063,9.911994934082031,-0.31603461503982544
1778672380864,0.26815059781074524,9.873687744140625,0.45010992884635925
1778672380877,0.19153612852096558,9.854534149169922,0.07661445438861847
1778672380902,0.1628057211637497,9.911994934082031,0.09576806426048279
1778672380916,0.2777273952960968,9.797073364257812,0.2106897532939911
1778672380942,0.05746084079146385,9.883264541625977,0.0
1778672380957,0.2585737705230713,9.892841339111328,-0.10534487664699554
1778672380981,0.23942017555236816,9.873687744140625,0.4692635238170624
1778672380997,0.038307227194309235,9.806650161743164,-0.26815059781074524
1778672381022,0.2106897532939911,9.921571731567383,0.2968810200691223
1778672381035,0.24899697303771973,9.854534149169922,0.08619125932455063
1778672381062,0.12449848651885986,9.892841339111328,0.15322890877723694
1778672381076,0.38307225704193115,9.959878921508789,0.08619125932455063
1778672381101,0.12449848651885986,9.825803756713867,-0.038307227194309235
1778672381115,0.17238251864910126,9.873687744140625,-0.1149216815829277
1778672381142,0.1628057211637497,9.883264541625977,0.6799532771110535
1778672381157,0.009576806798577309,9.892841339111328,-0.15322890877723694
1778672381181,0.2106897532939911,9.988609313964844,0.45010992884635925
1778672381199,0.20111294090747833,9.84495735168457,0.2298433631658554
1778672381222,0.047884032130241394,9.84495735168457,-0.06703764945268631
1778672381235,0.14365209639072418,9.911994934082031,0.3064578175544739
1778672381262,0.2298433631658554,9.864110946655273,0.2968810200691223
1778672381276,0.20111294090747833,9.864110946655273,-0.181959331035614
1778672381302,0.1628057211637497,10.02691650390625,0.689530074596405
1778672381315,0.14365209639072418,9.864110946655273,0.06703764945268631
1778672381341,0.181959331035614,9.940725326538086,0.15322890877723694
1778672381356,0.181959331035614,9.825803756713867,0.181959331035614
1778672381382,0.08619125932455063,9.931148529052734,0.06703764945268631
1778672381398,0.181959331035614,9.883264541625977,0.17238251864910126
1778672381423,0.047884032130241394,9.921571731567383,0.38307225704193115
1778672381437,0.1149216815829277,9.892841339111328,-0.28730419278144836
1778672381465,0.23942017555236816,9.911994934082031,0.26815059781074524
1778672381475,0.2585737705230713,9.835380554199219,-0.09576806426048279
1778672381502,0.17238251864910126,9.950302124023438,-0.17238251864910126
1778672381515,0.2298433631658554,9.959878921508789,0.4692635238170624
1778672381541,0.20111294090747833,9.892841339111328,0.028730420395731926
1778672381559,0.1628057211637497,9.998186111450195,-0.038307227194309235
1778672381582,0.2298433631658554,9.90241813659668,0.15322890877723694
1778672381597,0.22026655077934265,9.892841339111328,-0.20111294090747833
1778672381622,0.22026655077934265,9.988609313964844,0.3447650372982025
1778672381636,0.2968810200691223,9.873687744140625,0.4118026793003082
1778672381665,0.14365209639072418,9.911994934082031,-0.13407529890537262
1778672381675,0.47884035110473633,9.988609313964844,0.2968810200691223
1778672381702,0.3734954595565796,9.825803756713867,0.028730420395731926
1778672381715,0.2585737705230713,9.931148529052734,0.10534487664699554
1778672381742,0.38307225704193115,9.931148529052734,0.3734954595565796
1778672381760,0.2106897532939911,9.883264541625977,-0.05746084079146385
1778672381782,0.3064578175544739,10.046070098876953,0.20111294090747833
1778672381796,0.2968810200691223,9.84495735168457,0.23942017555236816
1778672381822,0.20111294090747833,9.84495735168457,0.028730420395731926
1778672381836,0.38307225704193115,9.873687744140625,0.2968810200691223
1778672381864,0.33518823981285095,9.854534149169922,0.06703764945268631
1778672381875,0.33518823981285095,9.84495735168457,-0.20111294090747833
1778672381901,0.4405331015586853,9.988609313964844,0.40222588181495667
1778672381916,0.31603461503982544,9.892841339111328,-0.2106897532939911
1778672381942,0.4118026793003082,9.883264541625977,-0.06703764945268631
1778672381956,0.3734954595565796,9.854534149169922,0.3447650372982025
1778672381982,0.2968810200691223,9.90241813659668,-0.047884032130241394
1778672381996,0.4405331015586853,9.825803756713867,0.35434186458587646
1778672382022,0.3734954595565796,9.883264541625977,0.5937620401382446
1778672382037,0.3256114423274994,9.864110946655273,-0.3256114423274994
1778672382062,0.4213795065879822,9.864110946655273,0.45010992884635925
1778672382075,0.47884035110473633,9.797073364257812,0.24899697303771973
1778672382103,0.3734954595565796,9.806650161743164,-0.06703764945268631
1778672382115,0.45010992884635925,9.854534149169922,0.4596867263317108
1778672382142,0.40222588181495667,9.835380554199219,0.1149216815829277
1778672382156,0.5554547905921936,9.84495735168457,0.019153613597154617
1778672382181,0.5554547905921936,9.758766174316406,0.43095630407333374
1778672382196,0.43095630407333374,9.768342971801758,-0.20111294090747833
1778672382222,0.4596867263317108,9.864110946655273,0.0
1778672382236,0.43095630407333374,9.768342971801758,0.28730419278144836
1778672382262,0.507570743560791,9.911994934082031,-0.019153613597154617
1778672382275,0.5554547905921936,9.854534149169922,0.15322890877723694
1778672382306,0.6416460275650024,9.835380554199219,-0.09576806426048279
1778672382315,0.5746083855628967,9.825803756713867,-0.08619125932455063
1778672382342,0.5746083855628967,9.84495735168457,0.40222588181495667
1778672382357,0.47884035110473633,9.77791976928711,0.009576806798577309
1778672382382,0.47884035110473633,9.950302124023438,0.19153612852096558
1778672382398,0.545877993106842,9.806650161743164,0.3256114423274994
1778672382422,0.5171475410461426,9.806650161743164,-0.038307227194309235
1778672382439,0.5267243981361389,9.84495735168457,0.33518823981285095
1778672382464,0.6033388376235962,9.84495735168457,0.2585737705230713
1778672382476,0.545877993106842,9.787496566772461,0.0
1778672382502,0.6224924325942993,9.921571731567383,0.40222588181495667
1778672382515,0.6320692300796509,9.825803756713867,-0.019153613597154617
1778672382541,0.5841852426528931,9.864110946655273,0.12449848651885986
1778672382557,0.7182605266571045,9.835380554199219,0.31603461503982544
1778672382581,0.4405331015586853,9.797073364257812,0.019153613597154617
1778672382596,0.6416460275650024,9.873687744140625,0.26815059781074524
1778672382624,0.6607996821403503,9.864110946655273,0.15322890877723694
1778672382635,0.43095630407333374,9.835380554199219,-0.15322890877723694
1778672382662,0.7948749661445618,9.873687744140625,0.3926490843296051
1778672382675,0.6033388376235962,9.883264541625977,0.09576806426048279
1778672382702,0.4884171485900879,9.854534149169922,-0.047884032130241394
1778672382715,0.6512228846549988,9.892841339111328,0.5171475410461426
1778672382742,0.6799532771110535,9.787496566772461,-0.028730420395731926
1778672382755,0.5937620401382446,9.911994934082031,-0.17238251864910126
1778672382781,0.727837324142456,9.892841339111328,0.45010992884635925
1778672382797,0.4596867263317108,9.950302124023438,-0.09576806426048279
1778672382823,0.689530074596405,10.007762908935547,0.2777273952960968
1778672382836,0.5841852426528931,9.806650161743164,0.45010992884635925
1778672382863,0.507570743560791,9.931148529052734,-0.13407529890537262
1778672382875,0.6991068720817566,9.931148529052734,0.35434186458587646
1778672382901,0.5746083855628967,9.825803756713867,0.23942017555236816
1778672382916,0.6033388376235962,9.892841339111328,-0.20111294090747833
1778672382944,0.6320692300796509,9.806650161743164,0.49799394607543945
1778672382955,0.7086837291717529,9.835380554199219,-0.009576806798577309
1778672382982,0.6224924325942993,9.90241813659668,0.009576806798577309
1778672382999,0.6607996821403503,9.940725326538086,0.49799394607543945
1778672383022,0.5267243981361389,9.806650161743164,0.009576806798577309
1778672383035,0.5746083855628967,9.883264541625977,0.15322890877723694
1778672383062,0.5746083855628967,9.854534149169922,0.181959331035614
1778672383075,0.6512228846549988,9.998186111450195,-0.2106897532939911
1778672383103,0.689530074596405,9.988609313964844,0.4405331015586853
1778672383115,0.6129156351089478,9.84495735168457,-0.10534487664699554
1778672383141,0.6224924325942993,9.959878921508789,0.05746084079146385
1778672383156,0.6320692300796509,9.873687744140625,0.47884035110473633
1778672383182,0.47884035110473633,9.758766174316406,0.028730420395731926
1778672383196,0.5746083855628967,9.90241813659668,0.22026655077934265
1778672383222,0.6033388376235962,9.931148529052734,0.31603461503982544
1778672383235,0.4596867263317108,9.90241813659668,-0.28730419278144836
1778672383263,0.47884035110473633,9.998186111450195,0.31603461503982544
1778672383275,0.545877993106842,9.835380554199219,0.3256114423274994
1778672383302,0.5267243981361389,9.892841339111328,-0.22026655077934265
1778672383315,0.5841852426528931,9.787496566772461,0.31603461503982544
1778672383342,0.47884035110473633,9.911994934082031,0.1149216815829277
1778672383356,0.4692635238170624,9.854534149169922,0.12449848651885986
1778672383382,0.6033388376235962,9.816226959228516,0.33518823981285095
1778672383396,0.38307225704193115,9.854534149169922,0.047884032130241394
1778672383422,0.40222588181495667,9.84495735168457,0.009576806798577309
1778672383437,0.4884171485900879,9.787496566772461,0.35434186458587646
1778672383465,0.3447650372982025,9.835380554199219,-0.2298433631658554
1778672383475,0.6224924325942993,9.825803756713867,0.4118026793003082
1778672383503,0.4692635238170624,9.787496566772461,0.09576806426048279
1778672383515,0.38307225704193115,9.84495735168457,-0.13407529890537262
1778672383542,0.4692635238170624,9.921571731567383,0.2585737705230713
1778672383555,0.35434186458587646,9.682151794433594,0.2777273952960968
1778672383581,0.4213795065879822,9.854534149169922,0.13407529890537262
1778672383595,0.5171475410461426,9.883264541625977,0.5267243981361389
1778672383622,0.3064578175544739,9.730035781860352,-0.1628057211637497
1778672383637,0.4884171485900879,9.979032516479492,0.3256114423274994
1778672383665,0.4118026793003082,9.749189376831055,0.19153612852096558
1778672383675,0.3064578175544739,9.864110946655273,-0.07661445438861847
1778672383703,0.4405331015586853,9.931148529052734,0.43095630407333374
1778672383717,0.33518823981285095,9.911994934082031,0.24899697303771973
1778672383742,0.3256114423274994,9.787496566772461,-0.15322890877723694
1778672383756,0.4118026793003082,9.787496566772461,0.4405331015586853
1778672383782,0.2968810200691223,9.940725326538086,-0.07661445438861847
1778672383797,0.5363011956214905,9.950302124023438,0.15322890877723694
1778672383823,0.363918662071228,9.84495735168457,0.12449848651885986
1778672383835,0.24899697303771973,9.835380554199219,-0.10534487664699554
1778672383862,0.2777273952960968,9.854534149169922,0.2298433631658554
1778672383875,0.2585737705230713,9.84495735168457,0.15322890877723694
1778672383902,0.3256114423274994,9.873687744140625,-0.2106897532939911
1778672383920,0.507570743560791,9.864110946655273,0.45010992884635925
1778672383941,0.23942017555236816,9.835380554199219,-0.23942017555236816
1778672383956,0.38307225704193115,9.873687744140625,-0.047884032130241394
1778672383982,0.2585737705230713,9.90241813659668,0.49799394607543945
1778672383997,0.24899697303771973,9.90241813659668,0.09576806426048279
1778672384022,0.24899697303771973,9.950302124023438,0.07661445438861847
1778672384037,0.28730419278144836,9.84495735168457,0.3447650372982025
1778672384064,0.22026655077934265,9.892841339111328,-0.17238251864910126
1778672384075,0.3734954595565796,9.988609313964844,0.363918662071228
1778672384101,0.3256114423274994,9.959878921508789,0.24899697303771973
1778672384117,0.22026655077934265,9.959878921508789,-0.22026655077934265
1778672384142,0.2968810200691223,9.835380554199219,0.33518823981285095
1778672384157,0.20111294090747833,9.911994934082031,-0.10534487664699554
1778672384183,0.2777273952960968,9.90241813659668,-0.13407529890537262
1778672384198,0.33518823981285095,9.883264541625977,0.4884171485900879
1778672384223,0.24899697303771973,9.883264541625977,-0.22026655077934265
1778672384235,0.20111294090747833,9.940725326538086,0.13407529890537262
1778672384262,0.24899697303771973,9.806650161743164,0.181959331035614
1778672384275,0.19153612852096558,9.835380554199219,-0.1149216815829277
1778672384302,0.28730419278144836,9.883264541625977,0.23942017555236816
1778672384317,0.363918662071228,9.84495735168457,0.2106897532939911
1778672384342,0.24899697303771973,9.806650161743164,0.028730420395731926
1778672384357,0.28730419278144836,9.873687744140625,0.4884171485900879
1778672384382,0.20111294090747833,9.873687744140625,-0.05746084079146385
1778672384397,0.2106897532939911,9.873687744140625,0.17238251864910126
1778672384422,0.26815059781074524,9.854534149169922,0.31603461503982544
1778672384435,0.1628057211637497,9.883264541625977,-0.2106897532939911
1778672384462,0.23942017555236816,9.864110946655273,0.31603461503982544
1778672384475,0.17238251864910126,9.84495735168457,0.4692635238170624
1778672384501,0.17238251864910126,9.864110946655273,-0.05746084079146385
1778672384516,0.33518823981285095,9.911994934082031,0.3926490843296051
1778672384541,0.14365209639072418,9.797073364257812,0.08619125932455063
1778672384556,0.20111294090747833,9.90241813659668,-0.33518823981285095
1778672384582,0.2298433631658554,9.854534149169922,0.3447650372982025
1778672384596,0.12449848651885986,9.816226959228516,-0.009576806798577309
1778672384623,0.181959331035614,9.931148529052734,-0.038307227194309235
1778672384636,0.2585737705230713,9.749189376831055,0.4118026793003082
1778672384665,0.14365209639072418,9.892841339111328,-0.06703764945268631
1778672384675,0.23942017555236816,9.988609313964844,0.2298433631658554
1778672384703,0.23942017555236816,9.950302124023438,-0.019153613597154617
1778672384715,0.20111294090747833,9.90241813659668,-0.1628057211637497
1778672384741,0.26815059781074524,9.96945571899414,0.24899697303771973
1778672384756,0.2968810200691223,9.864110946655273,0.0
1778672384782,0.1149216815829277,9.90241813659668,-0.10534487664699554
1778672384796,0.26815059781074524,9.911994934082031,0.4596867263317108
1778672384822,0.09576806426048279,9.84495735168457,-0.08619125932455063
1778672384835,0.22026655077934265,9.90241813659668,0.06703764945268631
1778672384862,0.2298433631658554,9.892841339111328,0.3447650372982025
1778672384875,0.13407529890537262,9.835380554199219,0.0
1778672384905,0.2777273952960968,9.979032516479492,0.363918662071228
1778672384915,0.3064578175544739,9.90241813659668,0.3256114423274994
1778672384941,0.26815059781074524,9.806650161743164,-0.20111294090747833
1778672384958,0.35434186458587646,9.90241813659668,0.4118026793003082
1778672384982,0.2106897532939911,9.758766174316406,0.009576806798577309
1778672384996,0.2585737705230713,9.816226959228516,0.17238251864910126
1778672385023,0.2777273952960968,9.854534149169922,0.23942017555236816
1778672385035,0.19153612852096558,9.835380554199219,-0.019153613597154617
1778672385065,0.2585737705230713,9.911994934082031,0.05746084079146385
1778672385075,0.3256114423274994,9.768342971801758,0.2968810200691223
1778672385101,0.13407529890537262,9.77791976928711,-0.20111294090747833
1778672385116,0.38307225704193115,9.806650161743164,0.43095630407333374
1778672385141,0.38307225704193115,9.797073364257812,-0.15322890877723694
1778672385155,0.363918662071228,9.883264541625977,-0.047884032130241394
1778672385182,0.4596867263317108,9.806650161743164,0.43095630407333374
1778672385198,0.20111294090747833,9.77791976928711,0.13407529890537262
1778672385222,0.31603461503982544,9.90241813659668,0.20111294090747833
1778672385239,0.4884171485900879,9.892841339111328,0.507570743560791
1778672385262,0.363918662071228,9.825803756713867,-0.19153612852096558
1778672385275,0.4596867263317108,9.911994934082031,0.2968810200691223
1778672385302,0.4405331015586853,9.883264541625977,0.19153612852096558
1778672385316,0.363918662071228,9.921571731567383,-0.09576806426048279
1778672385341,0.45010992884635925,9.90241813659668,0.3926490843296051
1778672385356,0.507570743560791,9.825803756713867,0.17238251864910126
1778672385382,0.40222588181495667,9.883264541625977,-0.20111294090747833
1778672385396,0.5171475410461426,9.911994934082031,0.363918662071228
1778672385422,0.3926490843296051,9.854534149169922,-0.06703764945268631
1778672385436,0.3926490843296051,9.950302124023438,-0.038307227194309235
1778672385462,0.49799394607543945,9.864110946655273,0.3926490843296051
1778672385475,0.363918662071228,9.768342971801758,-0.19153612852096558
1778672385502,0.31603461503982544,9.873687744140625,0.2298433631658554
1778672385517,0.5267243981361389,9.911994934082031,0.3256114423274994
1778672385542,0.3256114423274994,9.940725326538086,-0.13407529890537262
1778672385556,0.5363011956214905,9.883264541625977,0.2777273952960968
1778672385582,0.49799394607543945,9.883264541625977,0.038307227194309235
1778672385597,0.45010992884635925,9.921571731567383,0.1149216815829277
1778672385622,0.5650315880775452,9.835380554199219,0.5171475410461426
1778672385635,0.4405331015586853,9.835380554199219,0.07661445438861847
1778672385662,0.5267243981361389,9.921571731567383,0.10534487664699554
1778672385675,0.43095630407333374,9.797073364257812,0.3447650372982025
1778672385702,0.4405331015586853,9.921571731567383,-0.19153612852096558
1778672385715,0.6607996821403503,9.806650161743164,0.5554547905921936
1778672385741,0.6224924325942993,9.758766174316406,0.363918662071228
1778672385756,0.507570743560791,9.835380554199219,-0.4213795065879822
1778672385782,0.7086837291717529,9.854534149169922,0.3447650372982025
1778672385795,0.5267243981361389,9.797073364257812,0.047884032130241394
1778672385822,0.6033388376235962,9.90241813659668,0.06703764945268631
1778672385837,0.689530074596405,9.720458984375,0.2968810200691223
1778672385863,0.5267243981361389,9.864110946655273,0.05746084079146385
1778672385876,0.507570743560791,9.835380554199219,0.0
1778672385901,0.5937620401382446,9.835380554199219,0.3734954595565796
1778672385916,0.45010992884635925,9.892841339111328,-0.047884032130241394
1778672385942,0.6703764796257019,9.816226959228516,0.4213795065879822
1778672385958,0.5937620401382446,9.84495735168457,0.038307227194309235
1778672385981,0.5267243981361389,9.84495735168457,0.009576806798577309
1778672385998,0.6512228846549988,9.854534149169922,0.5937620401382446
1778672386022,0.5650315880775452,9.825803756713867,-0.1149216815829277
1778672386035,0.5171475410461426,10.007762908935547,0.028730420395731926
1778672386063,0.6607996821403503,9.90241813659668,0.43095630407333374
1778672386075,0.45010992884635925,9.825803756713867,-0.13407529890537262
1778672386103,0.5937620401382446,10.046070098876953,0.1628057211637497
1778672386117,0.5650315880775452,9.892841339111328,0.5171475410461426
1778672386142,0.5171475410461426,9.911994934082031,-0.07661445438861847
1778672386156,0.7469909191131592,9.90241813659668,0.33518823981285095
1778672386181,0.6512228846549988,9.883264541625977,0.22026655077934265
1778672386195,0.6033388376235962,9.835380554199219,-0.12449848651885986
1778672386222,0.6512228846549988,10.017339706420898,0.363918662071228
1778672386235,0.4405331015586853,9.873687744140625,-0.181959331035614
1778672386264,0.5171475410461426,9.921571731567383,0.17238251864910126
1778672386276,0.5841852426528931,9.854534149169922,0.2106897532939911
1778672386301,0.38307225704193115,9.825803756713867,0.05746084079146385
1778672386315,0.5937620401382446,9.797073364257812,0.38307225704193115
1778672386341,0.507570743560791,9.758766174316406,0.12449848651885986
1778672386356,0.4596867263317108,9.816226959228516,-0.19153612852096558
1778672386382,0.689530074596405,9.883264541625977,0.3064578175544739
1778672386396,0.5746083855628967,9.883264541625977,0.019153613597154617
1778672386422,0.5746083855628967,9.940725326538086,0.1149216815829277
1778672386438,0.7086837291717529,9.758766174316406,0.6703764796257019
1778672386463,0.363918662071228,9.682151794433594,-0.009576806798577309
1778672386475,0.5363011956214905,9.816226959228516,0.4596867263317108
1778672386502,0.5363011956214905,9.77791976928711,0.43095630407333374
1778672386515,0.363918662071228,9.921571731567383,0.019153613597154617
1778672386541,0.6129156351089478,9.90241813659668,0.3447650372982025
1778672386557,0.545877993106842,9.825803756713867,0.4118026793003082
1778672386581,0.49799394607543945,9.835380554199219,-0.028730420395731926
1778672386598,0.6416460275650024,9.854534149169922,0.3064578175544739
1778672386623,0.4884171485900879,9.892841339111328,0.009576806798577309
1778672386635,0.4405331015586853,9.864110946655273,0.19153612852096558
1778672386665,0.5746083855628967,9.883264541625977,0.5650315880775452
1778672386676,0.4118026793003082,9.864110946655273,-0.12449848651885986
1778672386702,0.49799394607543945,9.90241813659668,0.3256114423274994
1778672386718,0.38307225704193115,9.854534149169922,0.3447650372982025
1778672386742,0.3064578175544739,9.931148529052734,-0.12449848651885986
1778672386756,0.5267243981361389,9.921571731567383,0.23942017555236816
1778672386782,0.5746083855628967,9.883264541625977,-0.12449848651885986
1778672386796,0.507570743560791,9.979032516479492,-0.09576806426048279
1778672386821,0.45010992884635925,9.892841339111328,0.5363011956214905
1778672386837,0.43095630407333374,9.84495735168457,0.047884032130241394
1778672386864,0.3734954595565796,10.007762908935547,-0.009576806798577309
1778672386875,0.5267243981361389,9.950302124023438,0.5841852426528931
1778672386901,0.33518823981285095,9.883264541625977,-0.038307227194309235
1778672386915,0.507570743560791,9.940725326538086,0.4405331015586853
1778672386942,0.35434186458587646,9.864110946655273,0.3256114423274994
1778672386956,0.3447650372982025,9.90241813659668,-0.1628057211637497
1778672386982,0.5554547905921936,9.950302124023438,0.3734954595565796
1778672386995,0.3926490843296051,9.911994934082031,0.019153613597154617
1778672387022,0.363918662071228,9.90241813659668,0.019153613597154617
1778672387035,0.507570743560791,9.825803756713867,0.3256114423274994
1778672387062,0.2585737705230713,9.84495735168457,0.08619125932455063
1778672387077,0.40222588181495667,9.90241813659668,-0.1149216815829277
1778672387101,0.3926490843296051,9.892841339111328,0.3064578175544739
1778672387116,0.24899697303771973,9.77791976928711,0.05746084079146385
1778672387141,0.3447650372982025,9.90241813659668,0.3256114423274994
1778672387156,0.35434186458587646,9.816226959228516,-0.09576806426048279
1778672387181,0.2968810200691223,9.873687744140625,-0.13407529890537262
1778672387196,0.4213795065879822,9.864110946655273,0.33518823981285095
1778672387222,0.31603461503982544,9.77791976928711,-0.07661445438861847
1778672387237,0.3064578175544739,9.873687744140625,0.09576806426048279
1778672387265,0.3256114423274994,9.959878921508789,0.7661445140838623
1778672387275,0.2585737705230713,9.892841339111328,0.20111294090747833
1778672387301,0.3447650372982025,9.873687744140625,0.20111294090747833
1778672387316,0.3447650372982025,9.77791976928711,0.3926490843296051
1778672387341,0.19153612852096558,9.864110946655273,-0.047884032130241394
1778672387356,0.4213795065879822,9.940725326538086,0.26815059781074524
1778672387382,0.3447650372982025,9.797073364257812,0.19153612852096558
1778672387397,0.2585737705230713,9.854534149169922,-0.14365209639072418
1778672387422,0.38307225704193115,9.90241813659668,0.3064578175544739
1778672387436,0.13407529890537262,9.921571731567383,-0.1628057211637497
1778672387462,0.3256114423274994,9.921571731567383,0.06703764945268631
1778672387476,0.40222588181495667,9.864110946655273,0.3064578175544739
1778672387502,0.15322890877723694,9.864110946655273,0.09576806426048279
1778672387515,0.4692635238170624,9.96945571899414,0.17238251864910126
1778672387542,0.28730419278144836,9.730035781860352,0.33518823981285095
1778672387556,0.09576806426048279,9.864110946655273,-0.14365209639072418
1778672387582,0.45010992884635925,9.883264541625977,0.20111294090747833
1778672387596,0.2106897532939911,9.950302124023438,-0.038307227194309235
1778672387622,0.2968810200691223,9.940725326538086,-0.10534487664699554
1778672387637,0.35434186458587646,9.911994934082031,0.5650315880775452
1778672387666,0.22026655077934265,9.749189376831055,0.07661445438861847
1778672387677,0.3447650372982025,9.921571731567383,0.10534487664699554
1778672387702,0.2585737705230713,9.892841339111328,0.4692635238170624
1778672387715,0.2298433631658554,9.84495735168457,-0.06703764945268631
1778672387742,0.363918662071228,9.931148529052734,0.4884171485900879
1778672387756,0.26815059781074524,9.825803756713867,0.3256114423274994
1778672387782,0.2298433631658554,9.701305389404297,0.0
1778672387795,0.4118026793003082,9.911994934082031,0.33518823981285095
1778672387822,0.26815059781074524,9.835380554199219,-0.009576806798577309
1778672387835,0.26815059781074524,9.864110946655273,0.047884032130241394
1778672387862,0.3256114423274994,9.883264541625977,0.4692635238170624
1778672387875,0.17238251864910126,9.739612579345703,-0.08619125932455063
1778672387902,0.26815059781074524,9.854534149169922,0.181959331035614
1778672387916,0.23942017555236816,9.787496566772461,0.5746083855628967
1778672387941,0.1149216815829277,9.84495735168457,0.038307227194309235
1778672387956,0.28730419278144836,9.950302124023438,0.3256114423274994
1778672387982,0.15322890877723694,9.797073364257812,0.12449848651885986
1778672387995,0.2968810200691223,9.883264541625977,-0.06703764945268631
1778672388022,0.3064578175544739,9.835380554199219,0.4692635238170624
1778672388036,0.2968810200691223,9.931148529052734,0.1149216815829277
1778672388062,0.20111294090747833,9.90241813659668,0.09576806426048279
1778672388075,0.3734954595565796,9.940725326538086,0.5171475410461426
1778672388102,0.14365209639072418,9.873687744140625,-0.10534487664699554
1778672388116,0.4213795065879822,9.90241813659668,0.4118026793003082
1778672388142,0.17238251864910126,9.787496566772461,0.10534487664699554
1778672388156,0.14365209639072418,9.892841339111328,-0.09576806426048279
1778672388183,0.4118026793003082,9.911994934082031,0.45010992884635925
1778672388195,0.2298433631658554,9.892841339111328,-0.06703764945268631
1778672388222,0.3447650372982025,10.007762908935547,-0.26815059781074524
1778672388236,0.43095630407333374,9.959878921508789,0.31603461503982544
1778672388261,0.2106897532939911,9.90241813659668,0.10534487664699554
1778672388275,0.4596867263317108,9.998186111450195,-0.23942017555236816
1778672388302,0.3447650372982025,9.892841339111328,0.2968810200691223
1778672388316,0.15322890877723694,9.825803756713867,-0.13407529890537262
1778672388341,0.38307225704193115,9.892841339111328,0.2585737705230713
1778672388356,0.2777273952960968,9.854534149169922,0.24899697303771973
1778672388382,0.23942017555236816,9.797073364257812,-0.1628057211637497
1778672388401,0.5267243981361389,9.959878921508789,0.28730419278144836
1778672388422,0.3256114423274994,9.835380554199219,0.09576806426048279
1778672388437,0.3447650372982025,9.864110946655273,0.1149216815829277
1778672388462,0.3734954595565796,9.854534149169922,0.4596867263317108
1778672388475,0.26815059781074524,9.806650161743164,0.047884032130241394
1778672388501,0.35434186458587646,9.84495735168457,0.028730420395731926
1778672388515,0.4405331015586853,9.854534149169922,0.3256114423274994
1778672388541,0.181959331035614,9.739612579345703,-0.1149216815829277
1778672388556,0.3734954595565796,9.959878921508789,0.5363011956214905
1778672388581,0.28730419278144836,9.84495735168457,0.363918662071228
1778672388598,0.4118026793003082,9.825803756713867,-0.047884032130241394
1778672388623,0.43095630407333374,9.854534149169922,0.3926490843296051
1778672388637,0.43095630407333374,9.883264541625977,0.12449848651885986
1778672388662,0.4213795065879822,9.950302124023438,0.047884032130241394
1778672388675,0.4405331015586853,9.873687744140625,0.3447650372982025
1778672388702,0.3064578175544739,9.873687744140625,0.17238251864910126
1778672388715,0.6033388376235962,9.864110946655273,0.10534487664699554
1778672388742,0.3256114423274994,9.730035781860352,0.363918662071228
1778672388757,0.2968810200691223,9.892841339111328,-0.1628057211637497
1778672388782,0.40222588181495667,9.931148529052734,0.23942017555236816
1778672388797,0.49799394607543945,9.90241813659668,0.09576806426048279
1778672388822,0.4596867263317108,9.873687744140625,-0.06703764945268631
1778672388835,0.5841852426528931,9.950302124023438,0.45010992884635925
1778672388862,0.3926490843296051,9.768342971801758,0.0
1778672388876,0.4884171485900879,9.940725326538086,0.028730420395731926
1778672388902,0.4405331015586853,9.873687744140625,0.4405331015586853
1778672388916,0.35434186458587646,9.892841339111328,0.2298433631658554
1778672388941,0.4884171485900879,9.959878921508789,0.2585737705230713
1778672388955,0.5171475410461426,9.84495735168457,0.2968810200691223
1778672388982,0.507570743560791,9.787496566772461,0.019153613597154617
1778672388998,0.6224924325942993,9.931148529052734,0.507570743560791
1778672389022,0.5171475410461426,9.883264541625977,0.181959331035614
1778672389035,0.507570743560791,9.931148529052734,-0.26815059781074524
1778672389064,0.7374141216278076,9.835380554199219,0.38307225704193115
1778672389076,0.507570743560791,9.806650161743164,-0.009576806798577309
1778672389102,0.5746083855628967,9.825803756713867,0.28730419278144836
1778672389116,0.5746083855628967,9.873687744140625,0.4118026793003082
1778672389142,0.40222588181495667,9.825803756713867,0.047884032130241394
1778672389155,0.5171475410461426,9.90241813659668,0.181959331035614
1778672389182,0.5363011956214905,9.768342971801758,0.45010992884635925
1778672389197,0.5363011956214905,9.806650161743164,0.047884032130241394
1778672389223,0.5363011956214905,9.835380554199219,0.2968810200691223
1778672389235,0.5746083855628967,9.825803756713867,-0.06703764945268631
1778672389262,0.545877993106842,9.940725326538086,0.1628057211637497
1778672389277,0.5171475410461426,9.911994934082031,0.6129156351089478
1778672389301,0.43095630407333374,9.825803756713867,-0.009576806798577309
1778672389316,0.6512228846549988,9.883264541625977,0.1628057211637497
1778672389342,0.5937620401382446,9.892841339111328,0.5554547905921936
1778672389355,0.5171475410461426,9.883264541625977,-0.181959331035614
1778672389382,0.5746083855628967,9.883264541625977,0.2968810200691223
1778672389395,0.47884035110473633,9.797073364257812,0.07661445438861847
1778672389422,0.47884035110473633,9.892841339111328,-0.1149216815829277
1778672389435,0.7182605266571045,9.90241813659668,0.26815059781074524
1778672389463,0.43095630407333374,9.797073364257812,0.08619125932455063
1778672389475,0.47884035110473633,9.825803756713867,-0.1149216815829277
1778672389501,0.5650315880775452,9.90241813659668,0.363918662071228
1778672389515,0.40222588181495667,9.90241813659668,-0.08619125932455063
1778672389542,0.43095630407333374,9.854534149169922,0.24899697303771973
1778672389556,0.5363011956214905,9.768342971801758,0.4692635238170624
1778672389581,0.4405331015586853,9.701305389404297,-0.1149216815829277
1778672389596,0.5171475410461426,9.873687744140625,0.4405331015586853
1778672389622,0.5267243981361389,9.787496566772461,0.38307225704193115
1778672389635,0.5841852426528931,9.90241813659668,0.13407529890537262
1778672389662,0.5937620401382446,9.806650161743164,0.6224924325942993
1778672389677,0.4692635238170624,9.758766174316406,0.13407529890537262
1778672389704,0.5171475410461426,9.816226959228516,0.047884032130241394
1778672389715,0.6224924325942993,9.921571731567383,0.5746083855628967
1778672389742,0.4596867263317108,9.825803756713867,0.06703764945268631
1778672389756,0.689530074596405,9.864110946655273,0.1149216815829277
1778672389782,0.45010992884635925,9.758766174316406,0.3256114423274994
1778672389797,0.45010992884635925,9.864110946655273,-0.07661445438861847
1778672389822,0.6512228846549988,9.797073364257812,0.31603461503982544
1778672389835,0.5171475410461426,9.854534149169922,0.17238251864910126
1778672389864,0.5171475410461426,9.77791976928711,-0.05746084079146385
1778672389875,0.5267243981361389,9.90241813659668,0.3447650372982025
1778672389902,0.49799394607543945,9.84495735168457,0.17238251864910126
1778672389915,0.5171475410461426,9.768342971801758,0.20111294090747833
1778672389942,0.4213795065879822,9.643844604492188,0.2777273952960968
1778672389956,0.363918662071228,9.892841339111328,-0.1628057211637497
1778672389981,0.3926490843296051,9.940725326538086,0.31603461503982544
1778672389997,0.47884035110473633,9.90241813659668,0.3447650372982025
1778672390022,0.3926490843296051,9.90241813659668,-0.1628057211637497
1778672390035,0.6129156351089478,9.959878921508789,0.507570743560791
1778672390062,0.3926490843296051,9.835380554199219,-0.019153613597154617
1778672390075,0.4596867263317108,10.017339706420898,0.0
1778672390101,0.3734954595565796,9.940725326538086,0.6320692300796509
1778672390115,0.33518823981285095,9.998186111450195,0.06703764945268631
1778672390142,0.4213795065879822,9.988609313964844,0.17238251864910126
1778672390156,0.43095630407333374,9.911994934082031,0.33518823981285095
1778672390182,0.17238251864910126,9.90241813659668,0.1628057211637497
1778672390196,0.47884035110473633,9.96945571899414,0.3734954595565796
1778672390227,0.33518823981285095,9.84495735168457,0.28730419278144836
1778672390235,0.35434186458587646,9.883264541625977,-0.24899697303771973
1778672390265,0.3926490843296051,9.950302124023438,0.38307225704193115
1778672390276,0.4213795065879822,9.921571731567383,-0.06703764945268631
1778672390301,0.45010992884635925,9.873687744140625,-0.047884032130241394
1778672390316,0.40222588181495667,9.854534149169922,0.43095630407333374
1778672390343,0.22026655077934265,9.816226959228516,0.038307227194309235
1778672390356,0.45010992884635925,9.959878921508789,0.22026655077934265
1778672390382,0.3734954595565796,9.854534149169922,0.33518823981285095
1778672390396,0.4118026793003082,9.931148529052734,-0.19153612852096558
1778672390422,0.3447650372982025,9.911994934082031,0.3447650372982025
1778672390435,0.4405331015586853,9.90241813659668,0.47884035110473633
1778672390462,0.3926490843296051,9.825803756713867,0.038307227194309235
1778672390475,0.3447650372982025,9.950302124023438,0.545877993106842
1778672390502,0.2298433631658554,9.806650161743164,0.06703764945268631
1778672390515,0.4213795065879822,9.911994934082031,0.14365209639072418
1778672390543,0.45010992884635925,9.90241813659668,0.5554547905921936
1778672390557,0.2298433631658554,9.825803756713867,-0.14365209639072418
1778672390582,0.4118026793003082,9.864110946655273,0.2106897532939911
1778672390596,0.22026655077934265,9.854534149169922,0.10534487664699554
1778672390623,0.33518823981285095,9.825803756713867,-0.07661445438861847
1778672390635,0.4884171485900879,9.911994934082031,0.363918662071228
1778672390663,0.22026655077934265,9.768342971801758,0.2298433631658554
1778672390676,0.3447650372982025,9.864110946655273,-0.2106897532939911
1778672390702,0.38307225704193115,9.797073364257812,0.26815059781074524
1778672390715,0.24899697303771973,9.835380554199219,0.019153613597154617
1778672390741,0.3256114423274994,9.883264541625977,0.40222588181495667
1778672390758,0.31603461503982544,9.84495735168457,0.49799394607543945
1778672390781,0.19153612852096558,9.749189376831055,-0.10534487664699554
1778672390799,0.3447650372982025,9.90241813659668,0.4405331015586853
1778672390822,0.24899697303771973,9.787496566772461,0.2106897532939911
1778672390835,0.17238251864910126,9.864110946655273,-0.1628057211637497
1778672390862,0.3734954595565796,9.883264541625977,0.47884035110473633
1778672390877,0.15322890877723694,9.825803756713867,0.08619125932455063
1778672390903,0.28730419278144836,9.864110946655273,0.08619125932455063
1778672390915,0.35434186458587646,9.758766174316406,0.7374141216278076
1778672390945,0.22026655077934265,9.84495735168457,0.07661445438861847
1778672390957,0.2968810200691223,9.979032516479492,-0.05746084079146385
1778672390982,0.2968810200691223,9.835380554199219,0.5554547905921936
1778672390998,0.2777273952960968,9.854534149169922,-0.23942017555236816
1778672391021,0.40222588181495667,9.892841339111328,0.33518823981285095
1778672391039,0.3256114423274994,9.825803756713867,0.31603461503982544
1778672391065,0.35434186458587646,9.892841339111328,-0.09576806426048279
1778672391075,0.47884035110473633,9.883264541625977,0.33518823981285095
1778672391101,0.28730419278144836,9.854534149169922,0.047884032130241394
1778672391115,0.43095630407333374,9.96945571899414,-0.038307227194309235
1778672391141,0.31603461503982544,9.768342971801758,0.4884171485900879
1778672391155,0.17238251864910126,9.835380554199219,-0.05746084079146385
1778672391183,0.33518823981285095,9.950302124023438,0.22026655077934265
1778672391195,0.38307225704193115,9.825803756713867,0.19153612852096558
1778672391222,0.2585737705230713,9.84495735168457,-0.15322890877723694
1778672391236,0.363918662071228,9.911994934082031,0.45010992884635925
1778672391264,0.33518823981285095,9.816226959228516,0.3256114423274994
1778672391275,0.3734954595565796,9.84495735168457,-0.10534487664699554
1778672391301,0.3447650372982025,9.883264541625977,0.4884171485900879
1778672391315,0.24899697303771973,9.864110946655273,0.05746084079146385
1778672391343,0.363918662071228,9.940725326538086,0.19153612852096558
1778672391357,0.3734954595565796,9.873687744140625,0.363918662071228
1778672391382,0.2585737705230713,9.864110946655273,0.13407529890537262
1778672391398,0.2968810200691223,9.931148529052734,0.038307227194309235
1778672391422,0.26815059781074524,9.921571731567383,0.2777273952960968
1778672391437,0.3447650372982025,9.959878921508789,-0.17238251864910126
1778672391462,0.4405331015586853,9.940725326538086,0.33518823981285095
1778672391475,0.38307225704193115,9.892841339111328,-0.09576806426048279
1778672391502,0.31603461503982544,9.921571731567383,-0.019153613597154617
1778672391515,0.3447650372982025,9.96945571899414,0.47884035110473633
1778672391542,0.17238251864910126,9.959878921508789,-0.038307227194309235
1778672391557,0.3734954595565796,9.988609313964844,0.24899697303771973
1778672391581,0.3064578175544739,9.816226959228516,0.3926490843296051
1778672391596,0.3064578175544739,9.911994934082031,-0.13407529890537262
1778672391623,0.3734954595565796,9.931148529052734,0.28730419278144836
1778672391635,0.2968810200691223,9.892841339111328,0.5171475410461426
1778672391663,0.33518823981285095,9.950302124023438,-0.10534487664699554
1778672391675,0.43095630407333374,9.950302124023438,0.43095630407333374
1778672391702,0.2298433631658554,9.825803756713867,0.0
1778672391716,0.3734954595565796,9.979032516479492,0.1149216815829277
1778672391742,0.4692635238170624,9.911994934082031,0.6320692300796509
1778672391756,0.19153612852096558,9.854534149169922,-0.19153612852096558
1778672391782,0.28730419278144836,9.911994934082031,-0.019153613597154617
1778672391796,0.4213795065879822,9.825803756713867,0.363918662071228
1778672391823,0.2298433631658554,9.787496566772461,0.10534487664699554
1778672391836,0.6033388376235962,9.931148529052734,0.4118026793003082
1778672391862,0.31603461503982544,9.825803756713867,0.24899697303771973
1778672391875,0.3926490843296051,9.835380554199219,-0.2106897532939911
1778672391902,0.4118026793003082,9.835380554199219,0.19153612852096558
1778672391915,0.43095630407333374,9.854534149169922,0.0
1778672391944,0.2585737705230713,9.787496566772461,-0.07661445438861847
1778672391956,0.4596867263317108,9.940725326538086,0.727837324142456
1778672391981,0.28730419278144836,9.758766174316406,-0.05746084079146385
1778672391998,0.40222588181495667,9.84495735168457,0.2106897532939911
1778672392022,0.3734954595565796,9.873687744140625,0.28730419278144836
1778672392035,0.38307225704193115,9.806650161743164,-0.1149216815829277
1778672392062,0.4213795065879822,9.90241813659668,0.3734954595565796
1778672392075,0.3447650372982025,9.892841339111328,0.3256114423274994
1778672392102,0.40222588181495667,9.797073364257812,-0.07661445438861847
1778672392116,0.4596867263317108,9.77791976928711,0.7757213711738586
1778672392141,0.33518823981285095,9.90241813659668,0.10534487664699554
1778672392157,0.4884171485900879,9.931148529052734,0.009576806798577309
1778672392182,0.5171475410461426,9.806650161743164,0.4213795065879822
1778672392197,0.40222588181495667,9.96945571899414,-0.12449848651885986
1778672392222,0.45010992884635925,9.911994934082031,0.2968810200691223
1778672392237,0.40222588181495667,9.816226959228516,0.2968810200691223
1778672392265,0.5267243981361389,9.816226959228516,-0.14365209639072418
1778672392275,0.5267243981361389,9.921571731567383,0.3447650372982025
1778672392301,0.5267243981361389,9.835380554199219,0.05746084079146385
1778672392316,0.5841852426528931,9.950302124023438,0.13407529890537262
1778672392344,0.47884035110473633,9.950302124023438,0.5363011956214905
1778672392356,0.49799394607543945,9.873687744140625,-0.019153613597154617
1778672392383,0.5171475410461426,9.921571731567383,0.1149216815829277
1778672392397,0.5650315880775452,9.84495735168457,0.3734954595565796
1778672392422,0.5267243981361389,9.797073364257812,0.019153613597154617
1778672392436,0.6799532771110535,9.921571731567383,0.4596867263317108
1778672392462,0.5267243981361389,9.873687744140625,0.4213795065879822
1778672392475,0.49799394607543945,9.816226959228516,-0.19153612852096558
1778672392502,0.7852981686592102,9.96945571899414,0.3734954595565796
1778672392516,0.6320692300796509,9.787496566772461,0.15322890877723694
1778672392542,0.5937620401382446,9.959878921508789,0.17238251864910126
1778672392557,0.6224924325942993,9.911994934082031,0.45010992884635925
1778672392581,0.4213795065879822,9.806650161743164,0.23942017555236816
1778672392595,0.6224924325942993,9.90241813659668,0.1149216815829277
1778672392623,0.5171475410461426,9.739612579345703,0.3447650372982025
1778672392635,0.4596867263317108,9.787496566772461,0.22026655077934265
1778672392662,0.6416460275650024,9.911994934082031,0.4596867263317108
1778672392676,0.6224924325942993,9.90241813659668,0.17238251864910126
1778672392708,0.5841852426528931,9.854534149169922,-0.1628057211637497
1778672392715,0.6991068720817566,9.84495735168457,0.49799394607543945
1778672392741,0.507570743560791,9.806650161743164,0.038307227194309235
1778672392756,0.5554547905921936,9.931148529052734,0.1628057211637497
1778672392782,0.5746083855628967,9.816226959228516,0.6224924325942993
1778672392796,0.49799394607543945,9.873687744140625,-0.028730420395731926
1778672392822,0.6224924325942993,9.90241813659668,0.28730419278144836
1778672392836,0.4596867263317108,9.739612579345703,0.727837324142456
1778672392862,0.507570743560791,9.806650161743164,0.05746084079146385
1778672392876,0.5267243981361389,9.96945571899414,0.2585737705230713
1778672392902,0.4596867263317108,9.883264541625977,0.3447650372982025
1778672392915,0.49799394607543945,9.921571731567383,0.019153613597154617
1778672392942,0.6033388376235962,9.883264541625977,0.5554547905921936
1778672392956,0.38307225704193115,9.84495735168457,-0.019153613597154617
1778672392981,0.5267243981361389,9.96945571899414,-0.06703764945268631
1778672392998,0.49799394607543945,9.921571731567383,0.23942017555236816
1778672393021,0.38307225704193115,9.84495735168457,0.038307227194309235
1778672393037,0.5650315880775452,10.02691650390625,0.2106897532939911
1778672393064,0.45010992884635925,9.825803756713867,0.2777273952960968
1778672393075,0.4692635238170624,9.90241813659668,-0.038307227194309235
1778672393102,0.6129156351089478,9.873687744140625,0.2777273952960968
1778672393115,0.5267243981361389,9.921571731567383,0.05746084079146385
1778672393141,0.49799394607543945,9.911994934082031,-0.019153613597154617
1778672393157,0.5650315880775452,9.921571731567383,0.5267243981361389
1778672393182,0.40222588181495667,9.873687744140625,-0.1149216815829277
1778672393196,0.43095630407333374,9.90241813659668,0.14365209639072418
1778672393222,0.4692635238170624,9.825803756713867,0.35434186458587646
1778672393235,0.3734954595565796,9.854534149169922,-0.09576806426048279
1778672393263,0.40222588181495667,9.90241813659668,0.5363011956214905
1778672393275,0.49799394607543945,9.892841339111328,0.363918662071228
1778672393302,0.4405331015586853,9.806650161743164,-0.028730420395731926
1778672393315,0.6129156351089478,9.835380554199219,0.5363011956214905
1778672393341,0.26815059781074524,9.787496566772461,0.20111294090747833
1778672393356,0.4213795065879822,9.892841339111328,0.15322890877723694
1778672393381,0.43095630407333374,9.816226959228516,0.4596867263317108
1778672393399,0.45010992884635925,9.921571731567383,-0.10534487664699554
1778672393422,0.45010992884635925,9.864110946655273,0.028730420395731926
1778672393436,0.43095630407333374,9.825803756713867,0.33518823981285095
1778672393464,0.3447650372982025,9.892841339111328,-0.2777273952960968
1778672393475,0.5171475410461426,9.950302124023438,0.47884035110473633
1778672393501,0.3064578175544739,9.758766174316406,0.12449848651885986
1778672393515,0.4213795065879822,9.883264541625977,0.038307227194309235
1778672393542,0.43095630407333374,9.892841339111328,0.4118026793003082
1778672393557,0.4213795065879822,9.816226959228516,0.019153613597154617
1778672393581,0.3734954595565796,9.950302124023438,0.13407529890537262
1778672393597,0.363918662071228,9.825803756713867,0.4692635238170624
1778672393622,0.22026655077934265,9.787496566772461,-0.038307227194309235
1778672393635,0.3256114423274994,9.959878921508789,0.2585737705230713
1778672393663,0.2968810200691223,9.77791976928711,0.3926490843296051
1778672393676,0.2777273952960968,9.854534149169922,-0.1149216815829277
1778672393701,0.4118026793003082,9.959878921508789,0.4213795065879822
1778672393715,0.35434186458587646,9.749189376831055,0.38307225704193115
1778672393742,0.3064578175544739,9.873687744140625,0.038307227194309235
1778672393756,0.4596867263317108,9.806650161743164,0.5746083855628967
1778672393782,0.23942017555236816,9.797073364257812,0.17238251864910126
1778672393796,0.3926490843296051,9.883264541625977,-0.038307227194309235
1778672393823,0.3926490843296051,9.854534149169922,0.3447650372982025
1778672393835,0.28730419278144836,9.797073364257812,0.17238251864910126
1778672393862,0.31603461503982544,9.787496566772461,0.28730419278144836
1778672393875,0.47884035110473633,9.816226959228516,0.47884035110473633
1778672393902,0.40222588181495667,9.835380554199219,-0.07661445438861847
1778672393915,0.43095630407333374,9.883264541625977,0.5746083855628967
1778672393942,0.4118026793003082,9.940725326538086,0.06703764945268631
1778672393956,0.28730419278144836,9.835380554199219,-0.09576806426048279
1778672393981,0.45010992884635925,9.864110946655273,0.6320692300796509
1778672393996,0.2777273952960968,9.797073364257812,-0.038307227194309235
1778672394023,0.28730419278144836,9.873687744140625,0.35434186458587646
1778672394040,0.3256114423274994,9.816226959228516,0.45010992884635925
1778672394062,0.2298433631658554,9.787496566772461,-0.028730420395731926
1778672394075,0.38307225704193115,9.931148529052734,0.4118026793003082
1778672394102,0.26815059781074524,9.787496566772461,0.3447650372982025
1778672394115,0.35434186458587646,9.873687744140625,-0.1149216815829277
1778672394141,0.43095630407333374,9.825803756713867,0.5650315880775452
1778672394157,0.17238251864910126,9.77791976928711,-0.07661445438861847
1778672394182,0.35434186458587646,9.921571731567383,-0.06703764945268631
1778672394197,0.3064578175544739,9.806650161743164,0.5841852426528931
1778672394222,0.20111294090747833,9.787496566772461,-0.019153613597154617
1778672394236,0.35434186458587646,9.979032516479492,0.20111294090747833
1778672394262,0.2968810200691223,9.892841339111328,0.20111294090747833
1778672394275,0.3256114423274994,9.921571731567383,-0.12449848651885986
1778672394302,0.4405331015586853,9.911994934082031,0.3256114423274994
1778672394317,0.3926490843296051,9.854534149169922,0.06703764945268631
1778672394341,0.2106897532939911,9.921571731567383,-0.1149216815829277
1778672394357,0.3447650372982025,9.950302124023438,0.3064578175544739
1778672394381,0.3256114423274994,9.940725326538086,0.0
1778672394398,0.3926490843296051,9.96945571899414,0.009576806798577309
1778672394422,0.26815059781074524,9.892841339111328,0.43095630407333374
1778672394436,0.20111294090747833,9.84495735168457,-0.028730420395731926
1778672394462,0.3734954595565796,10.02691650390625,0.4118026793003082
1778672394475,0.35434186458587646,9.921571731567383,0.4213795065879822
1778672394501,0.2585737705230713,9.873687744140625,-0.13407529890537262
1778672394516,0.43095630407333374,9.911994934082031,0.4213795065879822
1778672394541,0.26815059781074524,9.864110946655273,0.26815059781074524
1778672394556,0.3064578175544739,9.950302124023438,0.14365209639072418
1778672394582,0.2968810200691223,9.921571731567383,0.5267243981361389
1778672394598,0.23942017555236816,9.998186111450195,-0.019153613597154617
1778672394623,0.3734954595565796,10.02691650390625,-0.019153613597154617
1778672394636,0.3926490843296051,9.931148529052734,0.3447650372982025
1778672394662,0.28730419278144836,9.835380554199219,-0.07661445438861847
1778672394675,0.3926490843296051,9.950302124023438,0.363918662071228
1778672394701,0.3064578175544739,9.835380554199219,0.3926490843296051
1778672394715,0.3447650372982025,9.883264541625977,-0.09576806426048279
1778672394741,0.49799394607543945,9.940725326538086,0.35434186458587646
1778672394758,0.33518823981285095,9.864110946655273,0.0
1778672394781,0.3734954595565796,9.90241813659668,-0.038307227194309235
1778672394797,0.3926490843296051,9.84495735168457,0.5171475410461426
1778672394822,0.23942017555236816,9.864110946655273,0.047884032130241394
1778672394835,0.40222588181495667,9.959878921508789,0.038307227194309235
1778672394863,0.3064578175544739,9.873687744140625,0.26815059781074524
1778672394875,0.31603461503982544,9.797073364257812,-0.009576806798577309
1778672394902,0.3926490843296051,9.90241813659668,0.3447650372982025
1778672394915,0.3256114423274994,9.787496566772461,0.4118026793003082
1778672394941,0.2585737705230713,9.816226959228516,-0.15322890877723694
1778672394957,0.363918662071228,9.959878921508789,0.4118026793003082
1778672394982,0.23942017555236816,9.883264541625977,-0.019153613597154617
1778672394997,0.3447650372982025,9.864110946655273,0.20111294090747833
1778672395023,0.363918662071228,9.864110946655273,0.49799394607543945
1778672395037,0.3064578175544739,9.787496566772461,0.009576806798577309
1778672395063,0.31603461503982544,9.854534149169922,0.10534487664699554
1778672395075,0.3447650372982025,9.854534149169922,0.38307225704193115
1778672395106,0.363918662071228,9.825803756713867,-0.19153612852096558
1778672395115,0.4213795065879822,9.768342971801758,0.6033388376235962
1778672395141,0.40222588181495667,9.835380554199219,0.2968810200691223
1778672395158,0.3734954595565796,9.825803756713867,-0.13407529890537262
1778672395181,0.45010992884635925,9.998186111450195,0.49799394607543945
1778672395196,0.3734954595565796,9.816226959228516,0.1149216815829277
1778672395222,0.40222588181495667,9.892841339111328,-0.009576806798577309
1778672395239,0.40222588181495667,9.77791976928711,0.5650315880775452
1778672395262,0.31603461503982544,9.835380554199219,0.009576806798577309
1778672395275,0.4405331015586853,9.921571731567383,0.38307225704193115
1778672395302,0.31603461503982544,9.806650161743164,0.4405331015586853
1778672395316,0.4118026793003082,9.854534149169922,0.14365209639072418
1778672395341,0.5267243981361389,9.959878921508789,0.2968810200691223
1778672395356,0.4692635238170624,9.883264541625977,0.12449848651885986
1778672395381,0.4692635238170624,9.90241813659668,0.181959331035614
1778672395399,0.43095630407333374,9.816226959228516,0.5937620401382446
1778672395422,0.31603461503982544,9.797073364257812,0.15322890877723694
1778672395437,0.5363011956214905,9.931148529052734,0.019153613597154617
1778672395469,0.49799394607543945,9.950302124023438,0.2585737705230713
1778672395475,0.31603461503982544,9.84495735168457,0.09576806426048279
1778672395502,0.5746083855628967,9.911994934082031,0.45010992884635925
1778672395515,0.4692635238170624,9.816226959228516,0.33518823981285095
1778672395542,0.47884035110473633,9.873687744140625,0.08619125932455063
1778672395557,0.5650315880775452,9.816226959228516,0.24899697303771973
1778672395581,0.49799394607543945,9.816226959228516,-0.05746084079146385
1778672395595,0.4884171485900879,9.806650161743164,0.12449848651885986
1778672395623,0.6416460275650024,9.835380554199219,0.4596867263317108
1778672395642,0.35434186458587646,9.84495735168457,0.08619125932455063
1778672395662,0.40222588181495667,9.84495735168457,0.35434186458587646
1778672395675,0.363918662071228,9.911994934082031,0.3926490843296051
1778672395707,0.45010992884635925,9.825803756713867,-0.06703764945268631
1778672395715,0.545877993106842,9.911994934082031,0.727837324142456
1778672395741,0.4884171485900879,9.854534149169922,0.4213795065879822
1778672395759,0.43095630407333374,9.825803756713867,0.12449848651885986
1778672395781,0.4405331015586853,9.921571731567383,0.5171475410461426
1778672395797,0.4692635238170624,9.864110946655273,0.009576806798577309
1778672395822,0.6320692300796509,10.036493301391602,0.047884032130241394
1778672395835,0.49799394607543945,9.892841339111328,0.49799394607543945
1778672395862,0.4596867263317108,9.911994934082031,0.009576806798577309
1778672395875,0.5171475410461426,9.950302124023438,0.08619125932455063
1778672395905,0.5746083855628967,9.873687744140625,0.3734954595565796
1778672395916,0.4692635238170624,9.921571731567383,-0.17238251864910126
1778672395942,0.6033388376235962,10.036493301391602,0.28730419278144836
1778672395956,0.545877993106842,9.892841339111328,0.23942017555236816
1778672395981,0.507570743560791,9.90241813659668,-0.05746084079146385
1778672395996,0.689530074596405,9.90241813659668,0.3734954595565796
1778672396022,0.4596867263317108,9.816226959228516,-0.12449848651885986
1778672396035,0.6607996821403503,9.90241813659668,0.08619125932455063
1778672396064,0.49799394607543945,9.873687744140625,0.24899697303771973
1778672396075,0.4213795065879822,9.825803756713867,-0.019153613597154617
1778672396103,0.5363011956214905,9.873687744140625,0.31603461503982544
1778672396116,0.5363011956214905,9.797073364257812,0.47884035110473633
1778672396141,0.4405331015586853,9.883264541625977,-0.1149216815829277
1778672396155,0.5746083855628967,9.979032516479492,0.5267243981361389
1778672396182,0.4213795065879822,9.825803756713867,-0.07661445438861847
1778672396195,0.5746083855628967,9.979032516479492,-0.06703764945268631
1778672396222,0.5650315880775452,9.854534149169922,0.4596867263317108
1778672396236,0.38307225704193115,9.768342971801758,0.09576806426048279
1778672396262,0.47884035110473633,9.825803756713867,0.09576806426048279
1778672396276,0.5267243981361389,9.883264541625977,0.363918662071228
1778672396302,0.47884035110473633,9.883264541625977,0.15322890877723694
1778672396316,0.6129156351089478,9.883264541625977,0.3734954595565796
1778672396343,0.4118026793003082,9.835380554199219,0.4118026793003082
1778672396357,0.47884035110473633,9.797073364257812,0.009576806798577309
1778672396382,0.6033388376235962,9.825803756713867,0.4118026793003082
1778672396396,0.49799394607543945,9.816226959228516,0.12449848651885986
1778672396422,0.5363011956214905,9.873687744140625,0.028730420395731926
1778672396437,0.4884171485900879,9.854534149169922,0.6799532771110535
1778672396463,0.4405331015586853,9.806650161743164,0.0
1778672396475,0.5171475410461426,9.835380554199219,0.43095630407333374
1778672396502,0.35434186458587646,9.797073364257812,0.33518823981285095
1778672396516,0.43095630407333374,9.892841339111328,-0.028730420395731926
1778672396542,0.5267243981361389,10.02691650390625,0.23942017555236816
1778672396558,0.507570743560791,9.835380554199219,0.363918662071228
1778672396583,0.45010992884635925,9.940725326538086,0.07661445438861847
1778672396599,0.43095630407333374,9.758766174316406,0.6033388376235962
1778672396623,0.26815059781074524,9.90241813659668,-0.019153613597154617
1778672396635,0.47884035110473633,9.950302124023438,0.038307227194309235
1778672396662,0.4596867263317108,9.988609313964844,0.5363011956214905
1778672396675,0.38307225704193115,9.864110946655273,-0.07661445438861847
1778672396703,0.40222588181495667,9.979032516479492,0.35434186458587646
1778672396717,0.3256114423274994,9.873687744140625,0.6033388376235962
1778672396742,0.363918662071228,9.816226959228516,0.028730420395731926
1778672396757,0.4405331015586853,9.892841339111328,0.43095630407333374
1778672396782,0.45010992884635925,9.864110946655273,0.1628057211637497
1778672396796,0.4596867263317108,9.921571731567383,-0.1149216815829277
1778672396823,0.40222588181495667,9.950302124023438,0.38307225704193115
1778672396837,0.2777273952960968,9.797073364257812,0.15322890877723694
1778672396864,0.4118026793003082,9.864110946655273,-0.028730420395731926
1778672396875,0.4405331015586853,9.90241813659668,0.35434186458587646
1778672396901,0.2777273952960968,9.77791976928711,-0.1628057211637497
1778672396916,0.33518823981285095,9.883264541625977,0.23942017555236816
1778672396941,0.35434186458587646,9.883264541625977,0.2777273952960968
1778672396957,0.33518823981285095,9.797073364257812,-0.047884032130241394
1778672396982,0.43095630407333374,9.892841339111328,0.6416460275650024
1778672396996,0.3064578175544739,9.873687744140625,-0.15322890877723694
1778672397022,0.3447650372982025,10.007762908935547,-0.09576806426048279
1778672397035,0.3734954595565796,9.854534149169922,0.24899697303771973
1778672397061,0.26815059781074524,9.84495735168457,-0.028730420395731926
1778672397075,0.363918662071228,9.84495735168457,0.12449848651885986
1778672397101,0.3447650372982025,9.816226959228516,0.3447650372982025
1778672397115,0.2777273952960968,9.84495735168457,-0.33518823981285095
1778672397143,0.4405331015586853,9.950302124023438,0.181959331035614
1778672397155,0.2968810200691223,9.787496566772461,0.4118026793003082
1778672397182,0.3064578175544739,9.892841339111328,-0.23942017555236816
1778672397195,0.40222588181495667,9.892841339111328,0.363918662071228
1778672397222,0.38307225704193115,9.797073364257812,0.09576806426048279
1778672397236,0.5267243981361389,9.959878921508789,0.23942017555236816
1778672397262,0.3447650372982025,9.959878921508789,0.15322890877723694
1778672397275,0.3447650372982025,9.835380554199219,-0.07661445438861847
1778672397301,0.363918662071228,9.873687744140625,0.12449848651885986
1778672397320,0.2777273952960968,9.797073364257812,0.3734954595565796
1778672397341,0.2777273952960968,9.864110946655273,-0.028730420395731926
1778672397356,0.507570743560791,9.950302124023438,0.3926490843296051
1778672397382,0.3447650372982025,9.90241813659668,-0.14365209639072418
1778672397396,0.363918662071228,9.892841339111328,-0.22026655077934265
1778672397421,0.363918662071228,9.806650161743164,0.4596867263317108
1778672397435,0.363918662071228,9.787496566772461,0.028730420395731926
1778672397465,0.3064578175544739,9.835380554199219,0.10534487664699554
1778672397477,0.43095630407333374,9.883264541625977,0.4884171485900879
1778672397502,0.15322890877723694,9.864110946655273,-0.2777273952960968
1778672397516,0.2777273952960968,9.883264541625977,0.507570743560791
1778672397541,0.28730419278144836,9.835380554199219,0.3256114423274994
1778672397558,0.3256114423274994,9.797073364257812,-0.047884032130241394
1778672397582,0.28730419278144836,9.806650161743164,0.363918662071228
1778672397596,0.4118026793003082,9.854534149169922,0.363918662071228
1778672397622,0.2968810200691223,9.84495735168457,-0.28730419278144836
1778672397635,0.4118026793003082,9.825803756713867,0.7182605266571045
1778672397664,0.26815059781074524,9.84495735168457,0.08619125932455063
1778672397675,0.3926490843296051,9.883264541625977,0.2777273952960968
1778672397704,0.2777273952960968,9.77791976928711,0.4596867263317108
1778672397716,0.181959331035614,9.911994934082031,0.07661445438861847
1778672397741,0.3926490843296051,9.998186111450195,0.06703764945268631
1778672397758,0.2777273952960968,9.825803756713867,0.12449848651885986
1778672397782,0.2968810200691223,9.940725326538086,0.028730420395731926
1778672397796,0.3926490843296051,9.835380554199219,0.4213795065879822
1778672397822,0.28730419278144836,9.873687744140625,0.07661445438861847
1778672397835,0.3734954595565796,9.911994934082031,0.047884032130241394
1778672397861,0.23942017555236816,9.998186111450195,0.363918662071228
1778672397876,0.31603461503982544,9.864110946655273,0.19153612852096558
1778672397901,0.26815059781074524,9.854534149169922,0.28730419278144836
1778672397915,0.3064578175544739,9.816226959228516,0.363918662071228
1778672397942,0.181959331035614,9.892841339111328,-0.019153613597154617
1778672397956,0.3256114423274994,10.02691650390625,0.47884035110473633
1778672397982,0.3064578175544739,9.921571731567383,0.23942017555236816
1778672397997,0.363918662071228,9.940725326538086,0.06703764945268631
1778672398022,0.4213795065879822,9.835380554199219,0.3447650372982025
1778672398036,0.24899697303771973,9.749189376831055,0.13407529890537262
1778672398062,0.3064578175544739,9.883264541625977,0.20111294090747833
1778672398076,0.43095630407333374,9.940725326538086,0.5554547905921936
1778672398101,0.28730419278144836,9.892841339111328,-0.10534487664699554
1778672398116,0.35434186458587646,9.979032516479492,0.15322890877723694
1778672398142,0.23942017555236816,9.854534149169922,0.43095630407333374
1778672398157,0.2968810200691223,9.797073364257812,-0.31603461503982544
1778672398182,0.4692635238170624,9.864110946655273,0.40222588181495667
1778672398196,0.43095630407333374,9.911994934082031,-0.181959331035614
1778672398222,0.3447650372982025,10.036493301391602,-0.26815059781074524
1778672398235,0.49799394607543945,9.90241813659668,0.33518823981285095
1778672398262,0.35434186458587646,9.797073364257812,-0.009576806798577309
1778672398275,0.40222588181495667,9.921571731567383,0.1149216815829277
1778672398302,0.28730419278144836,9.825803756713867,0.26815059781074524
1778672398315,0.35434186458587646,9.911994934082031,-0.181959331035614
1778672398342,0.38307225704193115,9.90241813659668,0.15322890877723694
1778672398356,0.33518823981285095,9.864110946655273,0.3256114423274994
1778672398381,0.3064578175544739,9.77791976928711,-0.038307227194309235
1778672398395,0.47884035110473633,9.883264541625977,0.545877993106842
1778672398422,0.38307225704193115,9.864110946655273,0.363918662071228
1778672398435,0.43095630407333374,9.96945571899414,0.10534487664699554
1778672398463,0.3734954595565796,9.892841339111328,0.4118026793003082
1778672398475,0.40222588181495667,9.854534149169922,0.13407529890537262
1778672398502,0.43095630407333374,9.988609313964844,0.028730420395731926
1778672398516,0.4596867263317108,9.758766174316406,0.40222588181495667
1778672398541,0.3447650372982025,9.873687744140625,0.12449848651885986
1778672398557,0.45010992884635925,9.787496566772461,0.23942017555236816
1778672398582,0.4884171485900879,9.892841339111328,0.22026655077934265
1778672398597,0.49799394607543945,9.883264541625977,-0.45010992884635925
1778672398622,0.5171475410461426,9.950302124023438,0.20111294090747833
1778672398637,0.43095630407333374,9.797073364257812,0.10534487664699554
1778672398665,0.4596867263317108,9.816226959228516,-0.12449848651885986
1778672398675,0.43095630407333374,9.921571731567383,0.45010992884635925
1778672398702,0.40222588181495667,9.883264541625977,-0.13407529890537262
1778672398716,0.4692635238170624,9.864110946655273,0.19153612852096558
1778672398742,0.4405331015586853,9.835380554199219,0.26815059781074524
1778672398757,0.40222588181495667,9.758766174316406,0.06703764945268631
1778672398782,0.4884171485900879,9.921571731567383,0.4118026793003082
1778672398796,0.507570743560791,9.854534149169922,0.4884171485900879
1778672398822,0.47884035110473633,9.892841339111328,-0.3256114423274994
1778672398835,0.5841852426528931,9.84495735168457,0.5554547905921936
1778672398862,0.43095630407333374,9.854534149169922,0.07661445438861847
1778672398875,0.545877993106842,9.854534149169922,0.23942017555236816
1778672398902,0.5171475410461426,9.816226959228516,0.4596867263317108
1778672398915,0.3926490843296051,9.768342971801758,0.07661445438861847
1778672398942,0.5746083855628967,9.979032516479492,-0.019153613597154617
1778672398956,0.5554547905921936,9.825803756713867,0.15322890877723694
1778672398982,0.47884035110473633,9.864110946655273,-0.13407529890537262
1778672398996,0.6607996821403503,9.931148529052734,0.35434186458587646
1778672399022,0.4405331015586853,9.758766174316406,0.07661445438861847
1778672399037,0.49799394607543945,9.835380554199219,-0.038307227194309235
1778672399062,0.5746083855628967,9.940725326538086,0.3926490843296051
1778672399075,0.5554547905921936,9.77791976928711,-0.047884032130241394
1778672399115,0.47884035110473633,9.835380554199219,0.23942017555236816
1778672399118,0.3734954595565796,9.720458984375,0.49799394607543945
1778672399142,0.4884171485900879,9.825803756713867,-0.028730420395731926
1778672399157,0.3926490843296051,9.921571731567383,0.2298433631658554
1778672399182,0.507570743560791,9.892841339111328,0.22026655077934265
1778672399198,0.40222588181495667,9.864110946655273,0.0
1778672399222,0.4405331015586853,9.90241813659668,0.3734954595565796
1778672399235,0.5363011956214905,9.758766174316406,0.22026655077934265
1778672399264,0.3926490843296051,9.883264541625977,0.22026655077934265
1778672399276,0.5937620401382446,9.931148529052734,0.49799394607543945
1778672399302,0.38307225704193115,9.892841339111328,-0.181959331035614
1778672399316,0.5171475410461426,9.940725326538086,0.14365209639072418
1778672399341,0.4884171485900879,9.864110946655273,0.4118026793003082
1778672399356,0.47884035110473633,9.90241813659668,-0.038307227194309235
1778672399382,0.4213795065879822,9.892841339111328,0.40222588181495667
1778672399397,0.43095630407333374,9.864110946655273,0.24899697303771973
1778672399426,0.49799394607543945,9.959878921508789,-0.1628057211637497
1778672399435,0.5841852426528931,9.90241813659668,0.26815059781074524
1778672399464,0.5171475410461426,9.854534149169922,0.14365209639072418
1778672399476,0.49799394607543945,9.854534149169922,-0.047884032130241394
1778672399501,0.4884171485900879,9.883264541625977,0.4596867263317108
1778672399517,0.3256114423274994,9.892841339111328,-0.1149216815829277
1778672399542,0.5171475410461426,10.046070098876953,0.09576806426048279
1778672399556,0.4884171485900879,9.892841339111328,0.2777273952960968
1778672399582,0.49799394607543945,9.931148529052734,0.019153613597154617
1778672399595,0.4884171485900879,9.892841339111328,0.49799394607543945
1778672399622,0.4213795065879822,9.864110946655273,0.4692635238170624
1778672399635,0.5650315880775452,9.950302124023438,0.08619125932455063
1778672399662,0.49799394607543945,9.950302124023438,0.38307225704193115
1778672399675,0.49799394607543945,9.864110946655273,0.12449848651885986
1778672399702,0.43095630407333374,9.854534149169922,0.19153612852096558
1778672399715,0.5937620401382446,9.892841339111328,0.6320692300796509
1778672399741,0.3256114423274994,9.77791976928711,-0.1149216815829277
1778672399756,0.4118026793003082,9.816226959228516,0.2298433631658554
1778672399782,0.43095630407333374,9.816226959228516,0.15322890877723694
1778672399796,0.4596867263317108,9.950302124023438,-0.26815059781074524
1778672399822,0.6033388376235962,9.921571731567383,0.363918662071228
1778672399835,0.4596867263317108,9.682151794433594,0.2106897532939911
1778672399862,0.35434186458587646,9.77791976928711,-0.08619125932455063
1778672399875,0.40222588181495667,9.864110946655273,0.2968810200691223
1778672399902,0.43095630407333374,9.892841339111328,-0.19153612852096558
1778672399916,0.31603461503982544,9.816226959228516,-0.028730420395731926
1778672399941,0.5363011956214905,9.768342971801758,0.2585737705230713
1778672399956,0.363918662071228,9.768342971801758,-0.1628057211637497
1778672399982,0.33518823981285095,9.873687744140625,0.33518823981285095
1778672399995,0.38307225704193115,9.77791976928711,0.24899697303771973
1778672400022,0.2968810200691223,9.806650161743164,-0.047884032130241394
1778672400037,0.5650315880775452,9.768342971801758,0.2298433631658554
1778672400061,0.40222588181495667,9.883264541625977,0.028730420395731926
1778672400075,0.3926490843296051,9.959878921508789,0.05746084079146385
1778672400101,0.3926490843296051,9.768342971801758,0.5650315880775452
1778672400115,0.2585737705230713,9.835380554199219,0.15322890877723694
1778672400141,0.3447650372982025,9.90241813659668,0.1149216815829277
1778672400157,0.507570743560791,9.864110946655273,0.5746083855628967
1778672400181,0.33518823981285095,9.892841339111328,-0.3447650372982025
1778672400196,0.363918662071228,9.84495735168457,0.6703764796257019
1778672400222,0.38307225704193115,9.797073364257812,0.23942017555236816
1778672400235,0.2585737705230713,9.816226959228516,-0.1628057211637497
1778672400263,0.4884171485900879,9.988609313964844,0.45010992884635925
1778672400275,0.43095630407333374,9.768342971801758,0.181959331035614
1778672400301,0.2777273952960968,9.883264541625977,0.14365209639072418
1778672400316,0.49799394607543945,9.806650161743164,0.35434186458587646
1778672400342,0.12449848651885986,9.787496566772461,0.028730420395731926
1778672400356,0.33518823981285095,9.921571731567383,0.14365209639072418
1778672400382,0.33518823981285095,9.90241813659668,0.17238251864910126
1778672400396,0.2106897532939911,9.77791976928711,-0.06703764945268631
1778672400424,0.2585737705230713,9.883264541625977,0.3926490843296051
1778672400437,0.5171475410461426,9.816226959228516,0.07661445438861847
1778672400465,0.2585737705230713,9.90241813659668,0.019153613597154617
1778672400475,0.4405331015586853,9.873687744140625,0.4405331015586853
1778672400503,0.2777273952960968,9.883264541625977,-0.10534487664699554
1778672400515,0.23942017555236816,9.931148529052734,-0.019153613597154617
1778672400541,0.3447650372982025,9.931148529052734,0.3926490843296051
1778672400556,0.26815059781074524,9.873687744140625,0.13407529890537262
1778672400583,0.19153612852096558,9.921571731567383,0.24899697303771973
1778672400595,0.3447650372982025,9.911994934082031,0.3926490843296051
1778672400623,0.2106897532939911,9.921571731567383,-0.1628057211637497
1778672400636,0.31603461503982544,10.017339706420898,0.33518823981285095
1778672400662,0.33518823981285095,9.864110946655273,0.028730420395731926
1778672400676,0.2777273952960968,9.90241813659668,-0.05746084079146385
1778672400702,0.3926490843296051,9.921571731567383,0.47884035110473633
1778672400715,0.26815059781074524,9.873687744140625,0.08619125932455063
1778672400742,0.2968810200691223,9.911994934082031,0.10534487664699554
1778672400757,0.3447650372982025,9.854534149169922,0.26815059781074524
1778672400782,0.2777273952960968,9.998186111450195,0.1628057211637497
1778672400796,0.2585737705230713,9.873687744140625,0.19153612852096558
1778672400822,0.28730419278144836,9.825803756713867,0.2968810200691223
1778672400836,0.22026655077934265,9.892841339111328,0.019153613597154617
1778672400863,0.3256114423274994,9.892841339111328,0.26815059781074524
1778672400875,0.3734954595565796,9.825803756713867,0.06703764945268631
1778672400902,0.2777273952960968,9.864110946655273,0.05746084079146385
1778672400915,0.35434186458587646,9.883264541625977,0.5554547905921936
1778672400941,0.22026655077934265,9.768342971801758,0.047884032130241394
1778672400955,0.3256114423274994,9.940725326538086,0.17238251864910126
1778672400982,0.33518823981285095,9.739612579345703,0.17238251864910126
1778672400995,0.3256114423274994,9.825803756713867,-0.07661445438861847
1778672401022,0.38307225704193115,9.825803756713867,0.5267243981361389
1778672401035,0.38307225704193115,9.739612579345703,0.3447650372982025
1778672401062,0.31603461503982544,9.77791976928711,-0.15322890877723694
1778672401075,0.31603461503982544,9.854534149169922,0.3447650372982025
1778672401102,0.38307225704193115,9.768342971801758,0.0
1778672401116,0.24899697303771973,9.806650161743164,0.08619125932455063
1778672401141,0.3447650372982025,9.816226959228516,0.33518823981285095
1778672401155,0.33518823981285095,9.768342971801758,-0.14365209639072418
1778672401182,0.28730419278144836,9.806650161743164,0.24899697303771973
1778672401198,0.28730419278144836,9.643844604492188,0.4118026793003082
1778672401222,0.26815059781074524,9.835380554199219,-0.13407529890537262
1778672401235,0.4884171485900879,9.797073364257812,0.363918662071228
1778672401264,0.3447650372982025,9.768342971801758,0.07661445438861847
1778672401275,0.38307225704193115,9.797073364257812,0.07661445438861847
1778672401302,0.363918662071228,9.758766174316406,0.2106897532939911
1778672401315,0.33518823981285095,9.768342971801758,-0.038307227194309235
1778672401341,0.35434186458587646,9.921571731567383,-0.07661445438861847
1778672401356,0.43095630407333374,9.864110946655273,0.7086837291717529
1778672401382,0.2585737705230713,9.883264541625977,-0.09576806426048279
1778672401397,0.35434186458587646,9.883264541625977,0.5363011956214905
1778672401422,0.35434186458587646,9.883264541625977,0.3734954595565796
1778672401436,0.3064578175544739,9.84495735168457,-0.06703764945268631
1778672401462,0.45010992884635925,10.007762908935547,0.363918662071228
1778672401476,0.4692635238170624,9.883264541625977,0.3256114423274994
1778672401502,0.4118026793003082,9.854534149169922,0.0
1778672401516,0.4405331015586853,9.873687744140625,0.43095630407333374
1778672401542,0.22026655077934265,9.825803756713867,0.08619125932455063
1778672401557,0.2777273952960968,9.90241813659668,0.009576806798577309
1778672401582,0.40222588181495667,9.931148529052734,0.3734954595565796
1778672401599,0.33518823981285095,9.854534149169922,0.05746084079146385
1778672401623,0.3447650372982025,9.940725326538086,0.2585737705230713
1778672401636,0.38307225704193115,9.787496566772461,0.2106897532939911
1778672401667,0.33518823981285095,9.892841339111328,-0.10534487664699554
1778672401675,0.47884035110473633,9.911994934082031,0.2777273952960968
1778672401703,0.4884171485900879,9.90241813659668,-0.2585737705230713
1778672401715,0.4118026793003082,9.988609313964844,0.009576806798577309
1778672401742,0.4692635238170624,9.883264541625977,0.4405331015586853
1778672401756,0.38307225704193115,9.873687744140625,0.1149216815829277
1778672401782,0.2777273952960968,9.90241813659668,0.2585737705230713
1778672401795,0.4118026793003082,9.854534149169922,0.38307225704193115
1778672401822,0.3447650372982025,9.883264541625977,-0.2106897532939911
1778672401835,0.4213795065879822,9.950302124023438,0.4596867263317108
1778672401864,0.5650315880775452,9.921571731567383,0.3256114423274994
1778672401875,0.35434186458587646,9.921571731567383,-0.13407529890537262
1778672401902,0.5267243981361389,9.979032516479492,0.33518823981285095
1778672401916,0.2777273952960968,9.90241813659668,-0.1149216815829277
1778672401942,0.4884171485900879,9.959878921508789,-0.019153613597154617
1778672401957,0.4405331015586853,9.84495735168457,0.4884171485900879
1778672401982,0.35434186458587646,9.873687744140625,0.12449848651885986
1778672401997,0.43095630407333374,9.90241813659668,0.17238251864910126
1778672402022,0.43095630407333374,9.825803756713867,0.4596867263317108
1778672402037,0.363918662071228,9.825803756713867,-0.038307227194309235
1778672402062,0.5363011956214905,9.883264541625977,0.24899697303771973
1778672402075,0.545877993106842,9.835380554199219,0.28730419278144836
1778672402102,0.45010992884635925,9.854534149169922,-0.009576806798577309
1778672402116,0.6416460275650024,9.931148529052734,0.49799394607543945
1778672402142,0.43095630407333374,9.883264541625977,-0.019153613597154617
1778672402156,0.3064578175544739,9.959878921508789,0.2298433631658554
1778672402182,0.507570743560791,9.739612579345703,0.15322890877723694
1778672402195,0.38307225704193115,9.854534149169922,-0.05746084079146385
1778672402222,0.5363011956214905,9.84495735168457,0.507570743560791
1778672402235,0.47884035110473633,9.797073364257812,0.3064578175544739
1778672402264,0.40222588181495667,9.797073364257812,-0.12449848651885986
1778672402277,0.5171475410461426,9.816226959228516,0.3734954595565796
1778672402301,0.5554547905921936,9.758766174316406,0.15322890877723694
1778672402315,0.47884035110473633,9.90241813659668,-0.06703764945268631
1778672402342,0.5841852426528931,9.816226959228516,0.6416460275650024
1778672402356,0.3926490843296051,9.864110946655273,0.06703764945268631
1778672402381,0.43095630407333374,9.883264541625977,0.06703764945268631
1778672402400,0.5171475410461426,9.768342971801758,0.2968810200691223
1778672402423,0.43095630407333374,9.854534149169922,0.047884032130241394
1778672402435,0.40222588181495667,9.892841339111328,0.2106897532939911
1778672402465,0.5171475410461426,9.797073364257812,0.14365209639072418
1778672402475,0.4692635238170624,9.835380554199219,-0.009576806798577309
1778672402501,0.5650315880775452,9.84495735168457,0.15322890877723694
1778672402515,0.4884171485900879,9.787496566772461,0.009576806798577309
1778672402542,0.5267243981361389,9.797073364257812,-0.047884032130241394
1778672402556,0.43095630407333374,9.873687744140625,0.5554547905921936
1778672402582,0.4118026793003082,9.854534149169922,0.047884032130241394
1778672402596,0.38307225704193115,9.825803756713867,0.3064578175544739
1778672402623,0.4692635238170624,9.797073364257812,0.3926490843296051
1778672402635,0.33518823981285095,9.90241813659668,-0.08619125932455063
1778672402662,0.4884171485900879,9.90241813659668,0.5363011956214905
1778672402675,0.4884171485900879,9.835380554199219,0.2585737705230713
1778672402704,0.38307225704193115,9.90241813659668,0.0
1778672402715,0.507570743560791,10.007762908935547,0.2298433631658554
1778672402743,0.40222588181495667,9.816226959228516,0.12449848651885986
1778672402757,0.38307225704193115,9.950302124023438,0.10534487664699554
1778672402782,0.47884035110473633,9.911994934082031,0.38307225704193115
1778672402795,0.4213795065879822,9.883264541625977,0.09576806426048279
1778672402822,0.38307225704193115,9.96945571899414,0.23942017555236816
1778672402837,0.47884035110473633,9.940725326538086,0.3926490843296051
1778672402865,0.3064578175544739,9.835380554199219,-0.06703764945268631
1778672402875,0.507570743560791,9.911994934082031,0.3926490843296051
1778672402902,0.4405331015586853,9.911994934082031,-0.08619125932455063
1778672402916,0.45010992884635925,9.940725326538086,-0.08619125932455063
1778672402941,0.45010992884635925,9.90241813659668,0.43095630407333374
1778672402956,0.3734954595565796,9.816226959228516,-0.15322890877723694
1778672402982,0.33518823981285095,9.911994934082031,-0.06703764945268631
1778672402996,0.4213795065879822,9.816226959228516,0.23942017555236816
1778672403023,0.3734954595565796,9.931148529052734,-0.038307227194309235
1778672403036,0.40222588181495667,9.96945571899414,0.3256114423274994
1778672403065,0.4118026793003082,9.768342971801758,0.31603461503982544
1778672403075,0.33518823981285095,9.90241813659668,-0.15322890877723694
1778672403103,0.45010992884635925,9.988609313964844,0.38307225704193115
1778672403117,0.545877993106842,9.758766174316406,0.2298433631658554
1778672403142,0.40222588181495667,9.816226959228516,-0.047884032130241394
1778672403155,0.49799394607543945,9.806650161743164,0.5363011956214905
1778672403182,0.3926490843296051,9.758766174316406,0.1149216815829277
1778672403195,0.4884171485900879,9.84495735168457,0.1628057211637497
1778672403222,0.4692635238170624,9.749189376831055,0.2968810200691223
1778672403235,0.38307225704193115,9.797073364257812,0.028730420395731926
1778672403262,0.38307225704193115,9.84495735168457,0.08619125932455063
1778672403277,0.6416460275650024,9.806650161743164,0.28730419278144836
1778672403303,0.3734954595565796,9.816226959228516,-0.26815059781074524
1778672403315,0.45010992884635925,9.883264541625977,0.4118026793003082
1778672403341,0.4884171485900879,9.77791976928711,-0.047884032130241394
1778672403356,0.4118026793003082,9.84495735168457,-0.09576806426048279
1778672403382,0.6129156351089478,9.835380554199219,0.5171475410461426
1778672403396,0.3926490843296051,9.816226959228516,0.09576806426048279
1778672403422,0.35434186458587646,9.835380554199219,0.2968810200691223
1778672403437,0.45010992884635925,9.797073364257812,0.2106897532939911
1778672403464,0.2968810200691223,9.835380554199219,0.0
1778672403476,0.33518823981285095,9.825803756713867,0.4596867263317108
1778672403502,0.4596867263317108,9.864110946655273,0.363918662071228
1778672403515,0.38307225704193115,9.950302124023438,-0.181959331035614
1778672403542,0.45010992884635925,9.959878921508789,0.5171475410461426
1778672403556,0.3447650372982025,9.892841339111328,0.14365209639072418
1778672403581,0.3064578175544739,9.873687744140625,0.2106897532939911
1778672403596,0.4596867263317108,9.835380554199219,0.6512228846549988
1778672403622,0.31603461503982544,9.816226959228516,0.038307227194309235
1778672403635,0.40222588181495667,9.883264541625977,0.31603461503982544
1778672403662,0.35434186458587646,9.854534149169922,0.31603461503982544
1778672403678,0.31603461503982544,9.864110946655273,-0.20111294090747833
1778672403711,0.4596867263317108,9.892841339111328,0.26815059781074524
1778672403715,0.31603461503982544,9.787496566772461,0.06703764945268631
1778672403742,0.26815059781074524,9.854534149169922,-0.028730420395731926
1778672403756,0.4213795065879822,9.873687744140625,0.3734954595565796
1778672403782,0.3064578175544739,9.84495735168457,0.047884032130241394
1778672403796,0.24899697303771973,9.921571731567383,0.17238251864910126
1778672403823,0.2585737705230713,9.854534149169922,0.3926490843296051
1778672403836,0.31603461503982544,9.84495735168457,0.028730420395731926
1778672403863,0.26815059781074524,9.864110946655273,0.4884171485900879
1778672403875,0.3734954595565796,9.864110946655273,0.363918662071228
1778672403902,0.15322890877723694,9.864110946655273,-0.07661445438861847
1778672403916,0.3447650372982025,9.931148529052734,0.4405331015586853
1778672403941,0.363918662071228,9.873687744140625,0.181959331035614
1778672403955,0.2777273952960968,9.979032516479492,0.181959331035614
1778672403982,0.2106897532939911,9.806650161743164,0.6033388376235962
1778672403997,0.15322890877723694,9.787496566772461,0.22026655077934265
1778672404022,0.2585737705230713,9.96945571899414,0.019153613597154617
1778672404036,0.2298433631658554,9.921571731567383,0.28730419278144836
1778672404062,0.20111294090747833,9.931148529052734,-0.20111294090747833
1778672404075,0.26815059781074524,9.883264541625977,0.2777273952960968
1778672404104,0.3734954595565796,9.911994934082031,-0.07661445438861847
1778672404116,0.20111294090747833,9.873687744140625,-0.3064578175544739
1778672404142,0.33518823981285095,10.017339706420898,0.20111294090747833
1778672404157,0.2968810200691223,9.873687744140625,-0.2968810200691223
1778672404182,0.2968810200691223,9.921571731567383,0.07661445438861847
1778672404199,0.31603461503982544,9.883264541625977,0.33518823981285095
1778672404222,0.2777273952960968,9.96945571899414,-0.3064578175544739
1778672404235,0.2106897532939911,9.940725326538086,0.07661445438861847
1778672404262,0.24899697303771973,9.816226959228516,0.28730419278144836
1778672404275,0.2298433631658554,9.959878921508789,-0.12449848651885986
1778672404302,0.31603461503982544,9.931148529052734,0.43095630407333374
1778672404315,0.31603461503982544,9.787496566772461,0.40222588181495667
1778672404341,0.26815059781074524,9.816226959228516,-0.19153612852096558
1778672404356,0.38307225704193115,9.921571731567383,0.507570743560791
1778672404381,0.23942017555236816,9.787496566772461,-0.10534487664699554
1778672404395,0.2777273952960968,9.921571731567383,0.12449848651885986
1778672404424,0.3447650372982025,9.825803756713867,0.2968810200691223
1778672404437,0.24899697303771973,9.825803756713867,0.1149216815829277
1778672404464,0.33518823981285095,9.768342971801758,0.23942017555236816
1778672404478,0.4692635238170624,9.730035781860352,0.33518823981285095
1778672404502,0.3256114423274994,9.806650161743164,-0.1149216815829277
1778672404516,0.4884171485900879,9.806650161743164,0.43095630407333374
1778672404541,0.4405331015586853,9.768342971801758,0.07661445438861847
1778672404561,0.2968810200691223,9.835380554199219,-0.2298433631658554
1778672404582,0.4884171485900879,9.797073364257812,0.4884171485900879
1778672404599,0.47884035110473633,9.873687744140625,-0.08619125932455063
1778672404625,0.40222588181495667,9.835380554199219,0.38307225704193115
1778672404636,0.43095630407333374,9.77791976928711,0.26815059781074524
1778672404663,0.363918662071228,9.806650161743164,-0.09576806426048279
1778672404676,0.4118026793003082,9.84495735168457,0.4405331015586853
1778672404702,0.3256114423274994,9.749189376831055,0.363918662071228
1778672404715,0.3734954595565796,9.797073364257812,0.19153612852096558
1778672404742,0.4405331015586853,9.873687744140625,0.3734954595565796
1778672404756,0.4405331015586853,9.825803756713867,-0.038307227194309235
1778672404782,0.3256114423274994,9.921571731567383,0.06703764945268631
1778672404796,0.5650315880775452,9.883264541625977,0.7469909191131592
1778672404822,0.3256114423274994,9.864110946655273,0.07661445438861847
1778672404835,0.40222588181495667,9.940725326538086,0.09576806426048279
1778672404863,0.4596867263317108,9.835380554199219,0.2777273952960968
1778672404875,0.45010992884635925,9.931148529052734,-0.009576806798577309
1778672404901,0.5267243981361389,9.96945571899414,0.181959331035614
1778672404915,0.4596867263317108,9.797073364257812,0.3064578175544739
1778672404941,0.3447650372982025,9.864110946655273,-0.1628057211637497
1778672404957,0.5650315880775452,9.873687744140625,0.33518823981285095
1778672404982,0.5650315880775452,9.873687744140625,0.028730420395731926
1778672404996,0.38307225704193115,9.892841339111328,0.038307227194309235
1778672405022,0.49799394607543945,9.921571731567383,0.2968810200691223
1778672405035,0.33518823981285095,9.864110946655273,0.047884032130241394
1778672405062,0.3734954595565796,9.787496566772461,0.38307225704193115
1778672405076,0.5363011956214905,9.797073364257812,0.3926490843296051
1778672405101,0.2585737705230713,9.787496566772461,-0.047884032130241394
1778672405115,0.45010992884635925,9.959878921508789,0.28730419278144836
1778672405141,0.4405331015586853,9.892841339111328,0.3734954595565796
1778672405156,0.363918662071228,9.873687744140625,-0.1149216815829277
1778672405182,0.47884035110473633,9.854534149169922,0.6607996821403503
1778672405195,0.3734954595565796,9.787496566772461,0.2585737705230713
1778672405222,0.4692635238170624,9.911994934082031,0.24899697303771973
1778672405235,0.45010992884635925,9.835380554199219,0.4884171485900879
1778672405264,0.3256114423274994,9.816226959228516,0.05746084079146385
1778672405275,0.3064578175544739,9.911994934082031,0.4213795065879822
1778672405302,0.4118026793003082,9.873687744140625,0.23942017555236816
1778672405316,0.4596867263317108,9.96945571899414,0.019153613597154617
1778672405341,0.5363011956214905,9.84495735168457,0.4692635238170624
1778672405356,0.3734954595565796,9.806650161743164,0.05746084079146385
1778672405381,0.2968810200691223,9.998186111450195,-0.14365209639072418
1778672405397,0.507570743560791,9.873687744140625,0.3926490843296051
1778672405424,0.3734954595565796,9.883264541625977,0.09576806426048279
1778672405436,0.507570743560791,9.959878921508789,0.19153612852096558
1778672405466,0.3447650372982025,9.835380554199219,0.35434186458587646
1778672405475,0.2968810200691223,9.90241813659668,-0.08619125932455063
1778672405501,0.45010992884635925,10.017339706420898,0.40222588181495667
1778672405516,0.33518823981285095,9.873687744140625,0.31603461503982544
1778672405542,0.3256114423274994,9.911994934082031,-0.08619125932455063
1778672405556,0.4213795065879822,9.959878921508789,0.3734954595565796
1778672405582,0.3256114423274994,9.931148529052734,-0.07661445438861847
1778672405597,0.3734954595565796,10.055646896362305,0.009576806798577309
1778672405622,0.4596867263317108,9.892841339111328,0.33518823981285095
1778672405635,0.2298433631658554,9.921571731567383,0.028730420395731926
1778672405663,0.4213795065879822,9.873687744140625,0.13407529890537262
1778672405675,0.4596867263317108,9.84495735168457,0.40222588181495667
1778672405701,0.35434186458587646,9.864110946655273,-0.19153612852096558
1778672405716,0.507570743560791,9.950302124023438,0.3256114423274994
1778672405742,0.4692635238170624,9.90241813659668,0.038307227194309235
1778672405756,0.3926490843296051,9.90241813659668,0.038307227194309235
1778672405782,0.6320692300796509,9.883264541625977,0.3256114423274994
1778672405796,0.4692635238170624,9.84495735168457,0.06703764945268631
1778672405822,0.5171475410461426,9.911994934082031,-0.009576806798577309
1778672405835,0.45010992884635925,9.77791976928711,0.363918662071228
1778672405862,0.3447650372982025,9.854534149169922,-0.12449848651885986
1778672405875,0.3734954595565796,9.835380554199219,0.23942017555236816
1778672405903,0.47884035110473633,9.864110946655273,0.2585737705230713
1778672405916,0.38307225704193115,9.77791976928711,-0.31603461503982544
1778672405941,0.5650315880775452,9.883264541625977,0.47884035110473633
1778672405956,0.49799394607543945,9.835380554199219,0.15322890877723694
1778672405982,0.4213795065879822,9.883264541625977,0.028730420395731926
1778672405995,0.5363011956214905,9.864110946655273,0.5650315880775452
1778672406027,0.363918662071228,9.77791976928711,0.019153613597154617
1778672406035,0.5650315880775452,9.931148529052734,-0.009576806798577309
1778672406061,0.507570743560791,9.883264541625977,0.363918662071228
1778672406075,0.4884171485900879,9.854534149169922,-0.08619125932455063
1778672406102,0.45010992884635925,9.959878921508789,0.3447650372982025
1778672406115,0.5171475410461426,9.758766174316406,0.4118026793003082
1778672406142,0.47884035110473633,9.825803756713867,-0.047884032130241394
1778672406155,0.6416460275650024,9.873687744140625,0.5171475410461426
1778672406181,0.47884035110473633,9.806650161743164,0.09576806426048279
1778672406197,0.47884035110473633,9.940725326538086,0.028730420395731926
1778672406222,0.5746083855628967,9.873687744140625,0.31603461503982544
1778672406235,0.4213795065879822,9.816226959228516,0.038307227194309235
1778672406263,0.5171475410461426,9.835380554199219,0.31603461503982544
1778672406275,0.4884171485900879,9.787496566772461,0.45010992884635925
1778672406302,0.3734954595565796,9.883264541625977,-0.06703764945268631
1778672406315,0.4596867263317108,9.883264541625977,0.2968810200691223
1778672406342,0.3926490843296051,9.84495735168457,0.5267243981361389
1778672406356,0.40222588181495667,9.835380554199219,-0.12449848651885986
1778672406382,0.5267243981361389,9.825803756713867,0.5650315880775452
1778672406395,0.43095630407333374,9.883264541625977,0.1628057211637497
1778672406423,0.45010992884635925,9.854534149169922,0.17238251864910126
1778672406435,0.545877993106842,9.911994934082031,0.5841852426528931
1778672406464,0.3926490843296051,9.873687744140625,0.07661445438861847
1778672406476,0.4213795065879822,9.873687744140625,-0.047884032130241394
1778672406502,0.47884035110473633,9.768342971801758,0.5171475410461426
1778672406516,0.4213795065879822,9.883264541625977,0.12449848651885986
1778672406541,0.5650315880775452,9.90241813659668,0.4213795065879822
1778672406556,0.5363011956214905,9.90241813659668,0.24899697303771973
1778672406581,0.38307225704193115,9.883264541625977,-0.38307225704193115
1778672406600,0.6033388376235962,9.883264541625977,0.3064578175544739
1778672406625,0.4213795065879822,9.806650161743164,-0.12449848651885986
1778672406635,0.3447650372982025,9.921571731567383,-0.14365209639072418
1778672406663,0.4596867263317108,9.883264541625977,0.28730419278144836
1778672406675,0.3447650372982025,9.883264541625977,0.009576806798577309
1778672406702,0.45010992884635925,9.864110946655273,0.028730420395731926
1778672406715,0.33518823981285095,9.720458984375,0.2298433631658554
1778672406741,0.38307225704193115,9.873687744140625,-0.2106897532939911
1778672406761,0.4118026793003082,9.950302124023438,0.22026655077934265
1778672406782,0.3926490843296051,9.892841339111328,-0.05746084079146385
1778672406795,0.26815059781074524,9.96945571899414,-0.1149216815829277
1778672406825,0.40222588181495667,9.854534149169922,0.4884171485900879
1778672406835,0.2298433631658554,9.816226959228516,-0.009576806798577309
1778672406862,0.35434186458587646,9.931148529052734,0.3447650372982025
1778672406875,0.5171475410461426,9.921571731567383,0.363918662071228
1778672406904,0.22026655077934265,9.854534149169922,0.06703764945268631
1778672406917,0.4405331015586853,9.979032516479492,0.4213795065879822
1778672406942,0.38307225704193115,9.883264541625977,0.17238251864910126
1778672406956,0.33518823981285095,9.979032516479492,-0.1628057211637497
1778672406983,0.45010992884635925,9.864110946655273,0.5171475410461426
1778672406996,0.40222588181495667,9.84495735168457,0.3926490843296051
1778672407022,0.2106897532939911,9.883264541625977,-0.26815059781074524
1778672407035,0.5363011956214905,9.940725326538086,0.31603461503982544
1778672407064,0.22026655077934265,9.825803756713867,-0.12449848651885986
1778672407075,0.3926490843296051,9.787496566772461,0.33518823981285095
1778672407102,0.24899697303771973,9.739612579345703,0.363918662071228
1778672407116,0.181959331035614,9.825803756713867,0.0
1778672407142,0.3447650372982025,9.787496566772461,0.2777273952960968
1778672407156,0.31603461503982544,9.797073364257812,0.2968810200691223
1778672407181,0.33518823981285095,9.892841339111328,-0.181959331035614
1778672407196,0.4118026793003082,9.835380554199219,0.507570743560791
1778672407224,0.2777273952960968,9.787496566772461,0.08619125932455063
1778672407239,0.28730419278144836,9.950302124023438,-0.028730420395731926
1778672407263,0.3447650372982025,9.816226959228516,0.5363011956214905
1778672407276,0.2585737705230713,9.911994934082031,-0.05746084079146385
1778672407302,0.4213795065879822,9.90241813659668,0.08619125932455063
1778672407315,0.33518823981285095,9.768342971801758,0.2777273952960968
1778672407342,0.2968810200691223,9.854534149169922,-0.09576806426048279
1778672407359,0.4884171485900879,9.96945571899414,0.4884171485900879
1778672407381,0.28730419278144836,9.873687744140625,0.3447650372982025
1778672407395,0.40222588181495667,9.90241813659668,-0.13407529890537262
1778672407423,0.33518823981285095,9.84495735168457,0.15322890877723694
1778672407436,0.363918662071228,9.883264541625977,-0.009576806798577309
1778672407463,0.3256114423274994,9.84495735168457,0.12449848651885986
1778672407475,0.38307225704193115,9.911994934082031,0.31603461503982544
1778672407502,0.12449848651885986,9.825803756713867,-0.05746084079146385
1778672407515,0.3734954595565796,10.02691650390625,0.3447650372982025
1778672407541,0.26815059781074524,9.892841339111328,0.17238251864910126
1778672407557,0.181959331035614,9.940725326538086,-0.17238251864910126
1778672407581,0.40222588181495667,9.959878921508789,0.5650315880775452
1778672407596,0.28730419278144836,9.825803756713867,0.20111294090747833
1778672407623,0.2298433631658554,9.940725326538086,-0.08619125932455063
1778672407635,0.363918662071228,9.940725326538086,0.5650315880775452
1778672407662,0.23942017555236816,9.816226959228516,0.15322890877723694
1778672407675,0.2777273952960968,9.873687744140625,0.15322890877723694
1778672407702,0.2968810200691223,9.892841339111328,0.6512228846549988
1778672407716,0.23942017555236816,9.854534149169922,-0.08619125932455063
1778672407741,0.3256114423274994,9.950302124023438,0.28730419278144836
1778672407757,0.35434186458587646,9.84495735168457,0.4118026793003082
1778672407782,0.3447650372982025,9.787496566772461,-0.19153612852096558
1778672407797,0.4118026793003082,9.90241813659668,0.4692635238170624
1778672407822,0.4405331015586853,9.797073364257812,0.24899697303771973
1778672407836,0.2968810200691223,9.816226959228516,-0.05746084079146385
1778672407862,0.3447650372982025,9.749189376831055,0.2298433631658554
1778672407875,0.2777273952960968,9.892841339111328,0.13407529890537262
1778672407902,0.38307225704193115,9.90241813659668,0.22026655077934265
1778672407915,0.2968810200691223,9.797073364257812,0.40222588181495667
1778672407941,0.2777273952960968,9.84495735168457,0.13407529890537262
1778672407957,0.35434186458587646,9.825803756713867,0.43095630407333374
1778672407982,0.3064578175544739,9.825803756713867,0.6033388376235962
1778672407998,0.31603461503982544,9.873687744140625,-0.14365209639072418
1778672408022,0.49799394607543945,9.892841339111328,0.4405331015586853
1778672408036,0.24899697303771973,9.835380554199219,-0.038307227194309235
1778672408062,0.33518823981285095,9.90241813659668,0.26815059781074524
1778672408075,0.31603461503982544,9.931148529052734,0.6320692300796509
1778672408102,0.2298433631658554,9.864110946655273,0.038307227194309235
1778672408116,0.43095630407333374,9.959878921508789,0.009576806798577309
1778672408142,0.2777273952960968,9.911994934082031,0.38307225704193115
1778672408158,0.2585737705230713,9.883264541625977,-0.09576806426048279
1778672408181,0.33518823981285095,9.873687744140625,0.4692635238170624
1778672408198,0.38307225704193115,9.90241813659668,0.181959331035614
1778672408224,0.26815059781074524,9.90241813659668,-0.2968810200691223
1778672408237,0.5363011956214905,9.988609313964844,0.33518823981285095
1778672408267,0.3064578175544739,9.816226959228516,-0.2298433631658554
1778672408275,0.4213795065879822,9.931148529052734,-0.038307227194309235
1778672408304,0.40222588181495667,9.873687744140625,0.3926490843296051
1778672408316,0.2585737705230713,9.873687744140625,-0.028730420395731926
1778672408341,0.4213795065879822,9.988609313964844,0.17238251864910126
1778672408356,0.38307225704193115,9.911994934082031,0.13407529890537262
1778672408381,0.3064578175544739,9.873687744140625,-0.08619125932455063
1778672408396,0.43095630407333374,9.979032516479492,0.3926490843296051
1778672408422,0.40222588181495667,9.787496566772461,0.06703764945268631
1778672408437,0.49799394607543945,9.84495735168457,-0.1149216815829277
1778672408465,0.4692635238170624,9.883264541625977,0.3926490843296051
1778672408475,0.3256114423274994,9.892841339111328,0.06703764945268631
1778672408503,0.45010992884635925,9.835380554199219,0.17238251864910126
1778672408515,0.4596867263317108,9.84495735168457,0.5937620401382446
1778672408542,0.4405331015586853,9.921571731567383,-0.07661445438861847
1778672408559,0.5937620401382446,9.806650161743164,0.6703764796257019
1778672408581,0.4596867263317108,9.825803756713867,0.35434186458587646
1778672408596,0.4118026793003082,9.883264541625977,-0.047884032130241394
1778672408623,0.5841852426528931,9.873687744140625,0.5267243981361389
1778672408635,0.5267243981361389,9.768342971801758,0.14365209639072418
1778672408664,0.4213795065879822,9.84495735168457,0.05746084079146385
1778672408675,0.6033388376235962,9.787496566772461,0.6416460275650024
1778672408702,0.3064578175544739,9.835380554199219,0.13407529890537262
1778672408716,0.45010992884635925,9.825803756713867,0.22026655077934265
1778672408741,0.4213795065879822,9.854534149169922,0.31603461503982544
1778672408756,0.28730419278144836,9.835380554199219,-0.1628057211637497
1778672408782,0.45010992884635925,9.892841339111328,0.4884171485900879
1778672408797,0.4405331015586853,9.854534149169922,0.2968810200691223
1778672408823,0.38307225704193115,9.911994934082031,0.009576806798577309
1778672408835,0.545877993106842,9.90241813659668,0.3734954595565796
1778672408863,0.35434186458587646,9.84495735168457,0.06703764945268631
1778672408875,0.43095630407333374,9.998186111450195,0.06703764945268631
1778672408902,0.5363011956214905,9.911994934082031,0.7086837291717529
1778672408915,0.38307225704193115,9.864110946655273,0.19153612852096558
1778672408942,0.507570743560791,9.931148529052734,0.009576806798577309
1778672408956,0.43095630407333374,9.950302124023438,0.3926490843296051
1778672408982,0.38307225704193115,9.96945571899414,-0.15322890877723694
1778672408997,0.5746083855628967,9.988609313964844,0.47884035110473633
1778672409023,0.4692635238170624,9.883264541625977,0.4118026793003082
1778672409036,0.4692635238170624,9.806650161743164,-0.1628057211637497
1778672409061,0.6129156351089478,9.921571731567383,0.2298433631658554
1778672409075,0.3926490843296051,9.892841339111328,-0.07661445438861847
1778672409101,0.6416460275650024,10.017339706420898,0.14365209639072418
1778672409116,0.4884171485900879,9.892841339111328,0.24899697303771973
1778672409142,0.40222588181495667,9.950302124023438,0.15322890877723694
1778672409156,0.5171475410461426,9.883264541625977,0.2106897532939911
1778672409182,0.363918662071228,9.864110946655273,0.26815059781074524
1778672409196,0.47884035110473633,9.950302124023438,-0.09576806426048279
1778672409222,0.507570743560791,9.90241813659668,0.28730419278144836
1778672409236,0.5363011956214905,9.90241813659668,-0.08619125932455063
1778672409263,0.47884035110473633,9.883264541625977,-0.08619125932455063
1778672409275,0.5267243981361389,9.931148529052734,0.507570743560791
1778672409305,0.31603461503982544,9.816226959228516,-0.028730420395731926
1778672409315,0.43095630407333374,9.959878921508789,0.028730420395731926
1778672409342,0.507570743560791,9.864110946655273,0.43095630407333374
1778672409356,0.35434186458587646,9.835380554199219,-0.2106897532939911
1778672409382,0.47884035110473633,9.864110946655273,0.4405331015586853
1778672409396,0.4213795065879822,9.835380554199219,0.31603461503982544
1778672409423,0.3926490843296051,9.749189376831055,-0.12449848651885986
1778672409435,0.5746083855628967,9.931148529052734,0.2106897532939911
1778672409462,0.4884171485900879,9.77791976928711,0.15322890877723694
1778672409475,0.4884171485900879,9.84495735168457,0.019153613597154617
1778672409502,0.5267243981361389,9.77791976928711,0.7469909191131592
1778672409516,0.2968810200691223,9.739612579345703,0.10534487664699554
1778672409542,0.45010992884635925,9.854534149169922,0.1149216815829277
1778672409556,0.4213795065879822,9.806650161743164,0.3926490843296051
1778672409582,0.35434186458587646,9.768342971801758,-0.019153613597154617
1778672409595,0.4596867263317108,9.883264541625977,0.3064578175544739
1778672409622,0.4213795065879822,9.720458984375,0.12449848651885986
1778672409635,0.40222588181495667,9.950302124023438,0.09576806426048279
1778672409665,0.43095630407333374,9.883264541625977,0.3064578175544739
1778672409675,0.4118026793003082,9.921571731567383,0.10534487664699554
1778672409702,0.4405331015586853,9.854534149169922,0.181959331035614
1778672409715,0.49799394607543945,9.911994934082031,0.47884035110473633
1778672409741,0.33518823981285095,9.940725326538086,0.14365209639072418
1778672409757,0.49799394607543945,9.979032516479492,0.3734954595565796
1778672409781,0.3734954595565796,9.835380554199219,0.40222588181495667
1778672409797,0.35434186458587646,10.007762908935547,-0.17238251864910126
1778672409823,0.4692635238170624,9.950302124023438,0.3926490843296051
1778672409836,0.3926490843296051,9.84495735168457,0.33518823981285095
1778672409864,0.3256114423274994,9.931148529052734,-0.009576806798577309
1778672409876,0.6320692300796509,9.883264541625977,0.19153612852096558
1778672409902,0.23942017555236816,9.892841339111328,0.009576806798577309
1778672409916,0.4405331015586853,9.979032516479492,-0.05746084079146385
1778672409941,0.38307225704193115,9.84495735168457,0.22026655077934265
1778672409957,0.23942017555236816,9.959878921508789,0.019153613597154617
1778672409981,0.47884035110473633,9.96945571899414,0.23942017555236816
1778672409997,0.3926490843296051,9.797073364257812,0.2298433631658554
1778672410022,0.22026655077934265,9.883264541625977,-0.23942017555236816
1778672410036,0.5363011956214905,9.931148529052734,0.2777273952960968
1778672410062,0.35434186458587646,9.864110946655273,-0.22026655077934265
1778672410075,0.3064578175544739,9.84495735168457,-0.2298433631658554
1778672410102,0.4405331015586853,9.940725326538086,0.6991068720817566
1778672410116,0.33518823981285095,9.787496566772461,0.05746084079146385
1778672410142,0.3256114423274994,9.921571731567383,0.28730419278144836
1778672410156,0.3926490843296051,9.854534149169922,0.3256114423274994
1778672410181,0.20111294090747833,9.883264541625977,0.028730420395731926
1778672410198,0.3447650372982025,9.931148529052734,0.4213795065879822
1778672410222,0.2585737705230713,9.835380554199219,0.45010992884635925
1778672410237,0.24899697303771973,9.864110946655273,0.028730420395731926
1778672410263,0.363918662071228,9.835380554199219,0.363918662071228
1778672410275,0.363918662071228,9.883264541625977,0.06703764945268631
1778672410302,0.3256114423274994,9.883264541625977,0.22026655077934265
1778672410316,0.363918662071228,9.864110946655273,0.6416460275650024
1778672410341,0.14365209639072418,9.854534149169922,-0.08619125932455063
1778672410356,0.3734954595565796,9.90241813659668,0.10534487664699554
1778672410382,0.33518823981285095,9.835380554199219,0.45010992884635925
1778672410395,0.20111294090747833,9.911994934082031,-0.14365209639072418
1778672410422,0.4405331015586853,9.921571731567383,0.20111294090747833
1778672410435,0.38307225704193115,9.84495735168457,-0.019153613597154617
1778672410463,0.3734954595565796,9.911994934082031,-0.06703764945268631
1778672410475,0.40222588181495667,9.90241813659668,0.33518823981285095
1778672410505,0.3256114423274994,9.892841339111328,-0.06703764945268631
1778672410515,0.3064578175544739,9.931148529052734,-0.047884032130241394
1778672410541,0.3734954595565796,9.921571731567383,0.4884171485900879
1778672410555,0.2968810200691223,9.988609313964844,-0.2298433631658554
1778672410582,0.4405331015586853,9.96945571899414,0.35434186458587646
1778672410596,0.35434186458587646,9.77791976928711,0.24899697303771973
1778672410624,0.24899697303771973,9.940725326538086,-0.15322890877723694
1778672410635,0.43095630407333374,9.921571731567383,0.2585737705230713
1778672410665,0.2968810200691223,9.825803756713867,0.038307227194309235
1778672410675,0.40222588181495667,9.959878921508789,-0.09576806426048279
1778672410702,0.4596867263317108,9.90241813659668,0.507570743560791
1778672410716,0.23942017555236816,9.90241813659668,0.19153612852096558
1778672410743,0.3256114423274994,9.921571731567383,-0.019153613597154617
1778672410757,0.40222588181495667,9.931148529052734,0.4213795065879822
1778672410783,0.15322890877723694,9.701305389404297,-0.15322890877723694
1778672410796,0.38307225704193115,9.883264541625977,0.15322890877723694
1778672410824,0.4692635238170624,9.816226959228516,0.363918662071228
1778672410835,0.3064578175544739,9.84495735168457,-0.038307227194309235
1778672410863,0.5171475410461426,9.883264541625977,0.31603461503982544
1778672410876,0.3926490843296051,9.84495735168457,-0.1628057211637497
1778672410954,0.28730419278144836,9.825803756713867,0.0
1778672410954,0.4884171485900879,9.921571731567383,0.6033388376235962
1778672410954,0.2298433631658554,9.864110946655273,0.0
1778672410961,0.4405331015586853,9.892841339111328,0.09576806426048279
1778672410981,0.3447650372982025,9.77791976928711,0.3734954595565796
1778672410996,0.33518823981285095,9.90241813659668,-0.12449848651885986
1778672411021,0.4213795065879822,9.864110946655273,0.23942017555236816
1778672411036,0.38307225704193115,9.90241813659668,0.45010992884635925
1778672411063,0.3926490843296051,9.959878921508789,-0.14365209639072418
1778672411075,0.5937620401382446,9.883264541625977,0.20111294090747833
1778672411103,0.3926490843296051,9.825803756713867,0.13407529890537262
1778672411115,0.5171475410461426,9.959878921508789,0.1149216815829277
1778672411141,0.507570743560791,9.864110946655273,0.33518823981285095
1778672411156,0.2585737705230713,9.825803756713867,0.09576806426048279
1778672411182,0.5267243981361389,9.921571731567383,0.2585737705230713
1778672411196,0.4405331015586853,9.864110946655273,0.23942017555236816
1778672411222,0.26815059781074524,9.931148529052734,-0.047884032130241394
1778672411235,0.49799394607543945,9.921571731567383,0.43095630407333374
1778672411262,0.38307225704193115,9.864110946655273,0.038307227194309235
1778672411275,0.38307225704193115,9.950302124023438,0.028730420395731926
1778672411302,0.4884171485900879,9.835380554199219,0.6416460275650024
1778672411315,0.26815059781074524,9.797073364257812,0.1628057211637497
1778672411342,0.38307225704193115,9.90241813659668,0.1149216815829277
1778672411356,0.49799394607543945,9.921571731567383,0.7469909191131592
1778672411382,0.26815059781074524,9.730035781860352,0.09576806426048279
1778672411395,0.3926490843296051,9.959878921508789,0.5267243981361389
1778672411423,0.4405331015586853,9.84495735168457,0.5267243981361389
1778672411435,0.24899697303771973,9.883264541625977,0.05746084079146385
1778672411462,0.545877993106842,9.940725326538086,0.3734954595565796
1778672411475,0.4692635238170624,9.835380554199219,0.1628057211637497
1778672411502,0.363918662071228,9.931148529052734,-0.019153613597154617
1778672411515,0.545877993106842,9.959878921508789,0.2968810200691223
1778672411541,0.43095630407333374,9.854534149169922,-0.06703764945268631
1778672411557,0.40222588181495667,9.96945571899414,0.09576806426048279
1778672411581,0.40222588181495667,9.90241813659668,0.3734954595565796
1778672411598,0.2968810200691223,9.873687744140625,-0.33518823981285095
1778672411623,0.4118026793003082,9.883264541625977,0.19153612852096558
1778672411637,0.3926490843296051,9.90241813659668,0.4118026793003082
1778672411661,0.363918662071228,9.940725326538086,-0.2777273952960968
1778672411677,0.5363011956214905,9.979032516479492,0.24899697303771973
1778672411702,0.4118026793003082,9.84495735168457,-0.23942017555236816
1778672411715,0.45010992884635925,10.055646896362305,-0.10534487664699554
1778672411742,0.4118026793003082,9.911994934082031,0.35434186458587646
1778672411757,0.47884035110473633,9.959878921508789,0.019153613597154617
1778672411782,0.5267243981361389,10.007762908935547,-0.047884032130241394
1778672411798,0.5267243981361389,9.959878921508789,0.3256114423274994
1778672411822,0.35434186458587646,9.931148529052734,-0.22026655077934265
1778672411836,0.5363011956214905,10.007762908935547,0.181959331035614
1778672411862,0.47884035110473633,9.892841339111328,0.12449848651885986
1778672411876,0.3926490843296051,9.940725326538086,-0.12449848651885986
1778672411903,0.6607996821403503,9.950302124023438,0.43095630407333374
1778672411915,0.5650315880775452,9.90241813659668,-0.09576806426048279
1778672411941,0.4884171485900879,9.921571731567383,-0.1149216815829277
1778672411955,0.4884171485900879,9.911994934082031,0.2298433631658554
1778672411982,0.23942017555236816,9.758766174316406,0.038307227194309235
1778672412000,0.4596867263317108,9.940725326538086,0.2298433631658554
1778672412022,0.49799394607543945,9.84495735168457,0.35434186458587646
1778672412035,0.33518823981285095,9.854534149169922,0.12449848651885986
1778672412065,0.507570743560791,9.931148529052734,0.3256114423274994
1778672412075,0.5171475410461426,9.835380554199219,0.5937620401382446
1778672412102,0.3447650372982025,9.806650161743164,0.05746084079146385
1778672412117,0.5267243981361389,9.892841339111328,0.5841852426528931
1778672412141,0.40222588181495667,9.84495735168457,-0.12449848651885986
1778672412156,0.4213795065879822,9.84495735168457,0.2106897532939911
1778672412182,0.6033388376235962,9.806650161743164,0.45010992884635925
1778672412197,0.40222588181495667,9.77791976928711,-0.028730420395731926
1778672412223,0.5171475410461426,9.77791976928711,0.181959331035614
1778672412235,0.49799394607543945,9.797073364257812,0.4405331015586853
1778672412263,0.4118026793003082,9.816226959228516,0.019153613597154617
1778672412275,0.545877993106842,9.806650161743164,0.20111294090747833
1778672412303,0.545877993106842,9.873687744140625,0.12449848651885986
1778672412316,0.4405331015586853,9.825803756713867,0.019153613597154617
1778672412341,0.6033388376235962,9.825803756713867,0.40222588181495667
1778672412356,0.40222588181495667,9.825803756713867,-0.14365209639072418
1778672412381,0.49799394607543945,9.835380554199219,0.23942017555236816
1778672412397,0.5746083855628967,9.816226959228516,0.4118026793003082
1778672412422,0.3447650372982025,9.806650161743164,-0.2585737705230713
1778672412435,0.5363011956214905,9.873687744140625,0.3734954595565796
1778672412463,0.5171475410461426,9.835380554199219,0.40222588181495667
1778672412480,0.363918662071228,9.883264541625977,0.06703764945268631
1778672412502,0.5363011956214905,9.931148529052734,0.47884035110473633
1778672412516,0.4692635238170624,9.873687744140625,0.13407529890537262
1778672412543,0.4118026793003082,9.940725326538086,0.14365209639072418
1778672412556,0.5937620401382446,9.825803756713867,0.6033388376235962
1778672412581,0.363918662071228,9.816226959228516,0.1628057211637497
1778672412595,0.45010992884635925,9.940725326538086,0.038307227194309235
1778672412623,0.5746083855628967,9.892841339111328,0.6224924325942993
1778672412635,0.31603461503982544,9.816226959228516,-0.12449848651885986
1778672412662,0.5937620401382446,9.90241813659668,0.40222588181495667
1778672412676,0.5650315880775452,9.864110946655273,0.009576806798577309
1778672412702,0.4405331015586853,9.864110946655273,-0.05746084079146385
1778672412715,0.5650315880775452,10.007762908935547,0.1628057211637497
1778672412741,0.45010992884635925,9.959878921508789,-0.07661445438861847
1778672412755,0.4692635238170624,9.883264541625977,0.07661445438861847
1778672412782,0.5554547905921936,9.940725326538086,0.26815059781074524
1778672412796,0.38307225704193115,9.950302124023438,0.0
1778672412822,0.4405331015586853,9.921571731567383,0.19153612852096558
1778672412836,0.45010992884635925,9.90241813659668,0.4596867263317108
1778672412863,0.38307225704193115,9.883264541625977,-0.09576806426048279
1778672412877,0.507570743560791,9.959878921508789,0.3447650372982025
1778672412902,0.507570743560791,9.940725326538086,0.363918662071228
1778672412916,0.3734954595565796,9.931148529052734,-0.009576806798577309
1778672412941,0.4884171485900879,9.873687744140625,0.6224924325942993
1778672412957,0.363918662071228,9.892841339111328,0.009576806798577309
1778672412982,0.5363011956214905,9.931148529052734,0.15322890877723694
1778672412995,0.5937620401382446,9.864110946655273,0.33518823981285095
1778672413022,0.3256114423274994,9.931148529052734,-0.009576806798577309
1778672413036,0.4213795065879822,9.940725326538086,0.2777273952960968
1778672413062,0.43095630407333374,9.691728591918945,0.28730419278144836
1778672413075,0.45010992884635925,9.988609313964844,-0.3064578175544739
1778672413103,0.507570743560791,9.883264541625977,0.31603461503982544
1778672413115,0.45010992884635925,9.873687744140625,-0.038307227194309235
1778672413141,0.40222588181495667,9.959878921508789,-0.17238251864910126
1778672413155,0.49799394607543945,9.892841339111328,0.5363011956214905
1778672413182,0.3447650372982025,9.816226959228516,-0.047884032130241394
1778672413198,0.24899697303771973,10.055646896362305,0.181959331035614
1778672413222,0.47884035110473633,9.864110946655273,0.26815059781074524
1778672413238,0.28730419278144836,9.864110946655273,-0.2585737705230713
1778672413262,0.363918662071228,9.988609313964844,0.33518823981285095
1778672413276,0.3734954595565796,9.864110946655273,0.507570743560791
1778672413301,0.33518823981285095,9.959878921508789,-0.06703764945268631
1778672413315,0.38307225704193115,10.007762908935547,-0.009576806798577309
1778672413342,0.4213795065879822,9.979032516479492,-0.05746084079146385
1778672413357,0.35434186458587646,9.911994934082031,-0.14365209639072418
1778672413381,0.4118026793003082,9.959878921508789,0.43095630407333374
1778672413396,0.3734954595565796,9.892841339111328,-0.07661445438861847
1778672413422,0.28730419278144836,9.921571731567383,0.14365209639072418
1778672413436,0.35434186458587646,9.873687744140625,0.20111294090747833
1778672413464,0.17238251864910126,9.883264541625977,-0.14365209639072418
1778672413476,0.3926490843296051,9.931148529052734,0.2106897532939911
1778672413502,0.363918662071228,9.749189376831055,0.06703764945268631
1778672413516,0.35434186458587646,9.854534149169922,0.0
1778672413542,0.4884171485900879,9.835380554199219,0.4692635238170624
1778672413556,0.33518823981285095,9.90241813659668,0.07661445438861847
1778672413582,0.22026655077934265,9.90241813659668,0.12449848651885986
1778672413595,0.33518823981285095,9.84495735168457,0.545877993106842
1778672413622,0.26815059781074524,9.749189376831055,-0.009576806798577309
1778672413635,0.3256114423274994,9.749189376831055,0.4405331015586853
1778672413664,0.26815059781074524,9.816226959228516,0.6033388376235962
1778672413675,0.26815059781074524,9.883264541625977,-0.13407529890537262
1778672413701,0.38307225704193115,9.883264541625977,0.5937620401382446
1778672413716,0.33518823981285095,9.672574996948242,0.40222588181495667
1778672413742,0.2968810200691223,9.77791976928711,-0.028730420395731926
1778672413756,0.49799394607543945,9.749189376831055,0.727837324142456
1778672413782,0.2298433631658554,9.806650161743164,0.181959331035614
1778672413797,0.33518823981285095,9.883264541625977,-0.019153613597154617
1778672413822,0.4213795065879822,9.758766174316406,0.3447650372982025
1778672413836,0.26815059781074524,9.758766174316406,0.09576806426048279
1778672413863,0.2298433631658554,9.84495735168457,0.26815059781074524
1778672413875,0.3734954595565796,9.806650161743164,0.3734954595565796
1778672413905,0.26815059781074524,9.84495735168457,-0.09576806426048279
1778672413915,0.2968810200691223,9.931148529052734,0.3447650372982025
1778672413942,0.3926490843296051,9.892841339111328,0.019153613597154617
1778672413956,0.2968810200691223,9.854534149169922,0.07661445438861847
1778672413982,0.3734954595565796,9.921571731567383,0.28730419278144836
1778672413997,0.2968810200691223,9.873687744140625,0.028730420395731926
1778672414023,0.24899697303771973,9.835380554199219,0.26815059781074524
1778672414037,0.4213795065879822,9.864110946655273,0.22026655077934265
1778672414062,0.2968810200691223,9.950302124023438,0.0
1778672414076,0.4213795065879822,9.96945571899414,0.20111294090747833
1778672414102,0.4596867263317108,9.883264541625977,0.3064578175544739
1778672414116,0.28730419278144836,9.931148529052734,-0.07661445438861847
1778672414141,0.5171475410461426,9.911994934082031,0.4213795065879822
1778672414156,0.3926490843296051,9.892841339111328,-0.019153613597154617
1778672414182,0.23942017555236816,9.96945571899414,0.10534487664699554
1778672414196,0.40222588181495667,9.959878921508789,0.545877993106842
1778672414222,0.2777273952960968,9.959878921508789,-0.2106897532939911
1778672414237,0.363918662071228,9.921571731567383,0.1628057211637497
1778672414262,0.4118026793003082,9.806650161743164,0.47884035110473633
1778672414276,0.2106897532939911,9.883264541625977,-0.23942017555236816
1778672414302,0.4596867263317108,10.036493301391602,0.4118026793003082
1778672414315,0.507570743560791,9.835380554199219,0.07661445438861847
1778672414341,0.3734954595565796,9.931148529052734,-0.13407529890537262
1778672414356,0.5363011956214905,9.873687744140625,0.40222588181495667
1778672414382,0.43095630407333374,9.854534149169922,0.1149216815829277
1778672414398,0.363918662071228,9.931148529052734,-0.22026655077934265
1778672414422,0.507570743560791,10.017339706420898,0.6416460275650024
1778672414435,0.3064578175544739,9.768342971801758,-0.05746084079146385
1778672414462,0.3926490843296051,9.892841339111328,0.28730419278144836
1778672414475,0.4692635238170624,9.825803756713867,0.4405331015586853
1778672414502,0.38307225704193115,9.816226959228516,-0.05746084079146385
1778672414515,0.4692635238170624,9.90241813659668,0.23942017555236816
1778672414542,0.5363011956214905,9.825803756713867,0.08619125932455063
1778672414557,0.4692635238170624,9.864110946655273,-0.12449848651885986
1778672414583,0.49799394607543945,9.90241813659668,0.33518823981285095
1778672414597,0.4118026793003082,9.883264541625977,0.2106897532939911
1778672414623,0.3926490843296051,9.825803756713867,0.14365209639072418
1778672414635,0.545877993106842,9.873687744140625,0.2968810200691223
1778672414663,0.33518823981285095,9.825803756713867,-0.1149216815829277
1778672414675,0.35434186458587646,9.864110946655273,0.019153613597154617
1778672414702,0.4596867263317108,9.825803756713867,0.45010992884635925
1778672414716,0.363918662071228,9.84495735168457,-0.009576806798577309
1778672414741,0.6033388376235962,9.864110946655273,0.545877993106842
1778672414756,0.43095630407333374,9.940725326538086,-0.15322890877723694
1778672414782,0.45010992884635925,9.959878921508789,0.047884032130241394
1778672414795,0.545877993106842,9.911994934082031,0.35434186458587646
1778672414822,0.3926490843296051,9.816226959228516,0.06703764945268631
1778672414835,0.363918662071228,9.864110946655273,0.2968810200691223
1778672414865,0.33518823981285095,9.835380554199219,0.3256114423274994
1778672414875,0.33518823981285095,9.911994934082031,-0.1149216815829277
1778672414902,0.4405331015586853,10.017339706420898,0.5267243981361389
1778672414916,0.4692635238170624,9.892841339111328,0.4405331015586853
1778672414941,0.2777273952960968,9.768342971801758,-0.1628057211637497
1778672414958,0.6129156351089478,9.998186111450195,0.4884171485900879
1778672414981,0.3447650372982025,9.797073364257812,-0.05746084079146385
1778672414996,0.40222588181495667,9.931148529052734,0.19153612852096558
1778672415022,0.5650315880775452,9.864110946655273,0.40222588181495667
1778672415035,0.35434186458587646,9.816226959228516,0.05746084079146385
1778672415062,0.33518823981285095,9.921571731567383,0.3256114423274994
1778672415077,0.545877993106842,9.854534149169922,0.45010992884635925
1778672415101,0.3734954595565796,9.835380554199219,0.019153613597154617
1778672415116,0.4596867263317108,9.921571731567383,0.1628057211637497
1778672415141,0.5650315880775452,9.835380554199219,0.05746084079146385
1778672415157,0.35434186458587646,9.825803756713867,-0.17238251864910126
1778672415182,0.5841852426528931,9.940725326538086,0.3926490843296051
1778672415195,0.45010992884635925,9.787496566772461,0.15322890877723694
1778672415222,0.35434186458587646,9.768342971801758,0.13407529890537262
1778672415237,0.47884035110473633,9.873687744140625,0.6512228846549988
1778672415263,0.2585737705230713,9.77791976928711,-0.15322890877723694
1778672415275,0.4405331015586853,9.96945571899414,0.363918662071228
1778672415302,0.47884035110473633,9.739612579345703,0.2968810200691223
1778672415315,0.40222588181495667,9.797073364257812,0.14365209639072418
1778672415342,0.5363011956214905,9.921571731567383,0.5171475410461426
1778672415357,0.4213795065879822,9.854534149169922,0.2968810200691223
1778672415382,0.45010992884635925,9.864110946655273,-0.13407529890537262
1778672415395,0.5554547905921936,9.854534149169922,0.507570743560791
1778672415422,0.43095630407333374,9.921571731567383,-0.028730420395731926
1778672415436,0.5650315880775452,9.940725326538086,0.10534487664699554
1778672415462,0.6033388376235962,9.825803756713867,0.45010992884635925
1778672415477,0.3734954595565796,9.892841339111328,-0.23942017555236816
1778672415502,0.545877993106842,9.873687744140625,0.24899697303771973
1778672415516,0.5267243981361389,9.873687744140625,0.3734954595565796
1778672415541,0.49799394607543945,9.911994934082031,-0.1149216815829277
1778672415558,0.7182605266571045,9.950302124023438,0.363918662071228
1778672415581,0.6703764796257019,9.892841339111328,-0.05746084079146385
1778672415595,0.5363011956214905,9.96945571899414,-0.07661445438861847
1778672415622,0.6512228846549988,9.921571731567383,0.4213795065879822
1778672415636,0.5267243981361389,9.883264541625977,0.009576806798577309
1778672415663,0.4692635238170624,9.90241813659668,0.06703764945268631
1778672415675,0.6224924325942993,9.84495735168457,0.4213795065879822
1778672415701,0.5554547905921936,9.864110946655273,-0.1149216815829277
1778672415715,0.49799394607543945,9.940725326538086,0.3447650372982025
1778672415741,0.7469909191131592,9.911994934082031,0.22026655077934265
1778672415756,0.4118026793003082,9.854534149169922,-0.2298433631658554
1778672415782,0.6799532771110535,9.873687744140625,0.5363011956214905
1778672415795,0.5171475410461426,9.84495735168457,-0.1149216815829277
1778672415822,0.5650315880775452,9.873687744140625,0.028730420395731926
1778672415835,0.545877993106842,9.988609313964844,0.2968810200691223
1778672415862,0.3926490843296051,9.931148529052734,-0.009576806798577309
1778672415875,0.5171475410461426,9.816226959228516,0.06703764945268631
1778672415903,0.507570743560791,9.77791976928711,0.23942017555236816
1778672415915,0.45010992884635925,9.825803756713867,-0.028730420395731926
1778672415943,0.5554547905921936,9.816226959228516,0.43095630407333374
1778672415956,0.5171475410461426,9.797073364257812,0.181959331035614
1778672415982,0.38307225704193115,9.787496566772461,-0.20111294090747833
1778672415997,0.5937620401382446,9.911994934082031,0.3064578175544739
1778672416023,0.45010992884635925,9.911994934082031,-0.047884032130241394
1778672416036,0.3734954595565796,9.787496566772461,0.12449848651885986
1778672416065,0.4692635238170624,9.854534149169922,0.6512228846549988
1778672416075,0.2968810200691223,9.883264541625977,-0.10534487664699554
1778672416102,0.35434186458587646,9.911994934082031,0.4692635238170624
1778672416115,0.47884035110473633,9.806650161743164,0.4213795065879822
1778672416141,0.3447650372982025,9.84495735168457,0.1149216815829277
1778672416156,0.47884035110473633,9.864110946655273,0.4405331015586853
1778672416182,0.4884171485900879,9.787496566772461,0.3734954595565796
1778672416197,0.2968810200691223,9.892841339111328,-0.047884032130241394
1778672416222,0.47884035110473633,9.959878921508789,0.507570743560791
1778672416235,0.3734954595565796,9.883264541625977,0.20111294090747833
1778672416263,0.3064578175544739,9.959878921508789,0.06703764945268631
1778672416278,0.3926490843296051,9.816226959228516,0.507570743560791
1778672416303,0.3256114423274994,9.806650161743164,0.15322890877723694
1778672416316,0.31603461503982544,9.940725326538086,0.31603461503982544
1778672416342,0.507570743560791,9.979032516479492,0.047884032130241394
1778672416356,0.33518823981285095,9.96945571899414,-0.08619125932455063
1778672416382,0.4405331015586853,9.998186111450195,0.28730419278144836
1778672416395,0.3926490843296051,9.883264541625977,0.06703764945268631
1778672416422,0.28730419278144836,9.931148529052734,0.13407529890537262
1778672416435,0.3447650372982025,9.931148529052734,0.28730419278144836
1778672416462,0.2968810200691223,9.921571731567383,0.0
1778672416475,0.28730419278144836,9.90241813659668,0.1149216815829277
1778672416501,0.363918662071228,9.84495735168457,0.363918662071228
1778672416515,0.2777273952960968,9.883264541625977,-0.1149216815829277
1778672416541,0.3447650372982025,9.979032516479492,0.5554547905921936
1778672416557,0.38307225704193115,9.90241813659668,0.12449848651885986
1778672416581,0.31603461503982544,9.84495735168457,0.028730420395731926
1778672416596,0.4213795065879822,9.988609313964844,0.4213795065879822
1778672416623,0.31603461503982544,9.892841339111328,-0.05746084079146385
1778672416635,0.3926490843296051,9.921571731567383,0.22026655077934265
1778672416664,0.49799394607543945,9.883264541625977,0.40222588181495667
1778672416675,0.3447650372982025,9.873687744140625,-0.2585737705230713
1778672416702,0.4692635238170624,9.931148529052734,0.2585737705230713
1778672416715,0.3447650372982025,9.835380554199219,0.363918662071228
1778672416741,0.2777273952960968,9.873687744140625,0.009576806798577309
1778672416756,0.5171475410461426,9.854534149169922,0.38307225704193115
1778672416782,0.4213795065879822,9.806650161743164,0.08619125932455063
1778672416795,0.4118026793003082,9.739612579345703,-0.19153612852096558
1778672416822,0.4405331015586853,9.979032516479492,0.3926490843296051
1778672416835,0.47884035110473633,9.787496566772461,-0.15322890877723694
1778672416862,0.4118026793003082,9.806650161743164,0.17238251864910126
1778672416876,0.4213795065879822,9.806650161743164,0.507570743560791
1778672416903,0.3734954595565796,9.758766174316406,-0.1628057211637497
1778672416916,0.4405331015586853,9.873687744140625,0.12449848651885986
1778672416942,0.3064578175544739,9.825803756713867,0.35434186458587646
1778672416956,0.33518823981285095,9.84495735168457,-0.1149216815829277
1778672416982,0.47884035110473633,9.950302124023438,0.33518823981285095
1778672416997,0.4692635238170624,9.739612579345703,0.15322890877723694
1778672417022,0.2968810200691223,9.816226959228516,0.05746084079146385
1778672417036,0.3256114423274994,9.873687744140625,0.43095630407333374
1778672417062,0.3256114423274994,9.864110946655273,-0.1628057211637497
1778672417076,0.3256114423274994,9.835380554199219,-0.038307227194309235
1778672417102,0.33518823981285095,9.787496566772461,0.33518823981285095
1778672417117,0.24899697303771973,9.758766174316406,-0.1149216815829277
1778672417143,0.40222588181495667,9.787496566772461,0.3734954595565796
1778672417156,0.33518823981285095,9.758766174316406,-0.05746084079146385
1778672417182,0.35434186458587646,9.84495735168457,-0.07661445438861847
1778672417196,0.38307225704193115,9.787496566772461,0.2106897532939911
1778672417222,0.38307225704193115,9.739612579345703,0.09576806426048279
1778672417235,0.45010992884635925,9.911994934082031,0.019153613597154617
1778672417262,0.40222588181495667,9.835380554199219,0.6320692300796509
1778672417275,0.22026655077934265,9.806650161743164,-0.019153613597154617
1778672417302,0.2968810200691223,9.940725326538086,0.4118026793003082
1778672417315,0.3064578175544739,9.701305389404297,0.4692635238170624
1778672417341,0.33518823981285095,9.816226959228516,-0.047884032130241394
1778672417357,0.40222588181495667,9.864110946655273,0.4692635238170624
1778672417382,0.4213795065879822,9.825803756713867,0.40222588181495667
1778672417396,0.181959331035614,9.84495735168457,-0.15322890877723694
1778672417422,0.4596867263317108,9.883264541625977,0.727837324142456
1778672417437,0.363918662071228,9.864110946655273,0.19153612852096558
1778672417462,0.4118026793003082,9.940725326538086,0.2106897532939911
1778672417475,0.4118026793003082,9.816226959228516,0.5650315880775452
1778672417502,0.363918662071228,9.864110946655273,0.23942017555236816
1778672417516,0.2968810200691223,9.835380554199219,0.20111294090747833
1778672417541,0.4118026793003082,9.892841339111328,0.4405331015586853
1778672417556,0.28730419278144836,9.921571731567383,-0.22026655077934265
1778672417582,0.5554547905921936,9.96945571899414,0.5363011956214905
1778672417596,0.49799394607543945,9.835380554199219,0.2585737705230713
1778672417624,0.35434186458587646,9.873687744140625,-0.038307227194309235
1778672417636,0.4596867263317108,9.979032516479492,0.3734954595565796
1778672417662,0.363918662071228,9.940725326538086,-0.181959331035614
1778672417677,0.4213795065879822,9.950302124023438,0.33518823981285095
1778672417702,0.33518823981285095,9.864110946655273,0.3734954595565796
1778672417715,0.40222588181495667,9.873687744140625,0.009576806798577309
1778672417742,0.4692635238170624,9.921571731567383,0.43095630407333374
1778672417757,0.4213795065879822,9.921571731567383,0.40222588181495667
1778672417782,0.3734954595565796,9.959878921508789,-0.019153613597154617
1778672417799,0.5171475410461426,9.959878921508789,0.4405331015586853
1778672417822,0.5554547905921936,9.959878921508789,0.43095630407333374
1778672417835,0.545877993106842,10.017339706420898,0.009576806798577309
1778672417863,0.4884171485900879,9.873687744140625,0.6320692300796509
1778672417875,0.4118026793003082,9.873687744140625,-0.06703764945268631